Date,Temperature,Oxygen,PH
2012-05-05,,246.131111111111,
2012-05-06,,241.868888888889,
2012-05-07,,242.891176470588,
2012-05-08,,242.289375,
2012-05-09,,239.738823529412,
2012-05-10,,237.216111111111,
2012-05-11,,235.428235294118,
2012-05-12,19.6416666666667,234.906666666667,
2012-05-13,19.9625,233.646315789474,
2012-05-14,19.6795652173913,233.608125,
2012-05-15,19.6066666666667,231.8955,
2012-05-16,19.5970833333333,234.025,
2012-05-17,19.53875,234.358333333333,
2012-05-18,19.4779166666667,,
2012-05-19,19.5754166666667,235.5125,
2012-05-20,19.6865217391304,236.855714285714,
2012-05-21,19.6507142857143,236.618461538462,
2012-05-22,17.8414285714286,242.372608695652,
2012-05-23,18.1141666666667,241.525833333333,
2012-05-24,18.6416666666667,240.217083333333,
2012-05-25,19.3229166666667,237.9,
2012-05-26,19.5754166666667,235.57125,
2012-05-27,19.7083333333333,235.623333333333,
2012-05-28,20.2275,232.755416666667,
2012-05-29,20.79875,229.21875,
2012-05-30,21.3091666666667,227.443333333333,
2012-05-31,21.6741666666667,227.962916666667,
2012-06-01,21.9316666666667,231.357916666667,
2012-06-02,22.3570833333333,231.594583333333,
2012-06-03,22.375,225.517916666667,
2012-06-04,22.56,221.507916666667,
2012-06-05,22.72125,218.409583333333,
2012-06-06,23.1083333333333,216.985416666667,
2012-06-07,23.4108333333333,219.60875,
2012-06-08,23.79,218.505833333333,
2012-06-09,23.39875,220.479583333333,
2012-06-10,23.2258333333333,216.83625,
2012-06-11,23.47,216.510833333333,
2012-06-12,23.6733333333333,218.061666666667,
2012-06-13,23.4641666666667,216.370416666667,
2012-06-14,23.5220833333333,216.415833333333,
2012-06-15,23.4204166666667,216.510833333333,
2012-06-16,23.8195833333333,217.05625,
2012-06-17,23.7829166666667,215.433333333333,
2012-06-18,24.2083333333333,218.614583333333,
2012-06-19,24.3075,220.135,
2012-06-20,24.6516666666667,216.445833333333,
2012-06-21,24.9275,216.928333333333,
2012-06-22,24.7975,215.132083333333,
2012-06-23,24.7420833333333,216.612916666667,
2012-06-24,24.5079166666667,213.8675,
2012-06-25,24.9433333333333,215.548333333333,
2012-06-26,25.4079166666667,216.375,
2012-06-27,25.6104166666667,214.392916666667,
2012-06-28,25.8016666666667,211.564166666667,
2012-06-29,26.42125,207.81,
2012-06-30,26.5483333333333,209.747083333333,
2012-07-01,26.2733333333333,212.006666666667,
2012-07-02,25.655,212.58375,
2012-07-03,25.6679166666667,212.185833333333,
2012-07-04,25.5329166666667,210.13875,
2012-07-05,25.76375,212.276666666667,
2012-07-06,25.69625,211.325416666667,
2012-07-07,25.5808333333333,207.688333333333,
2012-07-08,25.8283333333333,210.428333333333,
2012-07-09,26.1125,209.383333333333,
2012-07-10,26.28375,204.786666666667,
2012-07-11,26.44,204.320416666667,
2012-07-12,26.3141666666667,204.235833333333,
2012-07-13,26.3445833333333,203.575,
2012-07-14,26.42,204.935,
2012-07-15,26.2116666666667,204.799583333333,
2012-07-16,26.1466666666667,204.184583333333,
2012-07-17,26.1175,205.506666666667,
2012-07-18,26.07875,205.256666666667,
2012-07-19,26.3908333333333,204.960416666667,
2012-07-20,26.5391666666667,207.585833333333,
2012-07-21,26.3258333333333,204.465833333333,
2012-07-22,25.9991666666667,204.5375,
2012-07-23,25.9154166666667,204.665,
2012-07-24,25.89875,204.479166666667,
2012-07-25,25.9195833333333,206.16625,
2012-07-26,25.9729166666667,207.746666666667,
2012-07-27,26.035,206.63625,
2012-07-28,26.2429166666667,204.7425,
2012-07-29,26.3254166666667,204.325833333333,
2012-07-30,26.535,204.3125,
2012-07-31,26.7966666666667,203.735,
2012-08-01,27.0333333333333,204.144583333333,
2012-08-02,27.1770833333333,202.677083333333,
2012-08-03,27.0720833333333,203.209166666667,
2012-08-04,27.2545833333333,202.90125,
2012-08-05,27.25125,201.887916666667,
2012-08-06,27.15,201.189583333333,
2012-08-07,26.8308333333333,202.36375,
2012-08-08,26.9870833333333,201.183333333333,
2012-08-09,26.8875,200.882083333333,
2012-08-10,26.9625,201.099166666667,
2012-08-11,27.21,200.264583333333,
2012-08-12,27.4620833333333,200.312083333333,
2012-08-13,27.4516666666667,200.727083333333,
2012-08-14,27.3933333333333,201.087083333333,
2012-08-15,27.3770833333333,200.8125,
2012-08-16,27.4416666666667,200.407083333333,
2012-08-17,27.6454166666667,199.62375,
2012-08-18,27.7375,199.470416666667,
2012-08-19,27.6666666666667,199.669166666667,
2012-08-20,27.8541666666667,199.2,
2012-08-21,28.0925,198.37375,
2012-08-22,28.2970833333333,198.34125,
2012-08-23,28.2166666666667,198.1225,
2012-08-24,28.1416666666667,197.500416666667,
2012-08-25,28.4429166666667,197.000416666667,
2012-08-26,28.1725,197.59125,
2012-08-27,27.8166666666667,198.071666666667,
2012-08-28,27.82375,198.167916666667,
2012-08-29,27.91875,197.948333333333,
2012-08-30,28.1016666666667,198.25625,
2012-08-31,27.6733333333333,198.667916666667,
2012-09-01,27.17875,198.571666666667,
2012-09-02,26.935,198.99625,
2012-09-03,26.675,196.655,
2012-09-04,,201.00375,
2012-09-05,26.6725,199.47,
2012-09-06,26.52875,200.7925,
2012-09-07,26.4716666666667,202.395416666667,
2012-09-08,26.5416666666667,201.560416666667,
2012-09-09,26.5766666666667,201.947083333333,
2012-09-10,26.4466666666667,202.414166666667,
2012-09-11,26.4808333333333,202.733333333333,
2012-09-12,26.5170833333333,203.17,
2012-09-13,26.2866666666667,203.689583333333,
2012-09-14,26.135,204.831666666667,
2012-09-15,25.9495833333333,204.486666666667,
2012-09-16,26.1820833333333,200.04625,
2012-09-17,26.1675,205.07625,
2012-09-18,25.9416666666667,205.019583333333,
2012-09-19,25.7354166666667,205.88375,
2012-09-20,25.6929166666667,206.352916666667,
2012-09-21,25.6625,204.84,
2012-09-22,25.6233333333333,203.67125,
2012-09-23,25.68,203.652916666667,
2012-09-24,25.5541666666667,202.170416666667,
2012-09-25,25.405,200.29875,
2012-09-26,24.9725,205.505416666667,
2012-09-27,24.7620833333333,204.23625,
2012-09-28,24.4591666666667,206.64875,
2012-09-29,24.33625,203.305,
2012-09-30,24.1633333333333,200.034166666667,
2012-10-01,24.0516666666667,203.152916666667,
2012-10-02,23.9820833333333,206.135,
2012-10-03,24.0404166666667,209.009166666667,
2012-10-04,23.99375,209.15,
2012-10-05,23.8708333333333,210.9925,
2012-10-06,23.6620833333333,214.900833333333,
2012-10-07,23.6583333333333,214.142916666667,
2012-10-08,23.77875,213.8025,
2012-10-09,23.91875,212.730833333333,
2012-10-10,23.9791666666667,213.93125,
2012-10-11,23.8816666666667,214.296666666667,
2012-10-12,23.79375,213.534166666667,
2012-10-13,23.545,211.871666666667,
2012-10-14,23.34625,214.675,
2012-10-15,23.1954166666667,213.245416666667,
2012-10-16,23.0245833333333,215.09875,
2012-10-17,22.9695833333333,215.702083333333,
2012-10-18,22.8604166666667,217.345416666667,
2012-10-19,22.74875,217.69125,
2012-10-20,22.775,216.83875,
2012-10-21,22.7175,216.446666666667,
2012-10-22,22.61,215.457916666667,
2012-10-23,22.4966666666667,212.705833333333,
2012-10-24,22.31375,216.644166666667,
2012-10-25,22.1508333333333,218.384166666667,
2012-10-26,22.2041666666667,218.65375,
2012-10-27,22.0275,215.76625,
2012-10-28,20.6116666666667,225.19125,
2012-10-29,19.7008333333333,233.62875,
2012-10-30,20.0404166666667,230.94,
2012-10-31,20.3091666666667,227.718333333333,
2012-11-01,20.02125,226.435,
2012-11-02,19.7570833333333,227.058333333333,
2012-11-03,19.5933333333333,229.362083333333,
2012-11-04,19.3904166666667,232.248333333333,
2012-11-05,19.2108333333333,231.927916666667,
2012-11-06,19.0716666666667,233.28125,
2012-11-07,18.875,233.742083333333,
2012-11-08,18.9091666666667,234.283333333333,
2012-11-09,18.9370833333333,234.430833333333,
2012-11-10,18.9308333333333,233.410416666667,
2012-11-11,18.8679166666667,232.550833333333,
2012-11-12,18.7070833333333,233.018333333333,
2012-11-13,18.3995833333333,234.1875,
2012-11-14,18.2979166666667,234.109166666667,
2012-11-15,18.6579166666667,233.552083333333,
2012-11-16,18.7191666666667,234.775833333333,
2012-11-17,18.7608333333333,234.429583333333,
2012-11-18,18.745,234.35875,
2012-11-19,18.6541666666667,234.623333333333,
2012-11-20,18.6045833333333,235.090416666667,
2012-11-21,18.5354166666667,236.7575,
2012-11-22,18.5033333333333,236.110416666667,
2012-11-23,18.6325,235.18,
2012-11-24,18.67625,235.609166666667,
2012-11-25,18.8091666666667,234.890416666667,
2012-11-26,18.7458333333333,235.210416666667,
2012-11-27,18.6191666666667,235.449583333333,
2012-11-28,18.3241666666667,234.846666666667,
2012-11-29,17.9129166666667,238.277916666667,
2012-11-30,17.5520833333333,237.778333333333,
2012-12-01,17.10375,237.695,
2012-12-02,16.9725,237.771666666667,
2012-12-03,16.7733333333333,239.093333333333,
2012-12-04,16.665,240.229166666667,
2012-12-05,16.6433333333333,240.107083333333,
2012-12-06,16.5225,241.647916666667,
2012-12-07,16.3679166666667,242.341666666667,
2012-12-08,16.35875,244.57875,
2012-12-09,16.21625,244.618333333333,
2012-12-10,16.2633333333333,245.433333333333,
2012-12-11,16.1670833333333,244.67625,
2012-12-12,16.1304166666667,244.810833333333,
2012-12-13,16.205,245.376666666667,
2012-12-14,16.1445833333333,244.991666666667,
2012-12-15,16.0820833333333,247.21125,
2012-12-16,16.085,247.3325,
2012-12-17,16.0625,246.30625,
2012-12-18,,247.775416666667,
2012-12-19,,247.475454545455,
2012-12-20,,249.385,
2012-12-21,,248.847083333333,
2012-12-22,,247.774583333333,
2012-12-23,,247.345,
2012-12-24,,247.75652173913,
2012-12-25,,247.267916666667,
2012-12-26,,248.62875,
2012-12-27,,247.601666666667,
2012-12-28,,247.64625,
2012-12-29,,247.685,
2012-12-30,,248.539166666667,
2012-12-31,,248.1225,
2013-01-01,15.89375,249.59125,
2013-01-02,15.7941666666667,249.500833333333,
2013-01-03,15.77875,250.149583333333,
2013-01-04,15.7429166666667,250.3925,
2013-01-05,15.6275,251.642916666667,
2013-01-06,15.53125,251.5925,
2013-01-07,15.4733333333333,251.971666666667,
2013-01-08,15.4366666666667,252.104583333333,
2013-01-09,15.4475,251.944166666667,
2013-01-10,15.465,252.163333333333,
2013-01-11,15.28875,252.64375,
2013-01-12,15.2358333333333,252.86875,
2013-01-13,15.1383333333333,253.933333333333,
2013-01-14,15.1129166666667,252.83,
2013-01-15,14.9366666666667,253.22125,
2013-01-16,14.86625,252.841666666667,
2013-01-17,14.7279166666667,251.67375,
2013-01-18,14.51875,251.297083333333,
2013-01-19,14.50875,250.848333333333,
2013-01-20,14.3825,250.0925,
2013-01-21,14.3154166666667,250.560416666667,
2013-01-22,14.26,253.335833333333,
2013-01-23,14.0795833333333,255.017083333333,
2013-01-24,13.9554166666667,255.46625,
2013-01-25,13.77875,254.824166666667,
2013-01-26,13.6383333333333,256.115,
2013-01-27,13.6183333333333,254.029583333333,
2013-01-28,13.5375,257.52625,
2013-01-29,13.97625,259.81875,
2013-01-30,14.1554166666667,260.337916666667,
2013-01-31,14.43,259.785416666667,
2013-02-01,14.3883333333333,260.971666666667,
2013-02-02,14.1658333333333,262.0175,
2013-02-03,13.8116666666667,258.732083333333,
2013-02-04,13.5866666666667,262.6025,
2013-02-05,13.5995833333333,264.000833333333,
2013-02-06,13.6466666666667,262.877916666667,
2013-02-07,13.37625,266.169166666667,
2013-02-08,13.4095833333333,264.1675,
2013-02-09,13.356,264.394,
2013-02-10,,,
2013-02-11,13.5142857142857,265.881428571429,
2013-02-12,13.2679166666667,267.291666666667,
2013-02-13,13.19,267.25375,
2013-02-14,13.22,268.55625,
2013-02-15,13.5304166666667,264.834583333333,
2013-02-16,13.7145833333333,265.135833333333,
2013-02-17,13.7420833333333,265.052916666667,
2013-02-18,13.82,265.226666666667,
2013-02-19,13.75875,267.195833333333,
2013-02-20,13.7854166666667,266.336666666667,
2013-02-21,13.7641666666667,267.259583333333,
2013-02-22,13.7866666666667,269.575416666667,
2013-02-23,13.665,267.548333333333,
2013-02-24,13.4708333333333,266.766666666667,
2013-02-25,13.4404166666667,265.457083333333,
2013-02-26,13.1233333333333,267.521666666667,
2013-02-27,13.1154166666667,266.969583333333,
2013-02-28,13.0558333333333,268.02875,
2013-03-01,13.2216666666667,268.457916666667,
2013-03-02,13.2979166666667,268.0225,
2013-03-03,13.4820833333333,267.17625,
2013-03-04,13.4133333333333,269.434166666667,
2013-03-05,13.4858333333333,269.652083333333,
2013-03-06,13.6095833333333,267.830416666667,
2013-03-07,13.7683333333333,267.772083333333,
2013-03-08,14.00625,267.31,
2013-03-09,13.925,268.580416666667,
2013-03-10,13.8358333333333,270.2175,
2013-03-11,13.9116666666667,269.222083333333,
2013-03-12,13.6841666666667,268.60625,
2013-03-13,13.6225,268.515416666667,
2013-03-14,13.439375,267.6575,
2013-03-15,,,
2013-03-16,13.19,266.31,
2013-03-17,13.4020833333333,267.8825,
2013-03-18,13.4616666666667,272.718333333333,
2013-03-19,13.6354166666667,274.047916666667,
2013-03-20,13.7816666666667,274.939583333333,
2013-03-21,13.8295652173913,276.865217391304,
2013-03-22,14.12,274.557777777778,
2013-03-23,14.2458333333333,,
2013-03-24,14.2172727272727,,
2013-03-25,14.1608333333333,,
2013-03-26,14.2125,,
2013-03-27,14.4295833333333,,
2013-03-28,14.52125,,
2013-03-29,14.6020833333333,,
2013-03-30,14.8345833333333,,
2013-03-31,14.2004166666667,,
2013-04-01,14.16625,,
2013-04-02,14.6333333333333,,
2013-04-03,14.9233333333333,,
2013-04-04,15.0029166666667,,
2013-04-05,15.1416666666667,,
2013-04-06,14.40625,,
2013-04-07,14.2079166666667,,
2013-04-08,14.2704166666667,,
2013-04-09,14.4379166666667,,
2013-04-10,14.7233333333333,,
2013-04-11,14.7754166666667,,
2013-04-12,15.0095833333333,,
2013-04-13,15.4275,,
2013-04-14,15.4408333333333,,
2013-04-15,15.7270833333333,,
2013-04-16,16.0479166666667,,
2013-04-17,16.5095833333333,,
2013-04-18,16.697,,
2013-04-19,,,
2013-04-20,,,
2013-04-21,,,
2013-04-22,,,
2013-04-23,,,
2013-04-24,,,
2013-04-25,,,
2013-04-26,,,
2013-04-27,,,
2013-04-28,,,
2013-04-29,,,
2013-04-30,,,
2013-05-01,,,
2013-05-02,,,
2013-05-03,,,
2013-05-04,,,
2013-05-05,,,
2013-05-06,,,
2013-05-07,,,
2013-05-08,,,
2013-05-09,,,
2013-05-10,,,
2013-05-11,,,
2013-05-12,,,
2013-05-13,,,
2013-05-14,,,
2013-05-15,,,
2013-05-16,,,
2013-05-17,,,
2013-05-18,,,
2013-05-19,,,
2013-05-20,,,
2013-05-21,,,
2013-05-22,,,
2013-05-23,,,
2013-05-24,,,
2013-05-25,,,
2013-05-26,,,
2013-05-27,17.42,,
2013-05-28,,,
2013-05-29,,,
2013-05-30,,,
2013-05-31,,,
2013-06-01,,,
2013-06-02,,,
2013-06-03,,,
2013-06-04,,,
2013-06-05,,,
2013-06-06,,,
2013-06-07,,,
2013-06-08,,,
2013-06-09,,,
2013-06-10,,,
2013-06-11,,,
2013-06-12,,,
2013-06-13,,,
2013-06-14,,,
2013-06-15,,,
2013-06-16,,,
2013-06-17,,,
2013-06-18,,,
2013-06-19,,,
2013-06-20,,,
2013-06-21,,,
2013-06-22,,,
2013-06-23,,,
2013-06-24,22.77,,
2013-06-25,,,
2013-06-26,22.49,,
2013-06-27,,,
2013-06-28,,,
2013-06-29,22.53,,
2013-06-30,,,
2013-07-01,23.34,,
2013-07-02,,,
2013-07-03,23.27,,
2013-07-04,,,
2013-07-05,,,
2013-07-06,,,
2013-07-07,,,
2013-07-08,,,
2013-07-09,,,
2013-07-10,25.61,,
2013-07-11,,,
2013-07-12,,,
2013-07-13,,,
2013-07-14,,,
2013-07-15,,,
2013-07-16,,,
2013-07-17,26.46,,
2013-07-18,,,
2013-07-19,,,
2013-07-20,,,
2013-07-21,26.47,,
2013-07-22,,,
2013-07-23,,,
2013-07-24,,,
2013-07-25,,,
2013-07-26,27.43,,
2013-07-27,,,
2013-07-28,,,
2013-07-29,,,
2013-07-30,,,
2013-07-31,27.49,,
2013-08-01,,,
2013-08-02,27.1,,
2013-08-03,,,
2013-08-04,,,
2013-08-05,,,
2013-08-06,27.44,,
2013-08-07,,,
2013-08-08,,,
2013-08-09,,,
2013-08-10,,,
2013-08-11,27.03,,
2013-08-12,,,
2013-08-13,,,
2013-08-14,,,
2013-08-15,,,
2013-08-16,,,
2013-08-17,,,
2013-08-18,27.4,,
2013-08-19,,,
2013-08-20,,,
2013-08-21,27.32,,
2013-08-22,,,
2013-08-23,27.38,,
2013-08-24,,,
2013-08-25,27.31,,
2013-08-26,,,
2013-08-27,,,
2013-08-28,,,
2013-08-29,,,
2013-08-30,,,
2013-08-31,,,
2013-09-01,,,
2013-09-02,,,
2013-09-03,,,
2013-09-04,,,
2013-09-05,,,
2013-09-06,,,
2013-09-07,,,
2013-09-08,,,
2013-09-09,,,
2013-09-10,,,
2013-09-11,,,
2013-09-12,,,
2013-09-13,,,
2013-09-14,,,
2013-09-15,,,
2013-09-16,,,
2013-09-17,,,
2013-09-18,,,
2013-09-19,,,
2013-09-20,,,
2013-09-21,,,
2013-09-22,,,
2013-09-23,,,
2013-09-24,,,
2013-09-25,,,
2013-09-26,,,
2013-09-27,,,
2013-09-28,,,
2013-09-29,,,
2013-09-30,,,
2013-10-01,25.1458823529412,,
2013-10-02,25.4916666666667,,
2013-10-03,25.1575,,
2013-10-04,25.1708333333333,,
2013-10-05,25.1408333333333,,
2013-10-06,24.9820833333333,,
2013-10-07,24.82375,,
2013-10-08,24.7120833333333,,
2013-10-09,24.5204166666667,,
2013-10-10,24.3541666666667,,
2013-10-11,24.13125,,
2013-10-12,24.1583333333333,,
2013-10-13,24.1591666666667,,
2013-10-14,24.0447826086957,,
2013-10-15,24.0008333333333,,
2013-10-16,24.01375,,
2013-10-17,24.05,,
2013-10-18,24.0633333333333,,
2013-10-19,24.1008333333333,,
2013-10-20,24.1175,,
2013-10-21,24.1554166666667,,
2013-10-22,24.0904166666667,,
2013-10-23,23.9583333333333,,
2013-10-24,23.9491666666667,,
2013-10-25,23.9704166666667,,
2013-10-26,23.8752173913043,,
2013-10-27,23.8745833333333,,
2013-10-28,23.8483333333333,,
2013-10-29,23.6479166666667,,
2013-10-30,23.1904166666667,,
2013-10-31,22.9958333333333,,
2013-11-01,22.9329166666667,,
2013-11-02,22.7491666666667,,
2013-11-03,22.60875,,
2013-11-04,22.335,,
2013-11-05,22.0995833333333,,
2013-11-06,21.3725,,
2013-11-07,21.0875,,
2013-11-08,21.475,,
2013-11-09,21.3025,,
2013-11-10,20.91625,,
2013-11-11,20.6704166666667,,
2013-11-12,20.4825,,
2013-11-13,20.5020833333333,,
2013-11-14,20.3858333333333,,
2013-11-15,20.19,,
2013-11-16,19.9070833333333,,
2013-11-17,19.8045833333333,,
2013-11-18,19.63625,,
2013-11-19,19.5104166666667,,
2013-11-20,19.1483333333333,,
2013-11-21,19.0741666666667,,
2013-11-22,18.5829166666667,,
2013-11-23,18.1508333333333,,
2013-11-24,18.0675,,
2013-11-25,17.1540909090909,,
2013-11-26,17.4666666666667,,
2013-11-27,16.6033333333333,,
2013-11-28,17.5191666666667,,
2013-11-29,17.1708333333333,,
2013-11-30,17.2745833333333,,
2013-12-01,16.92,,
2013-12-02,11.024,,
2013-12-03,,,
2013-12-04,,,
2013-12-05,,,
2013-12-06,,,
2013-12-07,,,
2013-12-08,,,
2013-12-09,,,
2013-12-10,,,
2013-12-11,,,
2013-12-12,,,
2013-12-13,,,
2013-12-14,,,
2013-12-15,,,
2013-12-16,,,
2013-12-17,,,
2013-12-18,,,
2013-12-19,,,
2013-12-20,,,
2013-12-21,,,
2013-12-22,,,
2013-12-23,,,
2013-12-24,,,
2013-12-25,,,
2013-12-26,,,
2013-12-27,,,
2013-12-28,,,
2013-12-29,,,
2013-12-30,,,
2013-12-31,,,
2014-01-01,,,
2014-01-02,,,
2014-01-03,,,
2014-01-04,,,
2014-01-05,,,
2014-01-06,,,
2014-01-07,,,
2014-01-08,,,
2014-01-09,,,
2014-01-10,,,
2014-01-11,,,
2014-01-12,,,
2014-01-13,,,
2014-01-14,,,
2014-01-15,,,
2014-01-16,,,
2014-01-17,,,
2014-01-18,,,
2014-01-19,,,
2014-01-20,,,
2014-01-21,,,
2014-01-22,,,
2014-01-23,,,
2014-01-24,,,
2014-01-25,,,
2014-01-26,,,
2014-01-27,,,
2014-01-28,,,
2014-01-29,,,
2014-01-30,,,
2014-01-31,,,
2014-02-01,,,
2014-02-02,,,
2014-02-03,,,
2014-02-04,,,
2014-02-05,,,
2014-02-06,,,
2014-02-07,,,
2014-02-08,,,
2014-02-09,,,
2014-02-10,,,
2014-02-11,,,
2014-02-12,,,
2014-02-13,,,
2014-02-14,,,
2014-02-15,,,
2014-02-16,,,
2014-02-17,,,
2014-02-18,,,
2014-02-19,,,
2014-02-20,,,
2014-02-21,,,
2014-02-22,,,
2014-02-23,,,
2014-02-24,,,
2014-02-25,,,
2014-02-26,,,
2014-02-27,,,
2014-02-28,,,
2014-03-01,,,
2014-03-02,,,
2014-03-03,,,
2014-03-04,,,
2014-03-05,,,
2014-03-06,,,
2014-03-07,,,
2014-03-08,,,
2014-03-09,,,
2014-03-10,,,
2014-03-11,,,
2014-03-12,,,
2014-03-13,,,
2014-03-14,,,
2014-03-15,,,
2014-03-16,,,
2014-03-17,,,
2014-03-18,,,
2014-03-19,,,
2014-03-20,,,
2014-03-21,,,
2014-03-22,,,
2014-03-23,,,
2014-03-24,,,
2014-03-25,,,
2014-03-26,,,
2014-03-27,,,
2014-03-28,,,
2014-03-29,,,
2014-03-30,,,
2014-03-31,,,
2014-04-01,,,
2014-04-02,,,
2014-04-03,,,
2014-04-04,,,
2014-04-05,,,
2014-04-06,,,
2014-04-07,,,
2014-04-08,,,
2014-04-09,,,
2014-04-10,,,
2014-04-11,,,
2014-04-12,,,
2014-04-13,,,
2014-04-14,,,
2014-04-15,,,
2014-04-16,,,
2014-04-17,,,
2014-04-18,,,
2014-04-19,,,
2014-04-20,,,
2014-04-21,,,
2014-04-22,,,
2014-04-23,,,
2014-04-24,,,
2014-04-25,,,
2014-04-26,,,
2014-04-27,,,
2014-04-28,,,
2014-04-29,,,
2014-04-30,,,
2014-05-01,,,
2014-05-02,,,
2014-05-03,,,
2014-05-04,,,
2014-05-05,,,
2014-05-06,,,
2014-05-07,,,
2014-05-08,,,
2014-05-09,22.63,197.8875,
2014-05-10,,,
2014-05-11,,,
2014-05-12,,,
2014-05-13,,193.81,
2014-05-14,,,
2014-05-15,,,
2014-05-16,,,
2014-05-17,,,
2014-05-18,,,
2014-05-19,,,
2014-05-20,,,
2014-05-21,,,
2014-05-22,,,
2014-05-23,,,
2014-05-24,,,
2014-05-25,,,
2014-05-26,,,
2014-05-27,,,
2014-05-28,,,
2014-05-29,,,
2014-05-30,,,
2014-05-31,,,
2014-06-01,,,
2014-06-02,,,
2014-06-03,,,
2014-06-04,,,
2014-06-05,,,
2014-06-06,,,
2014-06-07,,,
2014-06-08,,,
2014-06-09,22.4530434782609,241.846956521739,
2014-06-10,,,
2014-06-11,22.9270833333333,237.255833333333,
2014-06-12,23.2033333333333,238.041666666667,
2014-06-13,23.3045833333333,231.0725,
2014-06-14,23.2917391304348,230.57347826087,
2014-06-15,23.11375,233.51,
2014-06-16,22.86375,241.768333333333,
2014-06-17,22.7633333333333,230.87875,
2014-06-18,22.9054166666667,230.075,
2014-06-19,23.1722727272727,230.057272727273,
2014-06-20,23.3791666666667,228.948333333333,
2014-06-21,23.3491666666667,228.49,
2014-06-22,23.6229166666667,228.49,
2014-06-23,24.1833333333333,228.49,
2014-06-24,24.4566666666667,228.49,
2014-06-25,24.1375,227.408333333333,
2014-06-26,24.425,224.10375,
2014-06-27,24.7025,225.029166666667,
2014-06-28,24.8204166666667,223.49375,
2014-06-29,24.4829166666667,220.024583333333,
2014-06-30,24.6529166666667,220.878333333333,
2014-07-01,24.63,219.244782608696,
2014-07-02,24.71,221.219565217391,
2014-07-03,24.71,221.087916666667,
2014-07-04,24.8091666666667,221.999583333333,
2014-07-05,25.025,218.75875,
2014-07-06,25.1234782608696,218,
2014-07-07,25.3930434782609,219.575217391304,
2014-07-08,25.4720833333333,218.401666666667,
2014-07-09,25.0833333333333,219.704761904762,
2014-07-10,24.6517391304348,222.668260869565,
2014-07-11,24.4908695652174,222.471304347826,
2014-07-12,24.5304166666667,226.7925,
2014-07-13,24.73375,227.77125,
2014-07-14,25.0041666666667,227.367083333333,
2014-07-15,25.3313043478261,224.695652173913,
2014-07-16,25.5331818181818,220.236363636364,
2014-07-17,25.6175,219.970416666667,
2014-07-18,25.8058333333333,218.957916666667,
2014-07-19,25.8670833333333,218.2075,
2014-07-20,25.9704166666667,216.115416666667,
2014-07-21,26.2479166666667,215.1425,
2014-07-22,26.25375,216.685,
2014-07-23,26.1979166666667,218.290833333333,
2014-07-24,26.0283333333333,214.174166666667,
2014-07-25,25.9775,212.439583333333,
2014-07-26,26.12625,211.015,
2014-07-27,26.4245833333333,209.299583333333,
2014-07-28,26.5820833333333,210.33875,
2014-07-29,26.3583333333333,210.506666666667,
2014-07-30,26.2247826086957,212.857391304348,
2014-07-31,26.2954166666667,212.40125,
2014-08-01,26.4429166666667,213.97625,
2014-08-02,26.53875,214.68875,
2014-08-03,26.5241666666667,210.128333333333,
2014-08-04,26.65,208.995833333333,
2014-08-05,26.8758333333333,208.425,
2014-08-06,27.0079166666667,207.724166666667,
2014-08-07,27.2479166666667,207.9675,
2014-08-08,27.3545833333333,208.673333333333,
2014-08-09,27.2041666666667,207.429166666667,
2014-08-10,27.3333333333333,206.434583333333,
2014-08-11,27.8120833333333,207.162916666667,
2014-08-12,27.5929166666667,205.271666666667,
2014-08-13,27.4058333333333,205.539166666667,
2014-08-14,26.9591666666667,208.19625,
2014-08-15,26.7608333333333,207.3025,
2014-08-16,26.5066666666667,206.998333333333,
2014-08-17,26.4179166666667,206.918333333333,
2014-08-18,26.3925,207.764583333333,
2014-08-19,26.5958333333333,206.79375,
2014-08-20,26.7325,207.252916666667,
2014-08-21,26.7195833333333,207.284583333333,
2014-08-22,26.715,205.982083333333,
2014-08-23,26.6279166666667,206.755,
2014-08-24,26.5254166666667,207.335833333333,
2014-08-25,26.5804166666667,207.336666666667,
2014-08-26,26.9634782608696,206.330869565217,
2014-08-27,27.1254166666667,205.49875,
2014-08-28,27.1495833333333,205.59625,
2014-08-29,26.995,205.458333333333,
2014-08-30,26.9170833333333,204.9925,
2014-08-31,26.925,204.559583333333,
2014-09-01,26.97625,206.040833333333,
2014-09-02,27.0054166666667,204.806666666667,
2014-09-03,27.0525,205.467083333333,
2014-09-04,26.9525,204.98375,
2014-09-05,26.98875,205.345416666667,
2014-09-06,27.0783333333333,204.32875,
2014-09-07,27.1333333333333,204.495416666667,
2014-09-08,26.97125,204.701666666667,
2014-09-09,26.9466666666667,204.695833333333,
2014-09-10,26.9479166666667,204.435,
2014-09-11,26.88875,204.874583333333,
2014-09-12,27.1079166666667,203.89875,
2014-09-13,27.1566666666667,203.212083333333,
2014-09-14,27.13125,203.254583333333,
2014-09-15,27.2479166666667,202.901666666667,
2014-09-16,27.13125,202.208333333333,
2014-09-17,27.12625,202.529166666667,
2014-09-18,27.1504166666667,201.975416666667,
2014-09-19,27.0925,202.604583333333,
2014-09-20,27.1695833333333,201.775416666667,
2014-09-21,27.1516666666667,202.260833333333,
2014-09-22,26.975,202.569166666667,
2014-09-23,26.5833333333333,204.982916666667,
2014-09-24,26.5891666666667,204.8825,
2014-09-25,26.3008333333333,203.641666666667,
2014-09-26,26.0104166666667,207.535833333333,
2014-09-27,25.9458333333333,208.485416666667,
2014-09-28,25.8683333333333,208.715416666667,
2014-09-29,25.8966666666667,209.132916666667,
2014-09-30,25.8266666666667,209.653913043478,
2014-10-01,25.66875,210.145,
2014-10-02,25.5425,207.41875,
2014-10-03,25.38,206.77625,
2014-10-04,25.3845833333333,208.11375,
2014-10-05,25.2325,209.464166666667,
2014-10-06,25.1408333333333,211.510416666667,
2014-10-07,25.1145833333333,211.329583333333,
2014-10-08,25.1808333333333,210.296666666667,
2014-10-09,25.165,211.074166666667,
2014-10-10,25.175652173913,211.902608695652,
2014-10-11,25.01375,213.385416666667,
2014-10-12,24.905,214.0225,
2014-10-13,24.7991666666667,212.540416666667,
2014-10-14,24.565,205.013333333333,
2014-10-15,24.4116666666667,199.913333333333,
2014-10-16,24.2254166666667,206.32125,
2014-10-17,24.1991666666667,210.229583333333,
2014-10-18,24.2304166666667,214.872916666667,
2014-10-19,24.0266666666667,218.492083333333,
2014-10-20,23.9725,219.297916666667,
2014-10-21,23.97,219.770416666667,
2014-10-22,23.7970833333333,218.915833333333,
2014-10-23,23.6316666666667,219.417916666667,
2014-10-24,23.5295833333333,219.175416666667,
2014-10-25,23.45,219.925,
2014-10-26,23.4029166666667,221.153333333333,
2014-10-27,23.38375,223.20625,
2014-10-28,23.3491666666667,223.460416666667,
2014-10-29,23.3091666666667,223.763333333333,
2014-10-30,23.21875,224.41875,
2014-10-31,23.1704545454545,223.879545454545,
2014-11-01,23.0604166666667,223.257916666667,
2014-11-02,22.92375,221.279166666667,
2014-11-03,22.7620833333333,219.35125,
2014-11-04,22.69,218.0575,
2014-11-05,,,
2014-11-06,,,
2014-11-07,,,
2014-11-08,,,
2014-11-09,,,
2014-11-10,,,
2014-11-11,,,
2014-11-12,,,
2014-11-13,,,
2014-11-14,,,
2014-11-15,,,
2014-11-16,,,
2014-11-17,,,
2014-11-18,,,
2014-11-19,,,
2014-11-20,,,
2014-11-21,,,
2014-11-22,,,
2014-11-23,,,
2014-11-24,,,
2014-11-25,,,
2014-11-26,,,
2014-11-27,,,
2014-11-28,,,
2014-11-29,,,
2014-11-30,,,
2015-01-01,,,
2015-01-02,,,
2015-01-03,,,
2015-01-04,,,
2015-01-05,,,
2015-01-06,,,
2015-01-07,,,
2015-01-08,,,
2015-01-09,,,
2015-01-10,,,
2015-01-11,,,
2015-01-12,,,
2015-01-13,,,
2015-01-14,,,
2015-01-15,,,
2015-01-16,,,
2015-01-17,,,
2015-01-18,,,
2015-01-19,,,
2015-01-20,,,
2015-01-21,,,
2015-01-22,,,
2015-01-23,,,
2015-01-24,,,
2015-01-25,,,
2015-01-26,,,
2015-01-27,,,
2015-01-28,,,
2015-01-29,,,
2015-01-30,,,
2015-01-31,,,
2015-02-01,,,
2015-02-02,,,
2015-02-03,,,
2015-02-04,,,
2015-02-05,,,
2015-02-06,,,
2015-02-07,,,
2015-02-08,,,
2015-02-09,,,
2015-02-10,,,
2015-02-11,,,
2015-02-12,,,
2015-02-13,,,
2015-02-14,,,
2015-02-15,,,
2015-02-16,,,
2015-02-17,,,
2015-02-18,,,
2015-02-19,,,
2015-02-20,13.6947826086957,,
2015-02-21,13.5313043478261,,
2015-02-22,13.4154166666667,,
2015-02-23,13.4779166666667,,
2015-02-24,13.4179166666667,,
2015-02-25,13.54375,,
2015-02-26,13.6195652173913,,
2015-02-27,13.6454166666667,,
2015-02-28,13.6583333333333,,
2015-03-01,13.7563636363636,,
2015-03-02,13.7426086956522,,
2015-03-03,14.0939130434783,262.153,
2015-03-04,13.9345833333333,262.852083333333,
2015-03-05,13.6504347826087,263.368695652174,
2015-03-06,13.5895652173913,267.003043478261,
2015-03-07,13.6683333333333,265.458333333333,
2015-03-08,13.6690909090909,266.442272727273,
2015-03-09,13.8090909090909,267.437272727273,
2015-03-10,13.8457142857143,267.501428571429,
2015-03-11,14.0083333333333,267.1825,
2015-03-12,14.1177272727273,264.966956521739,
2015-03-13,14.4033333333333,263.956666666667,
2015-03-14,14.175652173913,269.113043478261,
2015-03-15,14.0660869565217,280.153043478261,
2015-03-16,13.9229166666667,276.02375,
2015-03-17,14.0027272727273,276.110454545455,
2015-03-18,13.9039130434783,274.782608695652,
2015-03-19,13.8058333333333,260.657083333333,
2015-03-20,13.81,258.306086956522,
2015-03-21,14.0717391304348,255.455217391304,
2015-03-22,14.2929166666667,256.692916666667,
2015-03-23,14.2852173913043,256.825652173913,
2015-03-24,14.3926086956522,254.604782608696,
2015-03-25,14.2847826086957,254.972173913043,
2015-03-26,14.2990909090909,255.355454545455,
2015-03-27,14.2995454545455,256.867272727273,
2015-03-28,14.5766666666667,255.795,
2015-03-29,14.8875,257.352083333333,
2015-03-30,14.9741666666667,259.078333333333,
2015-03-31,15.41375,260.772083333333,
2015-04-01,15.1079166666667,260.773333333333,
2015-04-02,14.9883333333333,260.434166666667,
2015-04-03,15.25125,260.427916666667,
2015-04-04,15.42375,262.627916666667,
2015-04-05,15.5775,262.165833333333,
2015-04-06,15.3341666666667,256.365,
2015-04-07,14.9441666666667,258.509166666667,
2015-04-08,15.0318181818182,253.991363636364,
2015-04-09,15.0752173913044,253.009565217391,
2015-04-10,15.3041666666667,253.32375,
2015-04-11,15.3233333333333,253.310833333333,
2015-04-12,15.31625,257.988333333333,
2015-04-13,15.4708333333333,256.615416666667,
2015-04-14,15.7995833333333,257.205416666667,
2015-04-15,15.8279166666667,255.107083333333,
2015-04-16,15.76125,256.243333333333,
2015-04-17,16.03375,255.78125,
2015-04-18,16.1416666666667,251.272083333333,
2015-04-19,16.4983333333333,251.464583333333,
2015-04-20,16.65125,251.0025,
2015-04-21,16.83875,249.6675,
2015-04-22,16.8683333333333,256.77625,
2015-04-23,17.0545833333333,261.440833333333,
2015-04-24,16.9683333333333,246.164583333333,
2015-04-25,17.2495833333333,249.385,
2015-04-26,17.5475,245.709583333333,
2015-04-27,17.4420833333333,248.834583333333,
2015-04-28,17.51875,250.579166666667,
2015-04-29,17.4533333333333,249.27625,
2015-04-30,17.6183333333333,245.862916666667,
2015-05-01,18.0620833333333,245.83125,
2015-05-02,18.2404166666667,245.06125,
2015-05-03,19.055652173913,247.521739130435,
2015-05-04,19.4166666666667,245.850416666667,
2015-05-05,19.4370833333333,243.893333333333,
2015-05-06,19.6021739130435,242.707826086957,
2015-05-07,19.83125,241.358333333333,
2015-05-08,19.3870833333333,239.735833333333,
2015-05-09,19.78875,237.21375,
2015-05-10,20.0445833333333,238.104583333333,
2015-05-11,20.3929166666667,239.387916666667,
2015-05-12,20.6279166666667,238.394583333333,
2015-05-13,20.7875,234.731666666667,
2015-05-14,21.8716666666667,243.059583333333,
2015-05-15,20.5225,242.5975,
2015-05-16,19.08875,244.43125,
2015-05-17,19.18625,243.744583333333,
2015-05-18,19.7816666666667,240.6275,
2015-05-19,19.49625,241.77625,
2015-05-20,18.8170833333333,242.29625,
2015-05-21,19.0304166666667,234.84,
2015-05-22,19.21375,234.654583333333,
2015-05-23,19.34875,237.52125,
2015-05-24,19.4979166666667,241.627916666667,
2015-05-25,19.6775,237.6875,
2015-05-26,19.8220833333333,232.98,
2015-05-27,20.0391666666667,231.806666666667,
2015-05-28,20.4079166666667,233.46625,
2015-05-29,20.3966666666667,231.877916666667,
2015-05-30,20.6379166666667,230.6375,
2015-05-31,20.9004166666667,232.09375,
2015-06-01,21.0679166666667,233.408333333333,
2015-06-02,21.3058333333333,230.112083333333,
2015-06-03,21.6166666666667,230.387916666667,
2015-06-04,21.7975,224.325,
2015-06-05,22.0958333333333,222.9575,
2015-06-06,22.3233333333333,221.95625,
2015-06-07,22.7195833333333,222.565833333333,
2015-06-08,22.9833333333333,223.59875,
2015-06-09,23.3525,221.134583333333,
2015-06-10,23.7769565217391,220.7,
2015-06-11,23.7522727272727,217,
2015-06-12,23.47,215.767894736842,
2015-06-13,23.7047058823529,215.319411764706,
2015-06-14,23.5,213.9105,
2015-06-15,23.62,213.299230769231,
2015-06-16,23.9494736842105,216.303684210526,
2015-06-17,24.0131818181818,216.344090909091,
2015-06-18,23.6404347826087,216.611739130435,
2015-06-19,23.5928571428571,218.037142857143,
2015-06-20,23.459,220.9475,
2015-06-21,23.8147826086956,220.580434782609,
2015-06-22,24.15875,217.75625,
2015-06-23,24.2383333333333,216.735,
2015-06-24,24.3883333333333,216.682916666667,
2015-06-25,24.2358333333333,215.38875,
2015-06-26,24.5083333333333,214.856666666667,
2015-06-27,24.7554166666667,215.920833333333,
2015-06-28,25.0791666666667,215.317916666667,
2015-06-29,25.3970833333333,217.729166666667,
2015-06-30,25.5320833333333,215.253333333333,
2015-07-01,26.07125,214.142916666667,
2015-07-02,25.7541666666667,213.36,
2015-07-03,25.7169565217391,213.9,
2015-07-04,25.91,213.598333333333,
2015-07-05,26.0783333333333,211.66,
2015-07-06,26.28375,210.492083333333,
2015-07-07,26.7916666666667,213.449583333333,
2015-07-08,27.28625,217.8575,
2015-07-09,26.8791666666667,211.37625,
2015-07-10,26.7383333333333,210.292083333333,
2015-07-11,27.0154166666667,212.378333333333,
2015-07-12,27.1908333333333,211.691666666667,
2015-07-13,27.4445833333333,212.577916666667,
2015-07-14,27.7220833333333,212.809583333333,
2015-07-15,27.4825,206.603333333333,
2015-07-16,27.5575,205.582083333333,
2015-07-17,27.8508333333333,203.645416666667,
2015-07-18,27.9875,202.625833333333,
2015-07-19,28.1366666666667,203.215833333333,
2015-07-20,28.3825,203.735416666667,
2015-07-21,28.6108695652174,203.776956521739,
2015-07-22,28.894347826087,206.153043478261,
2015-07-23,28.9154166666667,205.198333333333,
2015-07-24,28.7904166666667,201.695833333333,
2015-07-25,28.5778260869565,201.368695652174,
2015-07-26,28.0808333333333,201.35625,
2015-07-27,28.2491666666667,201.035833333333,
2015-07-28,28.2691666666667,201.189166666667,
2015-07-29,28.3527272727273,201.631363636364,
2015-07-30,28.2816666666667,201.035416666667,
2015-07-31,28.0825,200.05375,
2015-08-01,27.9495833333333,200.52875,
2015-08-02,27.7445833333333,200.07375,
2015-08-03,27.7866666666667,200.662916666667,
2015-08-04,27.8941666666667,201.888333333333,
2015-08-05,28.19375,203.645833333333,
2015-08-06,28.34625,202.90125,
2015-08-07,28.4070833333333,200.964583333333,
2015-08-08,28.3358333333333,199.849583333333,
2015-08-09,28.2479166666667,199.56,
2015-08-10,28.1845833333333,200.515416666667,
2015-08-11,28.1595833333333,200.842083333333,
2015-08-12,28.1591666666667,200.342916666667,
2015-08-13,28.1333333333333,199.7975,
2015-08-14,28.2158333333333,199.23875,
2015-08-15,27.945,199.22625,
2015-08-16,27.72625,199.7725,
2015-08-17,27.545,199.83625,
2015-08-18,27.4208333333333,199.629583333333,
2015-08-19,27.1029166666667,202.04125,
2015-08-20,27.14875,201.880833333333,
2015-08-21,27.1625,202.055833333333,
2015-08-22,27.2125,203.369583333333,
2015-08-23,27.3333333333333,206.289166666667,
2015-08-24,27.3433333333333,206.269166666667,
2015-08-25,27.2504166666667,199.867916666667,
2015-08-26,27.0829166666667,199.483333333333,
2015-08-27,27.0275,199.964583333333,
2015-08-28,27.0708333333333,201.1825,
2015-08-29,27.1595833333333,203.163333333333,
2015-08-30,27.29125,202.336666666667,
2015-08-31,27.4858333333333,201.491666666667,
2015-09-01,27.6504166666667,202.286666666667,
2015-09-02,27.3566666666667,200.86375,
2015-09-03,27.4516666666667,201.77875,
2015-09-04,27.1191666666667,202.838333333333,
2015-09-05,26.6183333333333,204.671666666667,
2015-09-06,26.3329166666667,205.685833333333,
2015-09-07,26.2325,206.551666666667,
2015-09-08,26.09625,206.982916666667,
2015-09-09,26.1541666666667,208.14375,
2015-09-10,25.8170833333333,209.42,
2015-09-11,25.7575,210.8,
2015-09-12,25.8478260869565,208.624347826087,
2015-09-13,25.8709090909091,209.190454545455,
2015-09-14,25.795,210.898636363636,
2015-09-15,25.645,211.238333333333,
2015-09-16,25.6208333333333,212.744583333333,
2015-09-17,25.4595833333333,212.994583333333,
2015-09-18,25.4320833333333,215.374166666667,
2015-09-19,24.7379166666667,214.20125,
2015-09-20,24.7179166666667,214.439166666667,
2015-09-21,24.6725,215.4325,
2015-09-22,24.77375,217.197083333333,
2015-09-23,24.6608695652174,219.817826086957,
2015-09-24,24.51625,216.882916666667,
2015-09-25,24.3695833333333,217.87125,
2015-09-26,24.2858333333333,218.795,
2015-09-27,24.2395833333333,216.26125,
2015-09-28,23.95125,214.99,
2015-09-29,23.8779166666667,215.2275,
2015-09-30,23.7054166666667,215.7475,
2015-10-01,23.65125,216.119583333333,
2015-10-02,23.5679166666667,215.701666666667,
2015-10-03,23.5783333333333,216.529583333333,
2015-10-04,23.5541666666667,214.830833333333,
2015-10-05,23.63,216.695416666667,
2015-10-06,23.6058333333333,218.87125,
2015-10-07,23.535,214.873333333333,
2015-10-08,23.3626086956522,216.612173913043,
2015-10-09,23.2317391304348,217.903043478261,
2015-10-10,23.065,220.16,
2015-10-11,23.0395652173913,221.940869565217,
2015-10-12,23.0721739130435,221.062173913043,
2015-10-13,22.98,220.686956521739,
2015-10-14,22.7334782608696,220.593043478261,
2015-10-15,22.6670833333333,221.1475,
2015-10-16,22.57125,219.634583333333,
2015-10-17,22.5965217391304,223.346086956522,
2015-10-18,22.6095833333333,223.324166666667,
2015-10-19,22.4491666666667,222.509166666667,
2015-10-20,22.4095652173913,224.958695652174,
2015-10-21,22.0226086956522,223.775652173913,
2015-10-22,21.81875,222.3475,
2015-10-23,21.8466666666667,223.490416666667,
2015-10-24,21.69625,224.7225,
2015-10-25,21.59625,224.138333333333,
2015-10-26,21.6708333333333,222.759166666667,
2015-10-27,21.7225,223.112083333333,
2015-10-28,21.5566666666667,224.202916666667,
2015-10-29,21.4304166666667,225.434583333333,
2015-10-30,21.1275,227.69875,
2015-10-31,20.89875,230.08,
2015-11-01,20.7554166666667,229.342916666667,
2015-11-02,20.6869565217391,228.273913043478,
2015-11-03,20.7333333333333,230.355833333333,
2015-11-04,20.7554166666667,230.972916666667,
2015-11-05,20.68625,230.535416666667,
2015-11-06,20.5926086956522,232.597826086957,
2015-11-07,20.6595833333333,230.240416666667,
2015-11-08,20.6095833333333,231.806666666667,
2015-11-09,20.5991666666667,230.798333333333,
2015-11-10,20.60875,230.375416666667,
2015-11-11,20.6125,229.002083333333,
2015-11-12,20.6875,227.0325,
2015-11-13,20.5679166666667,227.9675,
2015-11-14,20.4195833333333,232.074166666667,
2015-11-15,20.15875,242.86,
2015-11-16,20.1166666666667,241.07625,
2015-11-17,20.2230434782609,232.467083333333,
2015-11-18,20.1320833333333,230.072916666667,
2015-11-19,20.08125,233.21875,
2015-11-20,19.8891666666667,237.732916666667,
2015-11-21,19.5795833333333,235.97,
2015-11-22,18.9258333333333,232.633333333333,
2015-11-23,18.2225,235.5525,
2015-11-24,18.2629166666667,234.410416666667,
2015-11-25,18.6325,232.081666666667,
2015-11-26,18.1325,231.946666666667,
2015-11-27,18.1178260869565,232.746086956522,
2015-11-28,18.0158333333333,233.898333333333,
2015-11-29,17.9054166666667,231.62625,
2015-11-30,17.9104166666667,231.20375,
2015-12-01,18.0470833333333,231.973333333333,
2015-12-02,18.11375,229.796666666667,
2015-12-03,17.9755555555556,230.593846153846,
2015-12-04,18.04,227.483333333333,
2015-12-05,,,
2015-12-06,,,
2015-12-07,,,
2015-12-08,,,
2015-12-09,,,
2015-12-10,,,
2015-12-11,,,
2015-12-12,,,
2015-12-13,,,
2015-12-14,,,
2015-12-15,,,
2015-12-16,,,
2015-12-17,,,
2015-12-18,,,
2015-12-19,,,
2015-12-20,,,
2015-12-21,,,
2015-12-22,,,
2015-12-23,,,
2015-12-24,,,
2015-12-25,,,
2015-12-26,,,
2015-12-27,,,
2015-12-28,,,
2015-12-29,,,
2015-12-30,,,
2015-12-31,,,
2016-03-01,,,
2016-03-02,,,
2016-03-03,,,
2016-03-04,,,
2016-03-05,,,
2016-03-06,,,
2016-03-07,,,
2016-03-08,,,
2016-03-09,,,
2016-03-10,,,
2016-03-11,,,
2016-03-12,,,
2016-03-13,,,
2016-03-14,,,
2016-03-15,,,
2016-03-16,,,
2016-03-17,,,
2016-03-18,,,
2016-03-19,,,
2016-03-20,,,
2016-03-21,15.0090909090909,224.700416666667,
2016-03-22,14.8204166666667,249.07652173913,
2016-03-23,14.7868181818182,250.186818181818,
2016-03-24,14.8495652173913,248.134545454545,
2016-03-25,15.0079166666667,,
2016-03-26,15.2354166666667,246.147142857143,
2016-03-27,15.44625,245.94125,
2016-03-28,15.43,246.708181818182,
2016-03-29,15.5479166666667,246.365833333333,
2016-03-30,15.8470833333333,245.417916666667,
2016-03-31,15.975,246.314583333333,
2016-04-01,15.95375,248.832916666667,
2016-04-02,15.9120833333333,250.186086956522,
2016-04-03,15.7617391304348,248.962307692308,
2016-04-04,15.8869565217391,247.963636363636,
2016-04-05,15.8795833333333,246.448333333333,
2016-04-06,15.77875,245.256666666667,
2016-04-07,16.05,246.379166666667,
2016-04-08,15.9179166666667,249.934166666667,
2016-04-09,15.69375,247.017916666667,
2016-04-10,15.7608333333333,246.72625,
2016-04-11,15.9575,248.057083333333,
2016-04-12,16.4008333333333,251.01625,
2016-04-13,16.4333333333333,250.5175,
2016-04-14,16.7641666666667,251.6125,
2016-04-15,17.1029166666667,249.722083333333,
2016-04-16,17.2420833333333,248.838333333333,
2016-04-17,17.4520833333333,247.475,
2016-04-18,17.4470833333333,246.917,
2016-04-19,16.804347826087,,
2016-04-20,16.9104166666667,,
2016-04-21,17.00125,,
2016-04-22,17.1725,,
2016-04-23,17.22625,,
2016-04-24,17.6854166666667,,
2016-04-25,17.4808333333333,,
2016-04-26,17.4554166666667,,
2016-04-27,17.4483333333333,,
2016-04-28,17.6026086956522,,
2016-04-29,17.5741666666667,,
2016-04-30,17.5583333333333,,
2016-05-01,17.5008333333333,,
2016-05-02,17.4552173913043,,
2016-05-03,17.6258333333333,,
2016-05-04,17.7975,,
2016-05-05,17.9654166666667,,
2016-05-06,17.835,,
2016-05-07,17.7047619047619,,
2016-05-08,17.8069565217391,,
2016-05-09,17.9952173913043,,
2016-05-10,18.11,,
2016-05-11,18.0526086956522,,
2016-05-12,18.1545833333333,,
2016-05-13,18.2395833333333,,
2016-05-14,18.345,,
2016-05-15,18.9458333333333,,
2016-05-16,19.11375,,
2016-05-17,19.06,,
2016-05-18,19.14875,,
2016-05-19,19.2633333333333,,
2016-05-20,19.45375,,
2016-05-21,19.43375,,
2016-05-22,19.7516666666667,,
2016-05-23,19.9995833333333,,
2016-05-24,19.9841666666667,,
2016-05-25,19.9070833333333,,
2016-05-26,20.1783333333333,,
2016-05-27,20.3125,,
2016-05-28,20.6045833333333,,
2016-05-29,20.8295833333333,,
2016-05-30,21.0275,,
2016-05-31,20.8720833333333,,
2016-06-01,20.7020833333333,,
2016-06-02,20.7341666666667,,
2016-06-03,21.1420833333333,,
2016-06-04,21.0886956521739,,
2016-06-05,21.3591666666667,,
2016-06-06,21.7925,,
2016-06-07,22.1691304347826,,
2016-06-08,22.8,,
2016-06-09,22.9566666666667,,
2016-06-10,23.0604166666667,224.897894736842,
2016-06-11,23.3570833333333,226.000833333333,
2016-06-12,23.37,221.955652173913,
2016-06-13,23.6241666666667,224.289166666667,
2016-06-14,23.8204166666667,225.18625,
2016-06-15,23.8441666666667,224.015416666667,
2016-06-16,23.8204166666667,223.969583333333,
2016-06-17,23.3,224.0975,
2016-06-18,22.9191666666667,224.705416666667,
2016-06-19,22.3275,231.10625,
2016-06-20,21.11625,235.820833333333,
2016-06-21,21.5883333333333,234.00875,
2016-06-22,22.0808695652174,233.052608695652,
2016-06-23,22.4654166666667,229.806666666667,
2016-06-24,22.8158333333333,229.709166666667,
2016-06-25,23.0104166666667,228.017916666667,
2016-06-26,23.00875,225.795833333333,
2016-06-27,23.1454166666667,224.309583333333,
2016-06-28,23.2466666666667,223.802916666667,
2016-06-29,23.4983333333333,223.3925,
2016-06-30,23.8095833333333,225.430416666667,
2016-07-01,24.0495833333333,222.65,
2016-07-02,24.335,221.907083333333,
2016-07-03,24.5745833333333,222.89375,
2016-07-04,24.65375,220.516666666667,
2016-07-05,24.7295833333333,218.224583333333,
2016-07-06,25.00875,217.775833333333,
2016-07-07,25.0875,215.19375,
2016-07-08,25.40875,215.546666666667,
2016-07-09,25.5404166666667,216.930833333333,
2016-07-10,25.7158333333333,216.16875,
2016-07-11,25.9734782608696,217.190434782609,
2016-07-12,26.0633333333333,214.534166666667,
2016-07-13,25.6133333333333,216.3475,
2016-07-14,25.2325,215.05375,
2016-07-15,25.27,215.707083333333,
2016-07-16,25.29375,214.837083333333,
2016-07-17,25.2929166666667,213.388333333333,
2016-07-18,25.40125,213.895,
2016-07-19,25.4620833333333,215.4825,
2016-07-20,25.6730434782609,214.317391304348,
2016-07-21,25.9104166666667,216.687083333333,
2016-07-22,25.8616666666667,214.015,
2016-07-23,25.7991666666667,212.644583333333,
2016-07-24,25.9254166666667,212.73375,
2016-07-25,26.18625,213.062083333333,
2016-07-26,26.43625,214.207916666667,
2016-07-27,26.3275,212.58625,
2016-07-28,26.25375,210.134166666667,
2016-07-29,26.4383333333333,211.05625,
2016-07-30,26.5375,209.7425,
2016-07-31,26.8345833333333,208.525416666667,
2016-08-01,26.64,209.044583333333,
2016-08-02,26.6941666666667,207.538333333333,
2016-08-03,26.7808333333333,208.039166666667,
2016-08-04,26.8795833333333,208.11625,
2016-08-05,26.6470833333333,210.075416666667,
2016-08-06,26.4354166666667,211.125416666667,
2016-08-07,26.4845833333333,210.075833333333,
2016-08-08,26.44875,209.147083333333,
2016-08-09,26.4929166666667,209.236666666667,
2016-08-10,26.325,210.108333333333,
2016-08-11,26.2329166666667,210.306666666667,
2016-08-12,26.1670833333333,210.204166666667,
2016-08-13,26.1779166666667,209.6725,
2016-08-14,26.2279166666667,210.512083333333,
2016-08-15,26.27875,210.3,
2016-08-16,26.2454166666667,210.307083333333,
2016-08-17,26.3891666666667,209.57625,
2016-08-18,26.5108333333333,208.461666666667,
2016-08-19,26.6883333333333,207.09125,
2016-08-20,26.7508333333333,206.7575,
2016-08-21,26.5795833333333,207.339583333333,
2016-08-22,26.5866666666667,207.172916666667,
2016-08-23,26.64625,206.750833333333,
2016-08-24,26.4841666666667,207.42375,
2016-08-25,26.5554166666667,208.480833333333,
2016-08-26,26.6845833333333,207.500416666667,
2016-08-27,26.91625,209.74875,
2016-08-28,26.7104166666667,208.462083333333,
2016-08-29,26.6839130434783,207.512173913043,
2016-08-30,26.6233333333333,207.750416666667,
2016-08-31,26.6629166666667,207.65375,
2016-09-01,26.6575,207.442916666667,
2016-09-02,26.69625,207.109166666667,
2016-09-03,26.645,207.45625,
2016-09-04,26.87125,206.328333333333,
2016-09-05,27.0979166666667,205.465,
2016-09-06,27.0995833333333,204.74625,
2016-09-07,26.9925,204.73875,
2016-09-08,26.8483333333333,205.815833333333,
2016-09-09,26.80125,205.887083333333,
2016-09-10,26.9141666666667,204.7075,
2016-09-11,27.00375,205.924166666667,
2016-09-12,26.86375,207.167083333333,
2016-09-13,26.875,206.200833333333,
2016-09-14,26.6595833333333,205.88625,
2016-09-15,26.5441666666667,205.405416666667,
2016-09-16,26.0558333333333,206.96875,
2016-09-17,26.11625,201.972083333333,
2016-09-18,25.85625,202.792083333333,
2016-09-19,25.65625,205.322916666667,
2016-09-20,25.3841666666667,208.269583333333,
2016-09-21,25.4183333333333,209.089166666667,
2016-09-22,25.5358333333333,209.595416666667,
2016-09-23,25.4279166666667,210.722916666667,
2016-09-24,25.2375,210.031666666667,
2016-09-25,25.25875,206.46875,
2016-09-26,25.4420833333333,211.856666666667,
2016-09-27,25.0358333333333,211.050833333333,
2016-09-28,24.95,210.761304347826,
2016-09-29,24.9391666666667,211.389166666667,
2016-09-30,25.1275,209.17875,
2016-10-01,24.83625,207.775416666667,
2016-10-02,24.9058333333333,207.845833333333,
2016-10-03,24.9483333333333,211.331666666667,
2016-10-04,24.9116666666667,212.542083333333,
2016-10-05,24.9125,213.35625,
2016-10-06,24.8308333333333,212.52875,
2016-10-07,24.7254166666667,212.561666666667,
2016-10-08,24.794347826087,211.695652173913,
2016-10-09,24.56375,211.870416666667,
2016-10-10,24.37125,211.15875,
2016-10-11,24.2208333333333,208.89625,
2016-10-12,23.9318181818182,202.421363636364,
2016-10-13,23.8641666666667,207.334166666667,
2016-10-14,23.7208695652174,211.214782608696,
2016-10-15,23.6320833333333,209.972916666667,
2016-10-16,23.5929166666667,212.087916666667,
2016-10-17,23.6895833333333,215.777083333333,
2016-10-18,23.5475,216.187916666667,
2016-10-19,23.4075,216.29,
2016-10-20,23.2845833333333,215.84125,
2016-10-21,23.155,216.797083333333,
2016-10-22,23.0445833333333,220.953333333333,
2016-10-23,23.0741666666667,219.954166666667,
2016-10-24,23.16875,228.844583333333,
2016-10-25,23.0041666666667,230.36875,
2016-10-26,23.0108333333333,218.147916666667,
2016-10-27,22.9416666666667,217.429583333333,
2016-10-28,22.775,216.297916666667,
2016-10-29,22.775652173913,217.70652173913,
2016-10-30,22.68875,218.615833333333,
2016-10-31,22.6214285714286,225.885,
2016-11-01,,,
2016-11-02,,,
2016-11-03,22.53,,
2016-11-04,22.5075,,
2016-11-05,22.4033333333333,,
2016-11-06,22.2020833333333,,
2016-11-07,21.86,,
2016-11-08,21.5008333333333,,
2016-11-09,21.3169565217391,,
2016-11-10,20.91375,,
2016-11-11,20.64125,,
2016-11-12,20.5383333333333,,
2016-11-13,20.35625,,
2016-11-14,20.0808333333333,,
2016-11-15,19.9858333333333,,
2016-11-16,19.77625,,
2016-11-17,19.6073913043478,,
2016-11-18,,,
2016-11-19,,,
2016-11-20,,,
2016-11-21,19.9214285714286,,
2016-11-22,19.8333333333333,,
2016-11-23,19.4379166666667,,
2016-11-24,19.2583333333333,,
2016-11-25,19.2645833333333,,
2016-11-26,19.0570833333333,,
2016-11-27,18.98625,,
2016-11-28,18.895,,
2016-11-29,18.78875,,
2016-11-30,18.5670833333333,,
2016-12-01,18.4070833333333,,
2016-12-02,18.44,,
2016-12-03,18.4466666666667,,
2016-12-04,18.2741666666667,,
2016-12-05,18.1175,,
2016-12-06,18.0895833333333,,
2016-12-07,17.96,,
2016-12-08,17.9833333333333,,
2016-12-09,17.94125,,
2016-12-10,17.9595833333333,,
2016-12-11,17.9575,,
2016-12-12,17.8072727272727,,
2016-12-13,17.7322222222222,,
2016-12-14,17.8827272727273,,
2016-12-15,,,
2016-12-16,,,
2016-12-17,,,
2016-12-18,,,
2016-12-19,,,
2016-12-20,,,
2016-12-21,,,
2016-12-22,,,
2016-12-23,,,
2016-12-24,,,
2016-12-25,,,
2016-12-26,,,
2016-12-27,,,
2016-12-28,,,
2016-12-29,,,
2016-12-30,,,
2016-12-31,,,
2017-01-01,,,
2017-01-02,,,
2017-01-03,,,
2017-01-04,,,
2017-01-05,,,
2017-01-06,,,
2017-01-07,,,
2017-01-08,,,
2017-01-09,,,
2017-01-10,,,
2017-01-11,,,
2017-01-12,,,
2017-01-13,,,
2017-01-14,,,
2017-01-15,,,
2017-01-16,,,
2017-01-17,,,
2017-01-18,,,
2017-01-19,,,
2017-01-20,,,
2017-01-21,,,
2017-01-22,,,
2017-01-23,,,
2017-01-24,11.5407692307692,158.231818181818,
2017-01-25,9.82380952380952,,
2017-01-26,10.52,,
2017-01-27,10.9833333333333,,
2017-01-28,,,
2017-01-29,,,
2017-01-30,12.714,,
2017-01-31,13.4091304347826,,
2017-02-01,12.615,262.645384615385,
2017-02-02,14.8470833333333,255.0925,
2017-02-03,14.9979166666667,248.5425,
2017-02-04,15,246.2225,
2017-02-05,14.8716666666667,247.370416666667,
2017-02-06,14.7279166666667,235.856666666667,
2017-02-07,14.6154166666667,239.135,
2017-02-08,14.47625,235.525,
2017-02-09,14.36375,238.12875,
2017-02-10,14.2979166666667,244.649166666667,
2017-02-11,14.26125,249.973333333333,
2017-02-12,14.3045833333333,250.340416666667,
2017-02-13,14.5908333333333,249.387916666667,
2017-02-14,14.7654166666667,249.142916666667,
2017-02-15,14.81125,250.726666666667,
2017-02-16,14.7091666666667,251.693333333333,
2017-02-17,14.7158333333333,253.46625,
2017-02-18,14.8216666666667,257.765416666667,
2017-02-19,14.8066666666667,259.180416666667,
2017-02-20,14.80875,252.997083333333,
2017-02-21,14.95625,249.275416666667,
2017-02-22,15.0033333333333,249.592916666667,
2017-02-23,15.0358333333333,253.094583333333,
2017-02-24,14.8654166666667,252.073333333333,
2017-02-25,14.7270833333333,252.328333333333,
2017-02-26,14.7733333333333,252.068333333333,
2017-02-27,14.79625,253.089583333333,
2017-02-28,14.8279166666667,252.774166666667,
2017-03-01,14.8958333333333,253.495833333333,
2017-03-02,15.0791666666667,254.6,
2017-03-03,15.1729166666667,257.86125,
2017-03-04,14.9316666666667,250.65375,
2017-03-05,14.8525,249.060833333333,
2017-03-06,14.9129166666667,249.6375,
2017-03-07,14.7579166666667,248.030416666667,
2017-03-08,14.8858333333333,243.160416666667,
2017-03-09,14.8875,250.10125,
2017-03-10,15.3341666666667,252.767083333333,
2017-03-11,15.41,254.398333333333,
2017-03-12,15.4754166666667,254.15,
2017-03-13,15.0291666666667,251.531666666667,
2017-03-14,14.8933333333333,251.536666666667,
2017-03-15,15.0445833333333,250.477083333333,
2017-03-16,15.2508333333333,250.74125,
2017-03-17,15.3845833333333,250.35,
2017-03-18,15.4716666666667,249.857083333333,
2017-03-19,15.6995833333333,248.9775,
2017-03-20,16.05375,249.275416666667,
2017-03-21,15.8766666666667,248.918333333333,
2017-03-22,15.8354166666667,249.163333333333,
2017-03-23,15.8279166666667,248.68875,
2017-03-24,15.6020833333333,248.104166666667,
2017-03-25,15.4108333333333,248.323333333333,
2017-03-26,15.5970833333333,247.6975,
2017-03-27,15.64,248.33375,
2017-03-28,15.9366666666667,249.777916666667,
2017-03-29,15.8241666666667,249.24125,
2017-03-30,16.1304166666667,251.907916666667,
2017-03-31,16.2554166666667,255.24,
2017-04-01,16.1708333333333,252.952916666667,
2017-04-02,16.21875,255.577916666667,
2017-04-03,16.1125,258.507916666667,
2017-04-04,16.0720833333333,255.732083333333,
2017-04-05,16.2133333333333,255.014583333333,
2017-04-06,15.95875,249.110416666667,
2017-04-07,15.95625,248.822083333333,
2017-04-08,16.30125,248.39625,
2017-04-09,16.5479166666667,248.714583333333,
2017-04-10,16.7045833333333,248.82625,
2017-04-11,16.6279166666667,249.187916666667,
2017-04-12,17.0016666666667,249.934166666667,
2017-04-13,17.2208333333333,249.759583333333,
2017-04-14,17.9616666666667,256.274583333333,
2017-04-15,17.6779166666667,248.26,
2017-04-16,17.5016666666667,247.072916666667,
2017-04-17,17.8520833333333,251.229166666667,
2017-04-18,18.1908333333333,245.632083333333,
2017-04-19,17.7433333333333,244.917916666667,
2017-04-20,17.3183333333333,245.715,
2017-04-21,17.2358333333333,245.738333333333,
2017-04-22,17.24625,245.924166666667,
2017-04-23,17.5058333333333,245.5975,
2017-04-24,17.5108333333333,245.055,
2017-04-25,17.635,244.425,
2017-04-26,17.8795833333333,243.555833333333,
2017-04-27,17.5033333333333,247.54125,
2017-04-28,17.26,246.725,
2017-04-29,17.0320833333333,244.4975,
2017-04-30,17.0625,243.408333333333,
2017-05-01,17.2079166666667,244.03,
2017-05-02,17.3679166666667,245.84625,
2017-05-03,17.5204166666667,247.160416666667,
2017-05-04,17.7520833333333,250.706666666667,
2017-05-05,18.0245833333333,249.31,
2017-05-06,18.1879166666667,248.460416666667,
2017-05-07,18.5820833333333,248.475,
2017-05-08,18.8245833333333,247.40875,
2017-05-09,18.7420833333333,242.241666666667,
2017-05-10,18.685,241.885833333333,
2017-05-11,18.7820833333333,241.7675,
2017-05-12,19.1895833333333,244.306666666667,
2017-05-13,19.6025,245.123333333333,
2017-05-14,19.9241666666667,241.885,
2017-05-15,19.9116666666667,238.1275,
2017-05-16,20.5183333333333,241.991666666667,
2017-05-17,20.93125,243.927916666667,
2017-05-18,20.51625,235.866666666667,
2017-05-19,20.4729166666667,234.909583333333,
2017-05-20,20.52375,234.460416666667,
2017-05-21,20.5525,233.404166666667,
2017-05-22,20.7629166666667,233.76625,
2017-05-23,20.8895833333333,233.79,
2017-05-24,21.19375,234.200833333333,
2017-05-25,21.7525,235.139583333333,
2017-05-26,22.0575,236.876666666667,
2017-05-27,22.1783333333333,231.33875,
2017-05-28,21.7120833333333,228.002083333333,
2017-05-29,21.5695833333333,227.407083333333,
2017-05-30,21.6420833333333,226.5475,
2017-05-31,21.9933333333333,227.127916666667,
2017-06-01,,,
2017-06-02,,,
2017-06-03,,,
2017-06-04,,,
2017-06-05,,,
2017-06-06,,,
2017-06-07,,,
2017-06-08,,,
2017-06-09,,,
2017-06-10,,,
2017-06-11,,,
2017-06-12,,,
2017-06-13,,,
2017-06-14,,,
2017-06-15,,,
2017-06-16,,,
2017-06-17,,,
2017-06-18,,,
2017-06-19,,,
2017-06-20,,,
2017-06-21,25.3,210.67,
2017-06-22,25.5741666666667,212.439583333333,
2017-06-23,26.07,216.727391304348,
2017-06-24,26.3795833333333,214.002916666667,
2017-06-25,25.95125,210.354166666667,
2017-06-26,25.9830434782609,210.239565217391,
2017-06-27,26.09625,208.952083333333,
2017-06-28,26.1295652173913,209.923913043478,
2017-06-29,26.39,207.16,
2017-06-30,25.91125,209.044583333333,
2017-07-01,24.5991666666667,216.93375,
2017-07-02,23.6845833333333,221.55,
2017-07-03,24.0854166666667,217.266666666667,
2017-07-04,24.4395833333333,215.117083333333,
2017-07-05,24.7829166666667,213.84625,
2017-07-06,25.1258333333333,212.537916666667,
2017-07-07,25.5425,209.743333333333,
2017-07-08,25.6620833333333,207.222916666667,
2017-07-09,25.7591666666667,208.141666666667,
2017-07-10,25.915,207.023333333333,
2017-07-11,26.1541666666667,204.249166666667,
2017-07-12,26.6475,202.53375,
2017-07-13,26.5945833333333,203.105416666667,
2017-07-14,26.70125,201.57125,
2017-07-15,26.7791666666667,201.468333333333,
2017-07-16,26.9158333333333,201.7125,
2017-07-17,,,
2017-07-18,27.049375,201.069375,
2017-07-19,26.9420833333333,201.449583333333,
2017-07-20,27.1979166666667,201.327916666667,
2017-07-21,27.3275,199.979166666667,
2017-07-22,27.075,199.587083333333,
2017-07-23,27.1641666666667,199.021666666667,
2017-07-24,27.2058333333333,198.298333333333,
2017-07-25,27.2720833333333,200.159583333333,
2017-07-26,27.0816666666667,199.603333333333,
2017-07-27,26.9579166666667,198.402083333333,
2017-07-28,27.1941666666667,198.899166666667,
2017-07-29,27.35875,197.434166666667,
2017-07-30,27.4679166666667,189.80875,
2017-07-31,27.72875,157.174117647059,
2017-08-01,27.9041666666667,166.456470588235,
2017-08-02,27.9558333333333,174.602916666667,
2017-08-03,28.2579166666667,183.577083333333,
2017-08-04,28.43625,177.583333333333,
2017-08-05,28.47375,187.36625,
2017-08-06,28.53625,180.317083333333,
2017-08-07,28.3521739130435,179.294782608696,
2017-08-08,28.3421739130435,183.08652173913,
2017-08-09,27.9066666666667,184.524166666667,
2017-08-10,27.3583333333333,187.6025,
2017-08-11,27.5625,187.131666666667,
2017-08-12,27.4829166666667,190.9425,
2017-08-13,27.4366666666667,186.884583333333,
2017-08-14,27.3016666666667,184.1875,
2017-08-15,27.55125,185.392916666667,
2017-08-16,27.7420833333333,185.011666666667,
2017-08-17,27.7745833333333,184.86125,
2017-08-18,27.8433333333333,184.84125,
2017-08-19,27.4116666666667,185.8575,
2017-08-20,27.4370833333333,184.626666666667,
2017-08-21,27.275652173913,184.620434782609,
2017-08-22,27.2216666666667,188.823333333333,
2017-08-23,27.2166666666667,190.454166666667,
2017-08-24,27.3375,191.879583333333,
2017-08-25,27.38375,194.572083333333,
2017-08-26,27.51375,194.205416666667,
2017-08-27,27.5720833333333,192.97875,
2017-08-28,27.695,190.869166666667,
2017-08-29,27.7325,185.17875,
2017-08-30,27.5716666666667,181.002916666667,
2017-08-31,27.4083333333333,179.01375,
2017-09-01,27.1883333333333,187.1075,
2017-09-02,26.8591666666667,186.956666666667,
2017-09-03,26.7741666666667,184.758333333333,
2017-09-04,26.76625,181.406666666667,
2017-09-05,26.8383333333333,184.34375,
2017-09-06,26.86375,180.318333333333,
2017-09-07,26.75625,181.061666666667,
2017-09-08,26.785,183.48375,
2017-09-09,26.7,186.194166666667,
2017-09-10,26.44625,177.719565217391,
2017-09-11,26.1941666666667,176.649130434783,
2017-09-12,25.9716666666667,157.827142857143,
2017-09-13,25.9825,154.865,
2017-09-14,25.9654166666667,160.022,
2017-09-15,25.64625,162.676470588235,
2017-09-16,25.2508333333333,161.575,
2017-09-17,25.17125,157.465,
2017-09-18,25.0204166666667,155.89,
2017-09-19,25.0613043478261,152.75,
2017-09-20,24.9458333333333,152.64,
2017-09-21,24.86875,160.26,
2017-09-22,24.8566666666667,153.598,
2017-09-23,24.8241666666667,156.726666666667,
2017-09-24,24.79375,160.12,
2017-09-25,24.815,160.690769230769,
2017-09-26,24.7175,155.264,
2017-09-27,24.6620833333333,153.78,
2017-09-28,24.5808333333333,162.334285714286,
2017-09-29,24.5616666666667,158.381,
2017-09-30,24.5120833333333,159.436666666667,
2017-10-01,24.4104166666667,155.3325,
2017-10-02,24.2179166666667,157.951111111111,
2017-10-03,24.185652173913,156.662222222222,
2017-10-04,24.1258333333333,165.798421052632,
2017-10-05,24.1316666666667,168.188666666667,
2017-10-06,24.10625,167.994615384615,
2017-10-07,23.985,161.851333333333,
2017-10-08,23.93125,156.036666666667,
2017-10-09,23.9460869565217,,
2017-10-10,23.9766666666667,155.0975,
2017-10-11,23.95375,154.51,
2017-10-12,23.9609090909091,152.46,
2017-10-13,23.9304166666667,,
2017-10-14,23.92625,,
2017-10-15,23.8630434782609,,
2017-10-16,23.7775,,
2017-10-17,23.7070833333333,,
2017-10-18,23.6858333333333,,
2017-10-19,23.5047826086957,,
2017-10-20,23.4566666666667,,
2017-10-21,23.3720833333333,,
2017-10-22,23.1558333333333,,
2017-10-23,23.0654166666667,,
2017-10-24,23.0441666666667,,
2017-10-25,22.99375,,
2017-10-26,22.96375,,
2017-10-27,22.9183333333333,,
2017-10-28,22.77875,,
2017-10-29,22.685,,
2017-10-30,22.6052173913043,,
2017-10-31,22.4529166666667,,
2017-11-01,22.3491666666667,,
2017-11-02,22.2633333333333,,
2017-11-03,22.31125,,
2017-11-04,22.2425,,
2017-11-05,22.0979166666667,,
2017-11-06,21.7875,,
2017-11-07,21.4429166666667,,
2017-11-08,21.3270833333333,,
2017-11-09,21.1679166666667,,
2017-11-10,20.9766666666667,162.6,
2017-11-11,20.9208333333333,,
2017-11-12,20.8120833333333,152.52,
2017-11-13,20.725,153.75,
2017-11-14,20.5579166666667,,
2017-11-15,20.3525,,
2017-11-16,20.3445833333333,155.3925,
2017-11-17,20.1870833333333,160.02,
2017-11-18,20.1825,,
2017-11-19,20.0166666666667,,
2017-11-20,20.0754166666667,171.99,
2017-11-21,20.1116666666667,197.2375,
2017-11-22,20.2270833333333,188.979090909091,
2017-11-23,20.17125,183.741111111111,
2017-11-24,20.0866666666667,186.491176470588,
2017-11-25,19.98625,189.604285714286,
2017-11-26,19.83375,172.708888888889,
2017-11-27,19.6125,,
2017-11-28,19.45375,186.314,
2017-11-29,19.3052173913043,172.92,
2017-11-30,19.1041666666667,169.699090909091,
2017-12-01,18.8716666666667,169.93,
2017-12-02,18.4241666666667,215.76380952381,
2017-12-03,17.7941666666667,224.661666666667,
2017-12-04,17.6245833333333,225.73625,
2017-12-05,17.73,227.787916666667,
2017-12-06,17.5170833333333,228.2225,
2017-12-07,17.5808333333333,229.160416666667,
2017-12-08,17.62125,228.2425,
2017-12-09,17.61,225.68625,
2017-12-10,17.4808333333333,226.78125,
2017-12-11,17.3775,225.698333333333,
2017-12-12,17.1673913043478,225.280434782609,
2017-12-13,16.845,223.28875,
2017-12-14,16.6647826086957,226.421739130435,
2017-12-15,16.6404166666667,226.4925,
2017-12-16,16.4645833333333,225.290833333333,
2017-12-17,16.5333333333333,224.823333333333,
2017-12-18,16.6416666666667,227.655,
2017-12-19,16.67625,229.38875,
2017-12-20,16.4341666666667,228.329583333333,
2017-12-21,16.2026086956522,228.919130434783,
2017-12-22,15.9970833333333,228.57,
2017-12-23,16.0470833333333,221.769583333333,
2017-12-24,15.835,218.99,
2017-12-25,16.2258333333333,227.714166666667,
2017-12-26,16.3282608695652,228.996086956522,
2017-12-27,16.2983333333333,228.355,
2017-12-28,16.1858333333333,227.820833333333,
2017-12-29,16.0654166666667,224.378333333333,
2017-12-30,16.0258333333333,222.9525,
2017-12-31,15.98875,222.243333333333,
2018-01-01,15.9020833333333,226.078333333333,
2018-01-02,15.8916666666667,230.7775,
2018-01-03,15.9629166666667,230.392083333333,
2018-01-04,16.0116666666667,231.621666666667,
2018-01-05,15.9454166666667,230.067916666667,
2018-01-06,15.98125,227.167083333333,
2018-01-07,15.94375,226.830833333333,
2018-01-08,15.81625,227.533333333333,
2018-01-09,15.6670833333333,230.518333333333,
2018-01-10,15.4979166666667,228.060416666667,
2018-01-11,15.4225,226.57125,
2018-01-12,15.4730434782609,225.13347826087,
2018-01-13,15.3366666666667,226.380833333333,
2018-01-14,15.24375,228.344166666667,
2018-01-15,15.2645833333333,221.6375,
2018-01-16,15.2247826086957,227.014347826087,
2018-01-17,15.2179166666667,231.299166666667,
2018-01-18,15.31875,220.364166666667,
2018-01-19,15.3166666666667,216.045555555556,
2018-02-16,14.79,,
2018-02-17,14.5104166666667,,
2018-02-18,14.5408333333333,,
2018-02-19,14.60125,,
2018-02-20,14.5541666666667,,
2018-02-21,14.4629166666667,,
2018-02-22,14.3469565217391,,
2018-02-23,14.23875,,
2018-02-24,14.3154166666667,,
2018-02-25,14.3325,,
2018-02-26,14.0941666666667,,
2018-02-27,13.9278260869565,,
2018-02-28,14.0925,,
2018-03-01,14.2641666666667,,
2018-03-02,14.0779166666667,,
2018-03-03,14.0770833333333,,
2018-03-04,14.2020833333333,,
2018-03-05,14.30125,,
2018-03-06,14.3420833333333,,
2018-03-07,14.2708333333333,,
2018-03-08,14.1841666666667,,
2018-03-09,14.3183333333333,,
2018-03-10,14.555,,
2018-03-11,14.4941666666667,,
2018-03-12,14.4666666666667,,
2018-03-13,14.3784210526316,,
2018-03-14,14.4366666666667,,
2018-03-15,14.4395652173913,,
2018-03-16,14.4804166666667,,
2018-03-17,14.4133333333333,,
2018-03-18,14.4683333333333,,
2018-03-19,14.3583333333333,,
2018-03-20,14.1966666666667,,
2018-03-21,14.0558333333333,,
2018-03-22,,,
2018-03-23,14.22,,
2018-03-24,14.08,,
2018-03-25,13.9229166666667,,
2018-03-26,14.0775,,
2018-03-27,14.1758333333333,,
2018-03-28,14.56,,
2018-03-29,14.9041666666667,,
2018-03-30,14.83125,,
2018-03-31,14.4629166666667,,
2018-04-01,14.655,,
2018-04-02,14.8895833333333,,
2018-04-03,14.8870833333333,,
2018-04-04,15.1154166666667,,
2018-04-05,15.7154166666667,,
2018-04-06,15.1882608695652,,
2018-04-07,15.2779166666667,,
2018-04-08,15.1545833333333,,
2018-04-09,15.5458333333333,,
2018-04-10,15.5129166666667,,
2018-04-11,14.9791666666667,,
2018-04-12,15.3541666666667,,
2018-04-13,15.2408695652174,,
2018-04-14,15.3020833333333,,
2018-04-15,15.41,,
2018-04-16,15.4620833333333,,
2018-04-17,15.5475,,
2018-04-18,16.0129166666667,,
2018-04-19,16.2533333333333,,
2018-04-20,16.6983333333333,,
2018-04-21,16.6616666666667,,
2018-04-22,17.2345833333333,,
2018-04-23,17.4795652173913,,
2018-04-24,17.0116666666667,,
2018-04-25,17.0921739130435,,
2018-04-26,16.63,,
2018-04-27,17.0095833333333,,
2018-04-28,17.2604166666667,,
2018-04-29,17.2504166666667,,
2018-04-30,17.1570833333333,,
2018-05-01,17.32,,
2018-05-02,17.0841666666667,,
2018-05-03,16.8933333333333,,
2018-05-04,16.8466666666667,,
2018-05-05,16.1625,,
2018-05-06,15.98125,,
2018-05-07,16.35875,,
2018-05-08,16.7333333333333,,
2018-05-09,16.9733333333333,,
2018-05-10,17.3958333333333,,
2018-05-11,17.96875,,
2018-05-12,18.26375,,
2018-05-13,18.0821739130435,,
2018-05-14,17.5995833333333,,
2018-05-15,17.39875,,
2018-05-16,17.5258333333333,,
2018-05-17,17.785,,
2018-05-18,17.98,,
2018-05-19,18.1320833333333,,
2018-05-20,18.5470833333333,,
2018-05-21,18.8041666666667,,
2018-05-22,19.0641666666667,,
2018-05-23,19.485,,
2018-05-24,19.7865217391304,,
2018-05-25,19.7391666666667,,
2018-05-26,20.0620833333333,,
2018-05-27,20.2458333333333,,
2018-05-28,20.2070833333333,,
2018-05-29,20.4195833333333,,
2018-05-30,20.5908333333333,,
2018-05-31,20.924347826087,,
2018-06-01,21.575,,
2018-06-02,21.6395833333333,,
2018-06-03,21.6952173913043,,
2018-06-04,21.7854166666667,,
2018-06-05,22.0495833333333,,
2018-06-06,21.7954166666667,,
2018-06-07,22.0181818181818,,
2018-06-08,22.21125,,
2018-06-09,22.53125,,
2018-06-10,22.4916666666667,,
2018-06-11,22.3320833333333,,
2018-06-12,23.3140909090909,,
2018-06-13,24.8741666666667,,
2018-06-14,22.7808333333333,,
2018-06-15,21.7954166666667,,
2018-06-16,22.3129166666667,,
2018-06-17,22.70125,,
2018-06-18,22.63375,,
2018-06-19,22.7875,,
2018-06-20,23.3121739130435,,
2018-06-21,23.64,,
2018-06-22,23.98625,,
2018-06-23,24.2445833333333,,
2018-06-24,24.4625,,
2018-06-25,24.7686956521739,,
2018-06-26,24.9883333333333,,
2018-06-27,25.2179166666667,,
2018-06-28,25.5583333333333,,
2018-06-29,25.8191666666667,,
2018-06-30,25.7258333333333,,
2018-07-01,25.64625,,
2018-07-02,25.7958333333333,,
2018-07-03,26.3695833333333,,
2018-07-04,26.2879166666667,,
2018-07-05,26.2491666666667,,
2018-07-06,26.46,,
2018-07-07,26.4470833333333,,
2018-07-08,26.5545833333333,,
2018-07-09,26.6692857142857,,
2018-07-10,26.7854166666667,,
2018-07-11,27.2720833333333,,
2018-07-12,27.44125,,
2018-07-13,27.3473913043478,,
2018-07-14,26.7695833333333,,
2018-07-15,26.9083333333333,,
2018-07-16,26.9204166666667,,
2018-07-17,27.2225,,
2018-07-18,27.09875,,
2018-07-19,26.9729166666667,,
2018-07-20,27.00625,,
2018-07-21,27.1286956521739,,
2018-07-22,27.3495652173913,,
2018-07-23,27.3265217391304,,
2018-07-24,27.5616666666667,,
2018-07-25,27.5354166666667,,
2018-07-26,27.4979166666667,,
2018-07-27,27.3783333333333,,
2018-07-28,27.54,,
2018-07-29,27.67625,,
2018-07-30,28.0873913043478,,
2018-07-31,28.31875,,
2018-08-01,28.2033333333333,,
2018-08-02,28.44125,,
2018-08-03,28.54,,
2018-08-04,28.8020833333333,,
2018-08-05,28.8725,,
2018-08-06,29.0454166666667,,
2018-08-07,29.02625,,
2018-08-08,28.9845833333333,,
2018-08-09,28.81875,,
2018-08-10,28.69375,,
2018-08-11,28.5891666666667,,
2018-08-12,28.6508333333333,,
2018-08-13,28.83625,,
2018-08-14,28.93125,,
2018-08-15,28.9008333333333,,
2018-08-16,28.7760869565217,,
2018-08-17,28.6304166666667,,
2018-08-18,28.3963636363636,,
2018-08-19,28.1133333333333,,
2018-08-20,28.0445833333333,,
2018-08-21,27.93,,
2018-08-22,27.9254166666667,,
2018-08-23,28.1875,,
2018-08-24,28.2945833333333,,
2018-08-25,28.1995833333333,,
2018-08-26,27.92875,,
2018-08-27,27.8290909090909,,
2018-08-28,27.8925,,
2018-08-29,28.0295652173913,,
2018-08-30,28.0554166666667,,
2018-08-31,27.86875,,
2018-09-01,27.6991666666667,,
2018-09-02,27.7379166666667,,
2018-09-03,27.71375,,
2018-09-04,27.6808333333333,,
2018-09-05,27.7295833333333,,
2018-09-06,27.6620833333333,,
2018-09-07,27.4483333333333,,
2018-09-08,27.3541666666667,,
2018-09-09,27.2908333333333,,
2018-09-10,27.14125,,
2018-09-11,27.0325,,
2018-09-12,26.9916666666667,,
2018-09-13,27.1454166666667,,
2018-09-14,26.96375,,
2018-09-15,26.7333333333333,,
2018-09-16,26.8891666666667,,
2018-09-17,26.7879166666667,,
2018-09-18,26.8329166666667,,
2018-09-19,26.84125,,
2018-09-20,26.7654166666667,,
2018-09-21,26.7791666666667,,
2018-09-22,26.87875,,
2018-09-23,26.8666666666667,,
2018-09-24,26.8525,,
2018-09-25,26.5770833333333,,
2018-09-26,26.2995833333333,,
2018-09-27,26.1770833333333,,
2018-09-28,26.1325,,
2018-09-29,26.1104166666667,,
2018-09-30,25.98625,,
2018-10-01,25.9033333333333,,
2018-10-02,25.6721739130435,,
2018-10-03,25.4204166666667,,
2018-10-04,25.315,,
2018-10-05,25.25375,,
2018-10-06,25.1845,,
2018-10-07,24.9966666666667,,
2018-10-08,24.8008333333333,,
2018-10-09,24.5133333333333,,
2018-10-10,24.4108333333333,,
2018-10-11,24.3920833333333,,
2018-10-12,24.4254166666667,,
2018-10-13,24.2554166666667,,
2018-10-14,23.5504347826087,,
2018-10-15,23.6675,,
2018-10-16,23.5265217391304,,
2018-10-17,23.305,,
2018-10-18,22.8639130434783,,
2018-10-19,22.8216666666667,,
2018-10-20,22.81125,,
2018-10-21,23.11375,,
2018-10-22,22.2270833333333,,
2018-10-23,22.185,,
2018-10-24,21.8995833333333,,
2018-10-25,21.8708333333333,,
2018-10-26,21.9654166666667,,
2018-10-27,21.7929166666667,,
2018-10-28,21.4316666666667,,
2018-10-29,20.8104166666667,,
2018-10-30,20.1233333333333,,
2018-10-31,18.52125,,
2018-11-01,18.3025,,
2018-11-02,18.0679166666667,,
2018-11-03,18.00375,,
2018-11-04,17.6958333333333,,
2018-11-05,17.7379166666667,,
2018-11-06,17.6666666666667,,
2018-11-07,17.4833333333333,,
2018-11-08,17.54375,,
2018-11-09,17.5016666666667,,
2018-11-10,17.3870833333333,,
2018-11-11,17.4833333333333,,
2018-11-12,17.5366666666667,,
2018-11-13,17.7258333333333,,
2018-11-14,17.7504166666667,,
2018-11-15,18.0020833333333,,
2018-11-16,18.3141666666667,,
2018-11-17,18.2,,
2018-11-18,17.9279166666667,,
2018-11-19,17.9454166666667,,
2018-11-20,17.8483333333333,,
2018-11-21,17.76125,,
2018-11-22,17.54125,,
2018-11-23,17.5475,,
2018-11-24,17.45125,,
2018-11-25,17.345,,
2018-11-26,17.19125,,
2018-11-27,17.2139130434783,,
2018-11-28,17.0870833333333,,
2018-11-29,16.8104166666667,,
2018-11-30,16.8066666666667,,
2018-12-01,16.5133333333333,,
2018-12-02,16.30375,,
2018-12-03,14.807,,
2018-12-04,13.5925,,
2018-12-05,,,
2018-12-06,,,
2018-12-07,,,
2018-12-08,,,
2018-12-09,,,
2018-12-10,,,
2018-12-11,16.566,231.59,8.1205
2018-12-12,16.51,230.184166666667,8.12508333333333
2018-12-13,16.5008333333333,230.93,8.12925
2018-12-14,16.1425,231.403333333333,8.12645833333333
2018-12-15,16.0058333333333,229.8475,8.119875
2018-12-16,16.0633333333333,229.38,8.119125
2018-12-17,16.0486956521739,232.572608695652,8.12545833333333
2018-12-18,15.9670833333333,233.410416666667,8.12804166666667
2018-12-19,15.904347826087,233.415217391304,8.12616666666667
2018-12-20,15.8783333333333,232.968333333333,8.12429166666667
2018-12-21,15.8429166666667,233.78,8.12220833333333
2018-12-22,16.0741666666667,235.332916666667,8.13033333333333
2018-12-23,16.1282608695652,235.415217391304,8.13516666666667
2018-12-24,16.18625,235.980833333333,8.13466666666667
2018-12-25,16.0779166666667,235.650416666667,8.13495833333333
2018-12-26,16.0883333333333,235.407916666667,8.13316666666667
2018-12-27,16.0391666666667,235.8425,8.13479166666667
2018-12-28,15.9858333333333,236.149166666667,8.13433333333333
2018-12-29,16.0078260869565,236.66652173913,8.134375
2018-12-30,16.0125,237.007083333333,8.13620833333333
2018-12-31,15.96125,238.33125,8.14245833333333
2019-01-01,15.9904166666667,238.4875,8.14133333333333
2019-01-02,16.0854166666667,238.461666666667,8.14183333333333
2019-01-03,16.0020833333333,237.322083333333,8.13941666666667
2019-01-04,15.8020833333333,239.612916666667,8.14183333333333
2019-01-05,15.7704166666667,240.414583333333,8.14570833333333
2019-01-06,15.69625,241.317083333333,8.14695833333333
2019-01-07,15.53125,242.5675,8.14920833333333
2019-01-08,15.45625,243.985,8.14979166666667
2019-01-09,15.365,244.127,8.15066666666667
2019-01-10,15.3391666666667,242.3875,8.15
2019-01-11,15.1475,241.9775,8.14983333333333
2019-01-12,15.3366666666667,241.272857142857,8.15054166666667
2019-01-13,,,8.15408333333333
2019-02-13,14.3691666666667,257.364166666667,8.15333333333333
2019-02-14,14.26875,257.919166666667,8.15191666666667
2019-02-15,14.2895833333333,257.16375,8.14683333333333
2019-02-16,14.2641666666667,257.140833333333,8.147625
2019-02-17,14.3045833333333,257.294583333333,8.14691666666667
2019-02-18,14.2770833333333,257.5125,8.146125
2019-02-19,14.2826086956522,257.655217391304,8.145875
2019-02-20,14.2770833333333,257.1225,8.14508333333333
2019-02-21,14.26375,257.11625,8.14441666666667
2019-02-22,14.1620833333333,255.7725,8.143875
2019-02-23,14.2895833333333,255.46625,8.14125
2019-02-24,14.1666666666667,256.710416666667,8.14525
2019-02-25,14.2031818181818,257.079565217391,8.14579166666667
2019-02-26,14.2833333333333,257.860833333333,8.14520833333333
2019-02-27,14.2479166666667,256.95375,8.14308333333333
2019-02-28,14.385,256.499166666667,8.139
2019-03-01,14.6229166666667,257.433333333333,8.13795833333333
2019-03-02,14.52375,257.49375,8.13954166666667
2019-03-03,14.5308333333333,257.555,8.13883333333333
2019-03-04,14.6904347826087,257.50652173913,8.13745833333333
2019-03-05,14.7954166666667,258.091666666667,8.14029166666667
2019-03-06,14.7754166666667,257.736666666667,8.1385
2019-03-07,14.7183333333333,256.940416666667,8.13908333333333
2019-03-08,14.8791304347826,256.117826086957,8.13470833333333
2019-03-09,14.9845833333333,256.424166666667,8.13395833333333
2019-03-10,15.1021739130435,256.218260869565,8.13233333333333
2019-03-11,15.21125,257.601666666667,8.13495833333333
2019-03-12,15.1126086956522,258.015217391304,8.13759090909091
2019-03-13,14.8458333333333,257.61125,8.14095833333333
2019-03-14,14.8504166666667,256.138333333333,8.13833333333333
2019-03-15,14.9891666666667,258.509166666667,8.14270833333333
2019-03-16,15.1829166666667,259.523333333333,8.14345833333333
2019-03-17,15.11,255.237916666667,8.13408333333333
2019-03-18,,,8.14329166666667
2019-03-19,,,8.14425
2019-03-20,,,8.14741666666667
2019-03-21,,,8.14620833333333
2019-03-22,,,8.144
2019-03-23,,,8.13729166666667
2019-03-24,,,8.13720833333333
2019-03-25,,,8.13145833333333
2019-03-26,,,8.13870833333333
2019-03-27,,,8.15120833333333
2019-03-28,,,8.147125
2019-03-29,,,8.143875
2019-03-30,,,8.14579166666667
2019-03-31,,,8.13725
2019-04-01,15.0858333333333,252.656666666667,8.12804166666667
2019-04-02,15.2158333333333,252.39625,8.12520833333333
2019-04-03,15.27,252.49,8.12358333333333
2019-04-04,15.21625,252.414583333333,8.1265
2019-04-05,15.2729166666667,253.079583333333,8.128
2019-04-06,15.2175,254.78875,8.13416666666667
2019-04-07,15.1791304347826,251.906086956522,8.13154166666667
2019-04-08,15.28125,253.769166666667,8.13195833333333
2019-04-09,15.4230434782609,255.565652173913,8.13475
2019-04-10,15.3791666666667,255.615,8.13608333333333
2019-04-11,15.5325,253.763333333333,8.1295
2019-04-12,15.8154166666667,253.39,8.12608333333333
2019-04-13,15.6670833333333,253.9925,8.1285
2019-04-14,15.9129166666667,254.695,8.12804166666667
2019-04-15,15.9475,252.861666666667,8.125
2019-04-16,16.0173913043478,249.537391304348,8.1165
2019-04-17,16.1454166666667,249.86875,8.116375
2019-04-18,15.9591666666667,249.308333333333,8.119125
2019-04-19,15.9839130434783,249.924782608696,8.11875
2019-04-20,15.7981818181818,249.180909090909,8.12070833333333
2019-04-21,15.7140909090909,248.408260869565,8.12108333333333
2019-04-22,15.67625,247.026666666667,8.11704166666667
2019-04-23,15.8745454545455,246.150909090909,8.11783333333333
2019-04-24,15.99875,249.135833333333,8.12195833333333
2019-04-25,16.0145833333333,249.1725,8.11858333333333
2019-04-26,16.2725,247.861666666667,8.11308333333333
2019-04-27,16.5047826086957,247.188260869565,8.11029166666667
2019-04-28,16.7083333333333,250.185833333333,8.11466666666667
2019-04-29,17.0282608695652,253.100434782609,8.11345833333333
2019-04-30,17.0716666666667,251.027083333333,8.110875
2019-05-01,17.3729166666667,250.18,8.10533333333333
2019-05-02,17.3045833333333,248.712083333333,8.1
2019-05-03,17.2578260869565,246.545652173913,8.09875
2019-05-04,17.30125,248.24625,8.104125
2019-05-05,17.3495652173913,250.719565217391,8.11170833333333
2019-05-06,17.2875,250.093333333333,8.109
2019-05-07,17.3445833333333,245.49125,8.09833333333333
2019-05-08,17.6125,245.33,8.09591666666667
2019-05-09,17.8708333333333,246.548333333333,8.09916666666667
2019-05-10,18.18625,247.61875,8.1015
2019-05-11,18.8154166666667,251.86625,8.11079166666667
2019-05-12,18.4879166666667,252.338333333333,8.11304166666667
2019-05-13,18.4354166666667,250.312083333333,8.10866666666667
2019-05-14,18.3991666666667,249.895,8.11275
2019-05-15,18.6933333333333,248.9175,8.10766666666667
2019-05-16,18.42375,248.333333333333,8.108125
2019-05-17,18.31375,243.493333333333,8.093125
2019-05-18,18.2779166666667,244.445,8.09866666666667
2019-05-19,18.2429166666667,245.595416666667,8.10445833333333
2019-05-20,18.2720833333333,244.775833333333,8.10454166666667
2019-05-21,18.3583333333333,244.4775,8.10225
2019-05-22,18.6791666666667,245.97,8.10479166666667
2019-05-23,19.1370833333333,244.40875,8.09404166666667
2019-05-24,19.11375,242.493333333333,8.08466666666667
2019-05-25,18.8220833333333,244.574583333333,8.097625
2019-05-26,18.8517391304348,249.590434782609,8.10795833333333
2019-05-27,18.8625,247.02625,8.10175
2019-05-28,19.0758333333333,238.748333333333,8.0765
2019-05-29,19.1216666666667,240.889166666667,8.08354166666667
2019-05-30,19.2445833333333,245.746666666667,8.093125
2019-05-31,19.8066666666667,250.77125,8.1045
2019-06-01,20.3839130434783,248.415217391304,8.09841666666667
2019-06-02,20.3225,242.510833333333,8.08020833333333
2019-06-03,20.4126086956522,234.791739130435,8.05570833333333
2019-06-04,20.7095833333333,232.877083333333,8.04958333333333
2019-06-05,20.9479166666667,230.42625,8.04329166666667
2019-06-06,21.1154166666667,234.860416666667,8.05375
2019-06-07,21.2404166666667,232.912916666667,8.05066666666667
2019-06-08,21.0983333333333,235.992083333333,8.06266666666667
2019-06-09,20.9879166666667,231.788333333333,8.0565
2019-06-10,21.1708333333333,230.412083333333,8.05308333333333
2019-06-11,21.3254166666667,229.654583333333,8.04970833333333
2019-06-12,21.3029166666667,231.420833333333,8.055375
2019-06-13,21.3141666666667,233.927083333333,8.062875
2019-06-14,20.9883333333333,232.541666666667,8.06266666666667
2019-06-15,21.3208333333333,229.669166666667,8.050875
2019-06-16,21.5458333333333,233.933333333333,8.065375
2019-06-17,21.8608333333333,234.890833333333,8.066875
2019-06-18,22.485,241.1925,8.07841666666667
2019-06-19,22.7658333333333,238.828333333333,8.070125
2019-06-20,22.9125,233.615833333333,8.055125
2019-06-21,23.1083333333333,228.355,8.04075
2019-06-22,23.11875,228.300416666667,8.04291666666667
2019-06-23,23.3225,225.76,8.03158333333333
2019-06-24,22.9795833333333,224.380416666667,8.02770833333333
2019-06-25,23.4670833333333,223.739166666667,8.01755555555556
2019-06-26,23.7641666666667,223.527083333333,
2019-06-27,23.8660869565217,222.505217391304,
2019-06-28,24.57125,223.06125,
2019-06-29,24.6983333333333,219.428333333333,
2019-06-30,24.9458333333333,218.049166666667,
2019-07-01,25.01875,216.903333333333,
2019-07-02,25.3358333333333,217.28375,
2019-07-03,25.6434782608696,216.703043478261,
2019-07-04,25.8220833333333,215.187916666667,
2019-07-05,26.0466666666667,211.2825,
2019-07-06,26.2658333333333,211.710416666667,
2019-07-07,26.6041666666667,211.174583333333,
2019-07-08,26.5078260869565,214.01652173913,
2019-07-09,25.5841666666667,213.82625,
2019-07-10,25.8508333333333,216.195833333333,
2019-07-11,26.0783333333333,213.9325,
2019-07-12,26.3758333333333,212.387916666667,
2019-07-13,26.6695833333333,212.45125,
2019-07-14,26.5795833333333,208.877083333333,
2019-07-15,26.5191666666667,208.838333333333,
2019-07-16,26.4691666666667,210.3575,
2019-07-17,26.8691666666667,221.2275,8.01630769230769
2019-07-18,26.7383333333333,212.0025,7.99695833333333
2019-07-19,26.6629166666667,211.766666666667,7.993375
2019-07-20,26.5872727272727,209.487272727273,7.98729166666667
2019-07-21,26.5908333333333,208.39625,7.98379166666667
2019-07-22,26.7554166666667,209.205,7.98504166666667
2019-07-23,27.235,212.046666666667,7.99125
2019-07-24,27.16625,208.189583333333,7.980625
2019-07-25,27.3825,208.9925,7.98333333333333
2019-07-26,27.35125,207.6175,7.97916666666667
2019-07-27,27.3195833333333,207.89125,7.97966666666667
2019-07-28,27.3970833333333,209.721666666667,7.985875
2019-07-29,27.1583333333333,209.272916666667,7.985125
2019-07-30,27.2375,209.527916666667,7.98095833333333
2019-07-31,26.8679166666667,210.105416666667,7.98858333333333
2019-08-01,26.6070833333333,209.714583333333,7.988625
2019-08-02,26.60625,210.809166666667,7.98904166666667
2019-08-03,26.6945833333333,210.099583333333,7.98691666666667
2019-08-04,26.8329166666667,212.208333333333,7.98816666666667
2019-08-05,27.0058333333333,212.015416666667,7.98645833333333
2019-08-06,27.11375,209.565,7.98045833333333
2019-08-07,27.3025,210.896666666667,7.98120833333333
2019-08-08,27.40875,208.520833333333,7.98058333333333
2019-08-09,27.67375,208.202916666667,7.97666666666667
2019-08-10,27.9025,207.68125,7.97354166666667
2019-08-11,28.2033333333333,208.645416666667,7.972375
2019-08-12,28.0686956521739,207.955217391304,7.9745
2019-08-13,27.3941666666667,210.013333333333,7.98279166666667
2019-08-14,27.2279166666667,208.91875,7.98404166666667
2019-08-15,27.25875,209.657916666667,7.98179166666667
2019-08-16,27.295,209.982083333333,7.98425
2019-08-17,27.32875,210.585833333333,7.98454166666667
2019-08-18,27.3895833333333,210.627916666667,7.98366666666667
2019-08-19,27.3854166666667,210.504583333333,7.98383333333333
2019-08-20,27.3883333333333,210.212916666667,7.98525
2019-08-21,27.015,210.491666666667,7.99091666666667
2019-08-22,26.7629166666667,210.230416666667,7.99008333333333
2019-08-23,26.6204166666667,211.473333333333,7.99183333333333
2019-08-24,26.865,211.929166666667,7.991375
2019-08-25,27.085,212.356666666667,7.9905
2019-08-26,27.0783333333333,211.660833333333,7.98841666666667
2019-08-27,26.9795833333333,212.051666666667,7.98883333333333
2019-08-28,26.9058333333333,211.12,7.98979166666667
2019-08-29,26.9566666666667,210.0375,7.98770833333333
2019-08-30,26.964347826087,210.368695652174,7.98929166666667
2019-08-31,27.0366666666667,209.47125,7.9865
2019-09-01,27.1054166666667,210.192083333333,7.98725
2019-09-02,27.0304166666667,211.124583333333,7.987875
2019-09-03,26.86,210.8275,7.994625
2019-09-04,26.7941666666667,210.60375,7.995
2019-09-05,26.75,211.187916666667,7.993
2019-09-06,26.8341666666667,213.9,7.99154166666667
2019-09-07,26.3666666666667,212.78,7.99808333333333
2019-09-08,26.13875,214.11625,8.00454166666667
2019-09-09,26.02375,213.39,8.00733333333333
2019-09-10,25.8666666666667,212.50125,8.008
2019-09-11,25.6745833333333,213.961666666667,8.00508333333333
2019-09-12,24.7875,218.203333333333,8.02233333333333
2019-09-13,24.56375,219.105416666667,8.02658333333333
2019-09-14,24.3973913043478,219.429130434783,8.02345833333333
2019-09-15,24.37375,220.48625,8.0185
2019-09-16,24.435,222.240833333333,8.021875
2019-09-17,24.6370833333333,222.850416666667,8.02929166666667
2019-09-18,24.8408333333333,220.168333333333,8.02341666666667
2019-09-19,24.9658333333333,220.089166666667,8.01779166666667
2019-09-20,24.8941666666667,220.119166666667,8.0185
2019-09-21,24.96125,218.926666666667,8.02483333333333
2019-09-22,25.10625,218.485416666667,8.02879166666667
2019-09-23,25.1075,222.701666666667,8.02466666666667
2019-09-24,25.0920833333333,222.42125,8.02466666666667
2019-09-25,25.2183333333333,220.356666666667,8.01841666666667
2019-09-26,25.1391666666667,219.540833333333,8.02708333333333
2019-09-27,25.2016666666667,221.0725,8.026625
2019-09-28,25.25375,219.11875,8.023375
2019-09-29,25.2826086956522,218.228260869565,8.02304166666667
2019-09-30,25.3308333333333,219.897083333333,8.02308333333333
2019-10-01,25.3816666666667,219.542083333333,8.02254166666667
2019-10-02,25.2870833333333,217.712083333333,8.01366666666667
2019-10-03,25.1425,216.725,8.01570833333333
2019-10-04,24.9979166666667,219.0325,8.02020833333333
2019-10-05,24.965,218.906666666667,8.01725
2019-10-06,24.7570833333333,218.775833333333,8.01933333333333
2019-10-07,24.61375,220.256666666667,8.022
2019-10-08,24.4241666666667,219.947916666667,8.028125
2019-10-09,24.42375,221.369583333333,8.0355
2019-10-10,24.3178260869565,220.669130434783,8.03004166666667
2019-10-11,24.25875,220.01375,8.039375
2019-10-12,24.25125,220.342916666667,8.03320833333333
2019-10-13,24.3520833333333,221.82375,8.03704166666667
2019-10-14,24.2795833333333,221.06625,8.03633333333333
2019-10-15,24.0791666666667,219.964166666667,8.03708333333333
2019-10-16,23.9220833333333,222.894166666667,8.04504166666667
2019-10-17,23.7245833333333,223.1125,8.04758333333333
2019-10-18,23.6729166666667,220.35625,8.03420833333333
2019-10-19,23.6195833333333,218.795,8.0285
2019-10-20,23.4804166666667,221.277083333333,8.02870833333333
2019-10-21,23.2320833333333,223.478333333333,8.03945833333333
2019-10-22,22.9620833333333,220.829166666667,8.04266666666667
2019-10-23,22.6958333333333,223.60375,8.05054166666667
2019-10-24,22.2808333333333,221.805,8.03908333333333
2019-10-25,22.42,225.226666666667,8.04258333333333
2019-10-26,22.4086956521739,225.900869565217,8.04795833333333
2019-10-27,22.2616666666667,226.911666666667,8.056375
2019-10-28,22.22125,226.58875,8.061375
2019-10-29,22.1541666666667,230.134583333333,8.06204166666667
2019-10-30,22.2208333333333,231.12375,8.06041666666667
2019-10-31,22.1695833333333,230.899166666667,8.05079166666667
2019-11-01,22.1225,232.26125,8.05270833333333
2019-11-02,22.07875,229.940833333333,8.05558333333333
2019-11-03,21.9304166666667,225.356666666667,8.04552380952381
2019-11-04,21.71125,231.15375,8.06726666666667
2019-11-05,21.215,232.435,8.06220833333333
2019-11-06,20.7525,233.828333333333,8.058
2019-11-07,20.2154545454545,236.162083333333,8.06691666666667
2019-11-08,,,8.06104166666667
2019-12-19,16.038,236.692,8.11716666666667
2019-12-20,16.05125,234.27625,8.11420833333333
2019-12-21,16.0883333333333,234.425833333333,8.110875
2019-12-22,16.025,233.71125,8.10083333333333
2019-12-23,15.8825,235.12875,8.10075
2019-12-24,15.7883333333333,236.16,8.09275
2019-12-25,15.735,238.001666666667,8.09025
2019-12-26,15.6608695652174,241.957391304348,8.09641666666667
2019-12-27,15.59,244.191666666667,8.09970833333333
2019-12-28,15.75875,241.784583333333,8.10154166666667
2019-12-29,15.6820833333333,241.789583333333,8.10695833333333
2019-12-30,15.68875,240.470416666667,8.10854166666667
2019-12-31,15.6620833333333,239.874166666667,8.1075
2020-01-01,15.5833333333333,237.783333333333,8.1055
2020-01-02,15.5825,237.67125,8.10116666666667
2020-01-03,15.6916666666667,237.770416666667,8.09970833333333
2020-01-04,15.6683333333333,238.054583333333,8.101625
2020-01-05,15.7330434782609,237.165217391304,8.10391666666667
2020-01-06,15.7395833333333,236.55625,8.11025
2020-01-07,15.7445454545455,236.789090909091,8.11333333333333
2020-01-08,15.5941666666667,238.885416666667,8.11516666666667
2020-01-09,15.5016666666667,240.134583333333,8.12070833333333
2020-01-10,15.2239130434783,244.085652173913,8.12433333333333
2020-01-11,15.3670833333333,240.45625,8.11979166666667
2020-01-12,15.5541666666667,240.345,8.12633333333333
2020-01-13,15.52875,240.889166666667,8.12433333333333
2020-01-14,15.45625,241.42875,8.12129166666667
2020-01-15,15.3991666666667,241.440833333333,8.12133333333333
2020-01-16,15.3765217391304,241.187826086957,8.121875
2020-01-17,15.305,241.434166666667,8.1195
2020-01-18,15.334347826087,240.026086956522,8.1165
2020-01-19,15.20125,240.270833333333,8.1165652173913
2020-01-20,15.0891666666667,239.602083333333,8.11604166666667
2020-01-21,15.2383333333333,239.645,8.1155
2020-01-22,15.2420833333333,240.12125,8.11745833333333
2020-01-23,15.3158333333333,240.827083333333,8.11729166666667
2020-01-24,15.2629166666667,241.093333333333,8.11991666666667
2020-01-25,15.19,242.281666666667,8.12208333333333
2020-01-26,14.9831818181818,245.144090909091,8.12225
2020-01-27,14.7904166666667,248.443333333333,8.12304166666667
2020-01-28,14.9308333333333,245.59125,8.1155
2020-01-29,15.07125,245.08375,8.11045833333333
2020-01-30,15.1495833333333,245.257916666667,8.112125
2020-01-31,15.1417391304348,249.012173913043,8.10679166666667
2020-02-01,15.1083333333333,248.58,8.10266666666667
2020-02-02,15.1358333333333,248.059583333333,8.10595833333333
2020-02-03,15.1991304347826,248.220434782609,8.10791666666667
2020-02-04,15.2726086956522,248.812608695652,8.11325
2020-02-05,15.1760869565217,249.224782608696,8.1154347826087
2020-02-06,15.1329166666667,249.77375,8.1265
2020-02-07,15.0679166666667,252.02,8.12141666666667
2020-02-08,15.03125,253.1525,8.128625
2020-02-09,15.1366666666667,253.065833333333,8.13208333333333
2020-02-10,15.0425,254.335833333333,8.12929166666667
2020-03-12,15.8429166666667,,8.11179166666667
2020-03-13,15.5441666666667,,8.12495833333333
2020-03-14,15.6204166666667,,8.1275
2020-03-15,15.6566666666667,,8.12691666666667
2020-03-16,15.765,,8.11754166666667
2020-03-17,15.8341666666667,,8.11533333333333
2020-03-18,15.7716666666667,,8.11983333333333
2020-03-19,15.8334782608696,,8.12445833333333
2020-03-20,15.81375,,8.124875
2020-03-21,15.8133333333333,,8.12645833333333
2020-03-22,16.0058333333333,,8.12995833333333
2020-03-23,15.94125,,8.13075
2020-03-24,15.7833333333333,,8.12760869565217
2020-03-25,15.7279166666667,,8.12841666666667
2020-03-26,15.5983333333333,,8.12225
2020-03-27,15.7008333333333,,8.12220833333333
2020-03-28,15.6441666666667,,8.12220833333333
2020-03-29,15.68625,,8.12833333333333
2020-03-30,15.7279166666667,,8.12558333333333
2020-03-31,15.7304166666667,,8.118
2020-04-01,15.85625,,8.11852173913043
2020-04-02,15.9704166666667,,8.11670833333333
2020-04-03,15.8708333333333,,8.12233333333333
2020-04-04,16.12,,8.125875
2020-04-05,16.2479166666667,,8.123625
2020-04-06,16.26625,,8.110375
2020-04-07,16.42375,,8.10916666666667
2020-04-08,16.52125,,8.10675
2020-04-09,16.68875,,8.10320833333333
2020-04-10,16.9829166666667,,8.10433333333333
2020-04-11,17.08,,8.10095833333333
2020-04-12,17.0879166666667,,8.0945
2020-04-13,17.1333333333333,,8.09375
2020-04-14,17.2241666666667,,8.09004166666667
2020-04-15,17.2858333333333,,8.09725
2020-04-16,17.53875,,8.10283333333333
2020-04-17,18.03375,,8.109125
2020-04-18,18.2458333333333,,8.09095833333333
2020-04-19,17.9766666666667,,8.084
2020-04-20,17.6654166666667,,8.0855
2020-04-21,17.7734782608696,,8.09258333333333
2020-04-22,17.9454166666667,,8.09325
2020-04-23,17.9454166666667,,8.09754166666667
2020-04-24,18.1525,,8.08945833333333
2020-04-25,18.1858333333333,,8.08729166666667
2020-04-26,18.4645833333333,,8.09495833333333
2020-04-27,18.3469565217391,,8.0875
2020-04-28,18.2745833333333,,8.08325
2020-04-29,18.65375,,8.085
2020-04-30,18.6854166666667,,8.09404166666667
2020-05-01,18.2695833333333,,8.092875
2020-05-02,18.4166666666667,,8.09045833333333
2020-05-03,19.28375,,8.09216666666667
2020-05-04,19.5520833333333,,8.08204166666667
2020-05-05,19.88,,8.07420833333333
2020-05-06,20.13125,,8.06808333333333
2020-05-07,20.1542857142857,,8.07158333333333
2020-05-08,20.0695833333333,,8.076125
2020-05-09,20.1620833333333,,8.06225
2020-05-10,19.8929166666667,,8.06191666666667
2020-05-11,19.7529166666667,,8.06470833333333
2020-05-12,20.21125,,8.06863636363636
2020-05-13,19.9620833333333,,8.05775
2020-05-14,19.8545833333333,,8.05975
2020-05-15,19.8329166666667,,8.06317391304348
2020-05-16,19.3358333333333,,8.06958333333333
2020-05-17,19.05875,,8.064375
2020-05-18,19.04,,8.06775
2020-05-19,19.18375,,8.0705
2020-05-20,19.78375,,8.07195652173913
2020-05-21,20.5391666666667,,8.06833333333333
2020-05-22,21.4473913043478,,8.04833333333333
2020-05-23,21.7145833333333,,8.04025
2020-05-24,20.7583333333333,,8.05720833333333
2020-05-25,20.88375,,8.03641666666667
2020-05-26,21.1766666666667,,8.05075
2020-05-27,21.5083333333333,,8.03533333333333
2020-05-28,21.75375,,8.03541666666667
2020-05-29,21.8166666666667,,8.03566666666667
2020-05-30,21.9475,,8.04045833333333
2020-05-31,21.9108333333333,,8.028625
2020-06-01,21.9308333333333,,8.0355
2020-06-02,22.0516666666667,,8.02691666666667
2020-06-03,22.2945833333333,,8.02029166666667
2020-06-04,22.2416666666667,,8.008
2020-06-05,22.3345833333333,,8.04704166666667
2020-06-06,22.3291666666667,,8.04233333333333
2020-06-07,22.4495833333333,,8.02933333333333
2020-06-08,21.7266666666667,,8.02666666666667
2020-06-09,21.3120833333333,,8.04675
2020-06-10,21.6833333333333,,8.03058333333333
2020-06-11,22.1333333333333,,8.03554166666667
2020-06-12,22.05375,,8.02795833333333
2020-06-13,22.0608333333333,,8.03121739130435
2020-06-14,22.60625,,8.03041666666667
2020-06-15,23.1539130434783,,8.01529166666667
2020-06-16,23.2095833333333,,7.97669565217391
2020-06-17,23.3629166666667,,7.977875
2020-06-18,23.385,,7.95291666666667
2020-06-19,23.42,,7.94916666666667
2020-06-20,23.6116666666667,,7.95733333333333
2020-06-21,23.90375,,7.95908333333333
2020-06-22,24.1275,,7.96775
2020-06-23,24.4079166666667,,7.95433333333333
2020-06-24,24.6879166666667,,7.97195833333333
2020-06-25,24.7945833333333,,7.96283333333333
2020-06-26,24.5633333333333,,7.96758333333333
2020-06-27,24.6825,,7.97733333333333
2020-06-28,24.9054166666667,,7.98666666666667
2020-06-29,25.35375,,7.98378260869565
2020-06-30,25.5208333333333,,7.97639130434783
2020-07-01,25.615,,7.98095652173913
2020-07-02,25.9445833333333,,7.962
2020-07-03,25.8941666666667,,
2020-07-04,25.6458333333333,,
2020-07-05,25.79,,
2020-07-06,25.94,,
2020-07-07,26.25,,
2020-07-08,26.1654166666667,,7.99021428571429
2020-07-09,26.1966666666667,,7.99782608695652
2020-07-10,26.145,,7.99917391304348
2020-07-11,25.8983333333333,,7.99613636363636
2020-07-12,25.7970833333333,,7.99604166666667
2020-07-13,25.97,,7.99733333333333
2020-07-14,26.08625,,7.99341666666667
2020-07-15,25.9941666666667,,7.992875
2020-07-16,26.1470833333333,,8.00145833333333
2020-07-17,26.2979166666667,,8.00441666666667
2020-07-18,26.2116666666667,,8.00179166666667
2020-07-19,26.36125,,8.0015
2020-07-20,26.5491666666667,,7.99775
2020-07-21,26.39375,,7.98341666666667
2020-07-22,26.4234782608696,,7.98675
2020-07-23,26.2966666666667,,7.98683333333333
2020-07-24,26.4525,,7.986875
2020-07-25,26.6933333333333,,7.98654166666667
2020-07-26,26.7479166666667,,7.98791666666667
2020-07-27,26.8958333333333,,7.98708333333333
2020-07-28,27.1075,,7.98566666666667
2020-07-29,27.20125,,7.986375
2020-07-30,27.2095833333333,,7.9884347826087
2020-07-31,27.7095833333333,,7.98654166666667
2020-08-01,27.75625,,7.98304166666667
2020-08-02,27.4258333333333,,7.97591666666667
2020-08-03,27.5525,,7.97858333333333
2020-08-04,26.9879166666667,,7.98195833333333
2020-08-05,27.0054166666667,,7.98033333333333
2020-08-06,27.2483333333333,,7.97895833333333
2020-08-07,27.2904166666667,,7.97825
2020-08-08,27.4283333333333,,7.98075
2020-08-09,27.6604166666667,,7.97754166666667
2020-08-10,27.5166666666667,,7.97379166666667
2020-08-11,27.4525,,7.971875
2020-08-12,27.2658333333333,,7.97258333333333
2020-08-13,27.4441666666667,,7.97225
2020-08-14,27.6066666666667,,7.976125
2020-08-15,27.6091666666667,,7.971375
2020-08-16,27.7708333333333,,7.96925
2020-08-17,27.9222727272727,,7.96875
2020-08-18,28.0818181818182,,7.967
2020-08-19,28.147619047619,,7.96679166666667
2020-08-20,28.1118181818182,,7.96679166666667
2020-08-21,28.1304761904762,,7.96783333333333
2020-08-22,28.3804347826087,,7.96470833333333
2020-08-23,28.2042857142857,,7.96575
2020-08-24,27.9119047619048,,7.96729166666667
2020-08-25,27.9,,7.96979166666667
2020-08-26,27.9745,,7.96895833333333
2020-08-27,28.237,,7.96195833333333
2020-08-28,28.4668181818182,,7.955875
2020-08-29,28.2911111111111,,7.96475
2020-08-30,27.6605,,7.97779166666667
2020-08-31,27.342,,7.98508333333333
2020-09-01,27.2163636363636,,7.97620833333333
2020-09-02,27.0985714285714,,7.97829166666667
2020-09-03,27.0004166666667,,7.98545833333333
2020-09-04,26.9575,,7.98104166666667
2020-09-05,26.8766666666667,,7.98216666666667
2020-09-06,26.8079166666667,,7.98795833333333
2020-09-07,26.4383333333333,,7.98116666666667
2020-09-08,26.2916666666667,,7.99633333333333
2020-09-09,26.3766666666667,,7.98929166666667
2020-09-10,26.22875,,7.99841666666667
2020-09-11,26.1747826086957,,7.99645833333333
2020-09-12,26.2104166666667,,7.99491666666667
2020-09-13,26.22125,,7.99733333333333
2020-09-14,26.1758333333333,,8.00720833333333
2020-09-15,26.1504166666667,,8.00041666666667
2020-09-16,26.1979166666667,,8.00158333333333
2020-09-17,26.12625,,7.99941666666667
2020-09-18,26.2466666666667,,7.99229166666667
2020-09-19,26.2116666666667,,7.99491666666667
2020-09-20,26.1558333333333,,7.98645833333333
2020-09-21,26.0358333333333,,7.99954166666667
2020-09-22,26.0379166666667,,8.00316666666667
2020-09-23,25.9754166666667,,8.004125
2020-09-24,25.9175,,8.00554166666667
2020-09-25,25.2713043478261,,8.01129166666667
2020-09-26,22.2833333333333,,8.050625
2020-09-27,23.4133333333333,,8.05033333333333
2020-09-28,23.26875,,8.04283333333333
2020-09-29,23.5833333333333,,8.04233333333333
2020-09-30,23.6879166666667,,8.03608333333333
2020-10-01,23.6075,,8.03733333333333
2020-10-02,23.555,,8.034
2020-10-03,23.3245833333333,,8.02229166666667
2020-10-04,22.8991666666667,,8.01770833333333
2020-10-05,22.7333333333333,,8.02854166666667
2020-10-06,22.2483333333333,,8.03216666666667
2020-10-07,22.3058333333333,,8.02116666666667
2020-10-08,22.3604166666667,,8.001375
2020-10-09,22.4995833333333,,8.00770833333333
2020-10-10,22.5741666666667,,8.001125
2020-10-11,22.35125,,7.99841666666667
2020-10-12,22.2475,,8.00366666666667
2020-10-13,22.04625,,7.998625
2020-10-14,21.8554166666667,,7.988875
2020-10-15,21.7033333333333,,8.00304166666667
2020-10-16,21.5083333333333,,8.001875
2020-10-17,21.41375,,7.995625
2020-10-18,21.3941666666667,,7.98854166666667
2020-10-19,21.3216666666667,,8.003875
2020-10-20,21.3670833333333,,8.00620833333333
2020-10-21,21.35875,,8.00591666666667
2020-10-22,21.5541666666667,,8.00395833333333
2020-10-23,21.7075,,8.01329166666667
2020-10-24,21.6745833333333,,8.01445833333333
2020-10-25,21.49,,8.014625
2020-10-26,21.2666666666667,,8.01216666666667
2020-10-27,21.0254166666667,,8.015375
2020-10-28,20.8233333333333,,8.00304166666667
2020-10-29,20.86875,,8.01941666666667
2020-10-30,21.0670833333333,,8.03308333333333
2020-10-31,21.0433333333333,,8.03541666666667
2020-11-01,20.9666666666667,,8.03925
2020-11-02,20.9470833333333,,8.03829166666667
2020-11-03,21.0479166666667,,8.03770833333333
2020-11-04,20.8991666666667,,8.03016666666667
2020-11-05,20.7820833333333,,8.03170833333333
2020-11-06,20.89125,,8.03395833333333
2020-11-07,20.835,,8.03225
2020-11-08,20.8816666666667,,8.03841666666667
2020-11-09,20.8845833333333,,8.03791666666667
2020-11-10,20.74625,,8.03708333333333
2020-11-11,20.6633333333333,,8.03433333333333
2020-11-12,20.62,,8.03304166666667
2020-11-13,20.5616666666667,,8.03233333333333
2020-11-14,20.5945833333333,,8.02508333333333
2020-11-15,20.5166666666667,,8.03695833333333
2020-11-16,20.4704166666667,,8.02220833333333
2020-11-17,20.4290476190476,,8.023875
2020-11-18,20.3983333333333,,8.03179166666667
2020-11-19,20.2920833333333,,8.03379166666667
2020-11-20,20.2133333333333,,8.02158333333333
2020-11-21,20.0079166666667,,8.02825
2020-11-22,19.9733333333333,,8.031875
2020-11-23,19.9254166666667,,8.04141666666667
2020-11-24,19.9408333333333,,8.044875
2020-11-25,19.815,,8.04695833333333
2020-11-26,19.77875,,8.03975
2020-11-27,19.6758333333333,,8.04204166666667
2020-11-28,19.465,,8.042875
2020-11-29,19.4183333333333,,8.04395833333333
2020-11-30,19.3895454545455,,8.04654166666667
2020-12-01,19.3433333333333,,8.04941666666667
2020-12-02,19.1513333333333,,8.05220833333333
2020-12-03,19.015,,8.05325
2020-12-04,18.4866666666667,,8.058875
2020-12-05,18.4608333333333,,8.049
2020-12-06,18.2275,,8.05670833333333
2020-12-07,18.16625,,8.060125
2020-12-08,17.9945833333333,,8.06170833333333
2020-12-09,17.6516666666667,,8.05745833333333
2020-12-10,17.35125,,8.06779166666667
2020-12-11,17.1729166666667,,8.05345833333333
2020-12-12,17.0275,,8.044
2020-12-13,16.945,,8.05125
2020-12-14,16.7582608695652,,8.05429166666667
2020-12-15,16.7321739130435,,8.04945833333333
2020-12-16,16.864347826087,,8.05483333333333
2020-12-17,16.9160869565217,,8.05275
2020-12-18,16.985652173913,,8.05970833333333
2020-12-19,17.105,,8.06970833333333
2020-12-20,17.0270833333333,,8.05466666666667
2020-12-21,16.7983333333333,,8.06975
2020-12-22,16.8170833333333,,8.06904166666667
2020-12-23,16.9468181818182,,8.06541666666667
2020-12-24,17.1695833333333,,8.06204166666667
2020-12-25,17.0652173913043,,8.06208333333333
2020-12-26,16.6360869565217,,8.0635
2020-12-27,16.3929166666667,,8.06991666666667
2020-12-28,16.2269565217391,,8.0655
2020-12-29,15.9839130434783,,8.07808333333333
2020-12-30,15.74875,,8.06125
2020-12-31,15.7645833333333,,8.062
2021-01-01,15.5820833333333,,
2021-01-02,15.5131818181818,,
2021-01-03,15.393,,
2021-01-04,15.208,,
2021-01-05,15.255,,
2021-03-18,15.23875,256.619166666667,
2021-03-19,14.8566666666667,252.087916666667,
2021-03-20,14.6245833333333,248.634166666667,
2021-03-21,14.5139130434783,248.638695652174,
2021-03-22,14.6004347826087,249.046086956522,
2021-03-23,14.7466666666667,250.211666666667,
2021-03-24,15.0369565217391,250.318695652174,
2021-03-25,15.2291666666667,250.597083333333,
2021-03-26,15.4816666666667,251.255,
2021-03-27,15.2516666666667,253.249583333333,
2021-03-28,15.2116666666667,256.384347826087,
2021-03-29,15.37,252.512083333333,
2021-03-30,15.4975,249.825416666667,
2021-03-31,15.5708333333333,251.31125,
2021-04-01,15.7804166666667,252.044583333333,
2021-04-02,15.8291666666667,253.363333333333,
2021-04-03,16.08375,254.609166666667,
2021-04-04,16.1325,253.813333333333,
2021-04-05,16.1970833333333,252.637083333333,
2021-04-06,16.3320833333333,249.0175,
2021-04-07,15.9775,251.892083333333,
2021-04-08,15.7716666666667,256.181666666667,
2021-04-09,15.6238095238095,254.318095238095,
2021-04-10,15.6220833333333,250.533333333333,
2021-04-11,15.9613043478261,249.468260869565,
2021-04-12,15.8316666666667,253.4975,
2021-04-13,15.8633333333333,250.56,
2021-04-14,15.9069565217391,251.307391304348,
2021-04-15,15.8391304347826,251.142173913043,
2021-04-16,15.7517391304348,252.84347826087,
2021-04-17,15.635,253.420833333333,
2021-04-18,15.63,252.322083333333,
2021-04-19,15.6395833333333,252.550416666667,
2021-04-20,15.8379166666667,252.726666666667,
2021-04-21,15.935,255,
2021-04-22,15.87,253.686666666667,
2021-04-23,16.1883333333333,248.582083333333,
2021-04-24,16.4091666666667,248.769583333333,
2021-04-25,16.54875,250.509166666667,
2021-04-26,16.6554166666667,247.659583333333,
2021-04-27,16.825,248.190416666667,
2021-04-28,17.2395833333333,249.9025,
2021-04-29,17.60625,250.995833333333,
2021-04-30,17.89875,249.5175,
2021-05-01,17.7995833333333,248.935,
2021-05-02,18.1641666666667,251.399583333333,
2021-05-03,17.4645833333333,255.960833333333,
2021-05-04,17.6158333333333,243.54,
2021-05-05,17.7808333333333,243.98875,
2021-05-06,18.1095833333333,244.7725,
2021-05-07,18.5204166666667,247.05375,
2021-05-08,18.89125,245.657916666667,
2021-05-09,19.1458333333333,245.018333333333,
2021-05-10,18.9475,244.324166666667,
2021-05-11,18.7545833333333,243.433333333333,
2021-05-12,18.88125,243.970416666667,
2021-05-13,19.0541666666667,247.867916666667,
2021-05-14,18.9558333333333,245.056666666667,
2021-05-15,18.585,245.18375,
2021-05-16,18.7016666666667,240.710416666667,
2021-05-17,18.6408333333333,245.379166666667,
2021-05-18,18.7833333333333,243.161666666667,
2021-05-19,18.7816666666667,242.454166666667,
2021-05-20,18.94625,242.689166666667,
2021-05-21,19.0033333333333,242.321666666667,
2021-05-22,19.3358333333333,242.713333333333,
2021-05-23,19.0725,240.906666666667,
2021-05-24,18.8358333333333,241.827916666667,
2021-05-25,19.2529166666667,244.33,
2021-05-26,19.525,246.504583333333,
2021-05-27,19.7708333333333,248.418333333333,
2021-05-28,19.9429166666667,245.92875,
2021-05-29,20.1179166666667,244.88,
2021-05-30,20.4860869565217,245.157826086957,
2021-05-31,20.7075,242.245416666667,
2021-06-01,20.9604347826087,239.368260869565,
2021-06-02,21.3666666666667,236.5475,
2021-06-03,21.6079166666667,233.77375,
2021-06-04,21.675,231.391666666667,
2021-06-05,21.3091666666667,233.54,
2021-06-06,21.3404166666667,238.03125,
2021-06-07,21.8816666666667,241.5825,
2021-06-08,22.2779166666667,244.962916666667,
2021-06-09,22.36625,239.352916666667,
2021-06-10,22.52875,238.36,
2021-06-11,23.1186956521739,246.325652173913,
2021-06-12,23.43125,239.844583333333,
2021-06-13,23.55,233.30625,
2021-06-14,24.2516666666667,230.847916666667,
2021-06-15,24.9116666666667,229.345416666667,
2021-06-16,24.8433333333333,223.92375,
2021-06-17,24.8633333333333,219.502916666667,
2021-06-18,24.8954166666667,221.056666666667,
2021-06-19,24.8566666666667,218.85875,
2021-06-20,24.8366666666667,220.570833333333,
2021-06-21,24.7145833333333,221.0125,
2021-06-22,25.21125,221.094166666667,
2021-06-23,25.3804166666667,222.427826086956,
2021-06-24,25.0741666666667,220.575833333333,
2021-06-25,25.0104166666667,219.679583333333,
2021-06-26,24.5758333333333,221.537916666667,
2021-06-27,24.7329166666667,219.445833333333,
2021-06-28,24.9445833333333,220.817083333333,
2021-06-29,25.1404166666667,217.86625,
2021-06-30,25.1521739130435,218.06347826087,
2021-07-01,25.4170833333333,219.590833333333,
2021-07-02,25.7369565217391,219.566956521739,
2021-07-03,25.8979166666667,217.682916666667,
2021-07-04,25.8441666666667,215.345,
2021-07-05,25.9166666666667,215.18625,
2021-07-06,26.01625,214.896666666667,
2021-07-07,26.2645833333333,214.775833333333,
2021-07-08,26.2718181818182,214.583181818182,
2021-07-09,25.972,213.514,
2021-07-10,26.104347826087,217.990869565217,
2021-07-11,26.2291304347826,217.615652173913,
2021-07-12,26.1840909090909,212.984545454545,
2021-07-13,26.215,216.420555555556,
2021-07-14,25.9919047619048,218.07380952381,
2021-07-15,25.7295238095238,216.911428571429,
2021-07-16,25.6535294117647,217.88,
2021-07-17,25.8190909090909,216.258636363636,
2021-07-18,26.2518181818182,216.665909090909,
2021-07-19,26.5545,217.3785,
2021-07-20,26.6904545454545,214.418636363636,
2021-07-21,26.9328571428571,214.420476190476,
2021-07-22,26.8861904761905,210.218571428571,
2021-07-23,26.9345833333333,210.72125,
2021-07-24,27.0854166666667,209.862083333333,
2021-07-25,27.23375,210.588333333333,
2021-07-26,27.0633333333333,209.05875,
2021-07-27,26.9116666666667,208.459583333333,
2021-07-28,26.90375,208.111666666667,
2021-07-29,26.9825,208.738333333333,
2021-07-30,27.12625,208.920833333333,
2021-07-31,27.66875,211.782083333333,
2021-08-01,27.3679166666667,209.375,
2021-08-02,26.9345833333333,208.926666666667,
2021-08-03,26.9125,210.001666666667,
2021-08-04,27.0475,210.664166666667,
2021-08-05,27.1241666666667,210.013333333333,
2021-08-06,27.3958333333333,209.4375,
2021-08-07,27.5633333333333,209.66,
2021-08-08,27.1416666666667,208.504166666667,
2021-08-09,26.9470833333333,209.52,
2021-08-10,26.8558333333333,208.694583333333,
2021-08-11,26.8479166666667,207.815,
2021-08-12,27.20625,207.4425,
2021-08-13,27.2833333333333,206.729583333333,
2021-08-14,27.4825,206.570833333333,
2021-08-15,27.77,206.4575,
2021-08-16,27.6579166666667,207.665,
2021-08-17,27.2708333333333,206.42,
2021-08-18,27.2975,205.78,
2021-08-19,27.3720833333333,206.007916666667,
2021-08-20,27.465,206.399583333333,
2021-08-21,27.5733333333333,207.365833333333,
2021-08-22,27.635652173913,207.496086956522,
2021-08-23,27.44,207.58125,
2021-08-24,27.13875,206.69125,
2021-08-25,27.0160869565217,206.083913043478,
2021-08-26,27.0020833333333,205.774583333333,
2021-08-27,27.1016666666667,206.684166666667,
2021-08-28,27.285,205.984166666667,
2021-08-29,27.0070833333333,205.787083333333,
2021-08-30,26.9070833333333,205.6475,
2021-08-31,26.9254166666667,204.485,
2021-09-01,26.8408333333333,204.979166666667,
2021-09-02,26.9495833333333,204.282916666667,
2021-09-03,27.05125,206.747083333333,
2021-09-04,27.0983333333333,206.589583333333,
2021-09-05,27.0075,206.944166666667,
2021-09-06,27.0416666666667,207.474583333333,
2021-09-07,27.00875,207.391666666667,
2021-09-08,27.0845833333333,206.272916666667,
2021-09-09,27.0833333333333,206.419166666667,
2021-09-10,27.0025,207.884166666667,
2021-09-11,26.8770833333333,207.9225,
2021-09-12,26.9758333333333,208.252083333333,
2021-09-13,26.9208333333333,207.429166666667,
2021-09-14,26.905,206.988333333333,
2021-09-15,26.8095833333333,207.342083333333,
2021-09-16,26.7341666666667,204.63625,
2021-09-17,26.7321739130435,201.188260869565,
2021-09-18,26.67,206.899583333333,
2021-09-19,26.65125,206.059166666667,
2021-09-20,26.5079166666667,206.8925,
2021-09-21,26.1370833333333,207.700833333333,
2021-09-22,25.78875,207.606666666667,
2021-09-23,25.6708333333333,208.270833333333,
2021-09-24,25.7129166666667,207.8975,
2021-09-25,25.84125,208.465416666667,
2021-09-26,25.8821739130435,209.084782608696,
2021-09-27,25.8704166666667,210.032083333333,
2021-09-28,25.8708333333333,209.595833333333,
2021-09-29,25.8645833333333,205.938333333333,
2021-09-30,25.64375,210.01375,
2021-10-01,25.3954166666667,208.586666666667,
2021-10-02,25.4504166666667,208.06125,
2021-10-03,25.3995833333333,209.18,
2021-10-04,25.2791666666667,205.545833333333,
2021-10-05,24.9920833333333,206.494583333333,
2021-10-06,24.7583333333333,209.3825,
2021-10-07,24.5379166666667,212.7425,
2021-10-08,24.4108333333333,214.497916666667,
2021-10-09,24.2491666666667,214.89,
2021-10-10,24.1141666666667,213.57,
2021-10-11,24.0875,215.314583333333,
2021-10-12,23.8658333333333,216.129166666667,
2021-10-13,23.7420833333333,214.877916666667,
2021-10-14,23.6275,216.925833333333,
2021-10-15,23.5445833333333,218.821666666667,
2021-10-16,23.4978260869565,219.093043478261,
2021-10-17,23.4082608695652,218.697826086957,
2021-10-18,23.3825,217.673333333333,
2021-10-19,23.3108333333333,218.176666666667,
2021-10-20,23.245652173913,217.43652173913,
2021-10-21,23.3091666666667,216.01875,
2021-10-22,23.1816666666667,218.03125,
2021-10-23,23.03125,219.395416666667,
2021-10-24,22.9186956521739,220.289130434783,
2021-10-25,22.84375,219.692083333333,
2021-10-26,22.6666666666667,219.028333333333,
2021-10-27,22.5345833333333,215.819166666667,
2021-10-28,22.4041666666667,217.916666666667,
2021-10-29,22.2741666666667,220.202083333333,
2021-10-30,22.1975,220.85375,
2021-10-31,22.16625,219.78125,
2021-11-01,22.1275,214.43,
2021-11-02,22.0683333333333,218.140416666667,
2021-11-03,21.755,215.63375,
2021-11-04,21.5604166666667,222.901666666667,
2021-11-05,21.0504166666667,224.392916666667,
2021-11-06,20.6866666666667,226.800416666667,
2021-11-07,20.3816666666667,228.4875,
2021-11-08,20.3695833333333,227.840833333333,
2021-11-09,20.3854166666667,227.815416666667,
2021-11-10,20.2420833333333,227.228333333333,
2021-11-11,20.1858333333333,226.53375,
2021-11-12,19.9783333333333,228.687916666667,
2021-11-13,19.8625,228.7325,
2021-11-14,19.7773913043478,227.819565217391,
2021-11-15,19.6354166666667,228.378333333333,
2021-11-16,19.41625,228.83,
2021-11-17,19.4570833333333,231.077916666667,
2021-11-18,19.1616666666667,231.500416666667,
2021-11-19,18.98,230.401666666667,
2021-11-20,18.8747826086957,231.841304347826,
2021-11-21,18.85875,232.25125,
2021-11-22,18.6008333333333,234.399166666667,
2021-11-23,18.74,232.658095238095,
2021-12-23,15.38625,,
2021-12-24,15.3825,,
2021-12-25,15.4495833333333,,
2021-12-26,15.56625,,
2021-12-27,15.5533333333333,,
2021-12-28,15.53375,,
2021-12-29,15.5429166666667,,
2021-12-30,15.5483333333333,,
2021-12-31,15.4220833333333,,
2022-01-01,15.33625,,
2022-01-02,15.2895833333333,,
2022-01-03,15.2183333333333,,
2022-01-04,15.1591666666667,,
2022-01-05,15.1154166666667,,
2022-01-06,15.0354166666667,,
2022-01-07,14.91625,,
2022-01-08,14.8095833333333,,
2022-01-09,14.8433333333333,,
2022-01-10,14.7713043478261,,
2022-01-11,14.5375,,
2022-01-12,14.4883333333333,,
2022-01-13,14.564347826087,,
2022-01-14,14.6091666666667,,
2022-01-15,14.4808333333333,,
2022-01-16,14.5283333333333,,
2022-01-17,14.5783333333333,,
2022-01-18,14.47625,,
2022-01-19,14.5233333333333,,
2022-01-20,14.4779166666667,,
2022-01-21,14.4825,,
2022-01-22,14.44875,,
2022-01-23,14.3745833333333,,
2022-01-24,14.22125,,
2022-01-25,14.2558333333333,,
2022-01-26,14.4154166666667,,
2022-01-27,14.4004166666667,,
2022-01-28,14.3470833333333,,
2022-01-29,14.30625,,
2022-01-30,14.2841666666667,,
2022-01-31,14.2433333333333,,
2022-02-01,14.2416666666667,,
2022-02-02,14.3304166666667,,
2022-02-03,14.4445833333333,,
2022-02-04,14.4754166666667,,
2022-02-05,14.47125,,
2022-02-06,14.4460869565217,,
2022-02-07,14.4133333333333,,
2022-02-08,14.3529166666667,,
2022-02-09,14.4008695652174,,
2022-02-10,14.4093333333333,,
2022-02-11,,,
2022-02-12,,,
2022-02-13,,,
2022-02-14,,,
2022-02-15,,,
2022-02-16,14.5216666666667,,
2022-02-17,14.6258333333333,,
2022-02-18,14.8229166666667,,
2022-02-19,14.3495833333333,,
2022-02-20,14.54,,
2022-02-21,14.5733333333333,,
2022-02-22,14.6208333333333,,
2022-02-23,14.7066666666667,,
2022-02-24,14.4270833333333,,
2022-02-25,14.5575,,
2022-02-26,14.4881818181818,,
2022-02-27,14.4408333333333,,
2022-02-28,14.415,,
2022-03-01,14.4475,,
2022-03-02,14.464,,
2022-03-03,14.68,,
2022-03-04,14.725,,
2022-03-05,,,
2022-03-06,,,
2022-03-07,,,
2022-03-08,,,
2022-03-09,,,
2022-03-10,,,
2022-03-11,,,
2022-03-12,,,
2022-03-13,,,
2022-03-14,,,
2022-03-15,,,
2022-03-16,,,
2022-03-17,,,
2022-03-18,,,
2022-03-19,,,
2022-03-20,,,
2022-03-21,,,
2022-03-22,,,
2022-03-23,,,
2022-03-24,,,
2022-03-25,,,
2022-03-26,,,
2022-03-27,,,
2022-03-28,,,
2022-03-29,,,
2022-03-30,,,
2022-03-31,,,
2022-04-08,14.7155555555556,,
2022-04-09,14.7713043478261,,
2022-04-10,14.7345833333333,,
2022-04-11,14.8091304347826,,
2022-04-12,15.0636363636364,,
2022-04-13,14.9947826086957,,
2022-04-14,14.81875,,
2022-04-15,14.9820833333333,,
2022-04-16,15.5095652173913,,
2022-04-17,16.0517391304348,,
2022-04-18,16.0345454545455,,
2022-04-19,16.0660869565217,,
2022-04-20,15.92625,,
2022-04-21,16.00125,,
2022-04-22,16.0486363636364,,
2022-04-23,15.9352380952381,,
2022-04-24,16.0809090909091,,
2022-04-25,16.5470833333333,,
2022-04-26,16.7221739130435,,
2022-04-27,16.6569565217391,,
2022-04-28,16.8225,,
2022-04-29,16.5204166666667,,
2022-04-30,16.784347826087,,
2022-05-01,17.0922727272727,,
2022-05-02,17.19,,
2022-05-03,17.0129166666667,,
2022-05-04,16.8790476190476,,
2022-05-05,16.792380952381,,
2022-05-06,17.0120833333333,,
2022-05-07,17.1366666666667,,
2022-05-08,17.4869565217391,,
2022-05-09,17.8604545454545,,
2022-05-10,18.1763636363636,,
2022-05-11,18.6104347826087,,
2022-05-12,19.0142857142857,,
2022-05-13,19.16,,
2022-05-14,19.2704545454545,,
2022-05-15,19.3233333333333,,
2022-05-16,20.0521739130435,,
2022-05-17,20.4052173913043,,
2022-05-18,20.8834782608696,,
2022-05-19,21.3139130434783,,
2022-05-20,21.75,,
2022-05-21,21.7891666666667,,
2022-05-22,22.3613043478261,,
2022-05-23,22.43,,
2022-05-24,22.3566666666667,,
2022-05-25,21.9382608695652,,
2022-05-26,21.3104166666667,,
2022-05-27,21.0875,,
2022-05-28,21.0504166666667,,
2022-05-29,21.435652173913,,
2022-05-30,21.7020833333333,,
2022-05-31,22.0408695652174,,
2022-06-01,22.5458333333333,,
2022-06-02,22.8730434782609,,
2022-06-03,23.1725,,
2022-06-04,23.4379166666667,,
2022-06-05,23.6690909090909,,
2022-06-06,23.6745454545455,,
2022-06-07,23.5017391304348,,
2022-06-08,23.6104166666667,,
2022-06-09,23.774347826087,,
2022-06-10,24.0666666666667,,
2022-06-11,24.4233333333333,,
2022-06-12,24.66375,,
2022-06-13,24.955652173913,,
2022-06-14,25.025,,
2022-06-15,25.1661111111111,,
2022-06-16,25.5882608695652,,
2022-06-17,25.8930434782609,,
2022-06-18,26.025652173913,,
2022-06-19,25.8331818181818,,
2022-06-20,25.705,,
2022-06-21,25.7668181818182,,
2022-06-22,25.6927272727273,,
2022-06-23,25.5630434782609,,
2022-06-24,25.7586956521739,,
2022-06-25,26.1717391304348,,
2022-06-26,26.4039130434783,,
2022-06-27,26.5452173913043,,
2022-06-28,25.8275,,
2022-06-29,25.92375,,
2022-06-30,26.06,,
2022-07-01,26.15875,,
2022-07-02,26.0834782608696,,
2022-07-03,26.0333333333333,,
2022-07-04,26.37,,
2022-07-05,26.5770833333333,,
2022-07-06,26.0708695652174,,
2022-07-07,26.1265217391304,,
2022-07-08,26.26,,
2022-07-09,26.3125,,
2022-07-10,26.57,,
2022-07-11,26.9147826086956,,
2022-07-12,27.1869565217391,,
2022-07-13,27.26,,
2022-07-14,27.3675,,
2022-07-15,27.5768181818182,,
2022-07-16,27.695,,
2022-07-17,28.0177272727273,,
2022-07-18,28.1865217391304,,
2022-07-19,28.3695833333333,,
2022-07-20,28.6021739130435,,
2022-07-21,28.7559090909091,,
2022-07-22,29.0204347826087,,
2022-07-23,29.0308333333333,,
2022-07-24,29.1895833333333,,
2022-07-25,29.37125,,
2022-07-26,29.3080952380952,,
2022-07-27,28.9633333333333,,
2022-07-28,28.9681818181818,,
2022-07-29,29.0231818181818,,
2022-07-30,29.1673913043478,,
2022-07-31,28.9978260869565,,
2022-08-01,29.0639130434783,,
2022-08-02,29.2670833333333,,
2022-08-03,29.3821052631579,,
2022-08-04,29.4739130434783,,
2022-08-05,29.5386956521739,,
2022-08-06,29.6952173913043,,
2022-08-07,29.6704166666667,,
2022-08-08,29.5985714285714,,
2022-08-09,29.5769565217391,,
2022-08-10,29.5913636363636,,
2022-08-11,29.5395454545455,,
2022-08-12,29.6441666666667,,
2022-08-13,29.6986956521739,,
2022-08-14,29.9166666666667,,
2022-08-15,30.0565217391304,,
2022-08-16,30.0185,,
2022-08-17,29.4445454545454,,
2022-08-18,29.1516666666667,,
2022-08-19,28.83125,,
2022-08-20,28.8245454545455,,
2022-08-21,28.6945833333333,,
2022-08-22,28.6534782608696,,
2022-08-23,28.7225,,
2022-08-24,28.7795652173913,,
2022-08-25,28.884347826087,,
2022-08-26,28.90625,,
2022-08-27,28.7391304347826,,
2022-08-28,28.7247826086957,,
2022-08-29,28.705,,
2022-08-30,28.794347826087,,
2022-08-31,28.8247826086957,,
2022-09-01,28.8286956521739,,
2022-09-02,28.8718181818182,,
2022-09-03,28.8433333333333,,
2022-09-04,28.8954166666667,,
2022-09-05,28.8691304347826,,
2022-09-06,28.8522727272727,,
2022-09-07,28.8720833333333,,
2022-09-08,28.8504347826087,,
2022-09-09,28.8486363636364,,
2022-09-10,28.8054166666667,,
2022-09-11,28.7979166666667,,
2022-09-12,28.7879166666667,,
2022-09-13,28.65375,,
2022-09-14,28.4104347826087,,
2022-09-15,28.4,,
2022-09-16,28.5173913043478,,
2022-09-17,28.2316666666667,,
2022-09-18,27.85625,,
2022-09-19,27.5961904761905,,
2022-09-20,27.4433333333333,,
2022-09-21,27.37875,,
2022-09-22,27.2790909090909,,
2022-09-23,27.1960869565217,,
2022-09-24,27.0522727272727,,
2022-09-25,26.8178260869565,,
2022-09-26,26.4760869565217,,
2022-09-27,26.2740909090909,,
2022-09-28,26.094347826087,,
2022-09-29,25.8638095238095,,
2022-09-30,25.5586956521739,,
2022-10-01,25.2445833333333,,
2022-10-02,25.1891304347826,,
2022-10-03,25.09875,,
2022-10-04,25.075,,
2022-10-05,25.2065217391304,,
2022-10-06,24.98875,,
2022-10-07,24.8747826086957,,
2022-10-08,24.8354545454545,,
2022-10-09,24.8278260869565,,
2022-10-10,24.8325,,
2022-10-11,24.71375,,
2022-10-12,24.5720833333333,,
2022-10-13,24.4938095238095,,
2022-10-14,24.43875,,
2022-10-15,24.48,,
2022-10-16,24.5725,,
2022-10-17,24.6182352941176,,
2022-10-18,24.5414285714286,,
2022-10-19,24.5666666666667,,
2022-10-20,24.5477272727273,,
2022-10-21,24.4579166666667,,
2022-10-22,24.4491304347826,,
2022-10-23,24.4358333333333,,
2022-10-24,24.46,,
2022-10-25,24.4608695652174,,
2022-10-26,24.4545833333333,,
2022-10-27,24.3478260869565,,
2022-10-28,24.3,,
2022-10-29,24.1775,,
2022-10-30,24.1208695652174,,
2022-10-31,24.1433333333333,,
2022-11-01,24.0618181818182,,
2022-11-02,24,,
2022-11-03,23.8595652173913,,
2022-11-04,23.6172727272727,,
2022-11-05,22.7391666666667,,
2022-11-06,22.3590909090909,,
2022-11-07,22.4004166666667,,
2022-11-08,22.5772727272727,,
2022-11-09,22.4157142857143,,
2022-11-10,22.1478260869565,,
2022-11-11,21.8241666666667,,
2022-11-12,21.9158333333333,,
2022-11-13,21.9522727272727,,
2022-11-14,21.8760869565217,,
2022-11-15,21.7275,,
2022-11-16,21.54,,
2022-11-17,21.3652173913043,,
2022-11-18,21.1526086956522,,
2022-11-19,20.5558333333333,,
2022-11-20,20.3629166666667,,
2022-11-21,20.0516666666667,,
2022-11-22,19.3025,,
2022-11-23,17.8491304347826,,
2022-11-24,18.0979166666667,,
2022-11-25,18.1340909090909,,
2022-11-26,18.0254166666667,,
2022-11-27,18.1947826086957,,
2022-11-28,18.2217391304348,,
2022-11-29,18.3604166666667,,
2022-11-30,18.4534782608696,,
2022-12-01,18.2133333333333,,
