Time,Temperature,Salinity,Oxygen,PH
2019-10-17 00:00:00,23.667,37.2,200.14,8.024
2019-10-18 00:00:00,23.663,37.186,203.79,8.041
2019-10-19 00:00:00,23.519,37.189,207.74,8.044
2019-10-20 00:00:00,23.385,37.19,198.5,8.031
2019-10-21 00:00:00,23.212,37.18,199.34,8.036
2019-10-21 04:00:00,23.6305,37.195,202.005,8.0325
2019-10-22 00:00:00,22.904,37.058,202.41,8.043
2019-10-22 04:00:00,23.595,37.1905,198.015,8.027
2019-10-23 00:00:00,22.688,36.887,210.91,8.06
2019-10-23 04:00:00,23.4555,37.1905,200.245,8.0335
2019-10-24 00:00:00,22.463,37.034,200.42,8.042
2019-10-24 04:00:00,23.3115,37.191,196.12,8.027
2019-10-24 08:00:00,23.749,37.196,205.08,8.032
2019-10-25 00:00:00,22.152,37.063,206.33,8.047
2019-10-25 04:00:00,23.1425,37.156,202.38,8.0405
2019-10-25 08:00:00,23.6825,37.1965,203.42,8.0335
2019-10-26 00:00:00,22.002,37.107,210.16,8.06
2019-10-26 04:00:00,22.8275,37.031,199.98,8.0435
2019-10-26 08:00:00,23.61,37.1875,205.215,8.043
2019-10-27 00:00:00,22.122,37.125,211.25,8.058
2019-10-27 04:00:00,22.6395,36.935,207.875,8.0565
2019-10-27 08:00:00,23.4645,37.189,203.92,8.0395
2019-10-28 00:00:00,22.209,37.123,211.84,8.057
2019-10-28 04:00:00,22.348,37.026,199.33,8.037
2019-10-28 08:00:00,23.302,37.186,199.485,8.0335
2019-10-29 00:00:00,22.161,37.12,206.31,
2019-10-29 04:00:00,22.091,37.074,206.045,8.048
2019-10-29 08:00:00,23.0775,37.1375,202.2,8.04
2019-10-29 12:00:00,23.582,37.201,196.24,8.021
2019-10-30 00:00:00,22.173,37.115,206.85,
2019-10-30 04:00:00,21.9605,37.11,208.725,8.0585
2019-10-30 08:00:00,22.84,37.087,201.58,8.0465
2019-10-30 12:00:00,23.616,37.187,202.67,8.038
2019-10-31 00:00:00,22.268,37.121,210.5,
2019-10-31 04:00:00,22.078,37.126,207.285,8.052
2019-10-31 08:00:00,22.5815,36.9505,206.19,8.0475
2019-10-31 12:00:00,23.469,37.189,203.6,8.045
2019-11-01 00:00:00,21.934,37.013,211.09,
2019-11-01 04:00:00,22.145,37.1255,205.255,8.067
2019-11-01 08:00:00,22.3105,36.9315,205.01,8.046
2019-11-01 12:00:00,23.317,37.192,195.87,8.028
2019-11-02 00:00:00,21.999,37.036,214.89,
2019-11-02 04:00:00,22.1435,37.113,204.1,
2019-11-02 08:00:00,22.1085,37.0715,210.065,8.059
2019-11-02 12:00:00,23.139,37.173,198.88,8.037
2019-11-02 16:00:00,23.546,37.201,195.34,8.019
2019-11-03 00:00:00,21.939,37.074,206.8,
2019-11-03 04:00:00,22.1195,37.1155,201.945,
2019-11-03 08:00:00,22.065,37.1145,211.4,8.06
2019-11-03 12:00:00,22.831,37.022,198.71,8.036
2019-11-03 16:00:00,23.589,37.188,202.97,8.039
2019-11-04 00:00:00,21.59,37.08,212.59,
2019-11-04 04:00:00,22.1975,37.1065,210.365,
2019-11-04 08:00:00,22.199,37.1245,212.125,8.063
2019-11-04 12:00:00,22.577,36.82,210.06,8.057
2019-11-04 16:00:00,23.457,37.189,202.87,8.02
2019-11-05 00:00:00,21.324,37.09,211.27,
2019-11-05 04:00:00,21.8925,37.0135,210.055,
2019-11-05 08:00:00,22.198,37.122,206.96,
2019-11-05 12:00:00,22.358,37.012,199.77,8.038
2019-11-05 16:00:00,23.307,37.19,195.31,8.028
2019-11-06 00:00:00,20.51,37.043,214.68,
2019-11-06 04:00:00,21.9775,37.05,209.61,
2019-11-06 08:00:00,22.186,37.1155,209.55,
2019-11-06 12:00:00,22.083,36.744,206.38,8.048
2019-11-06 16:00:00,23.11,37.174,195.96,8.031
2019-11-06 20:00:00,23.516,37.2,199.15,8.028
2019-11-07 00:00:00,20.168,37.006,217.84,
2019-11-07 04:00:00,21.8575,37.0745,209.86,
2019-11-07 08:00:00,22.2355,37.1195,210.305,
2019-11-07 12:00:00,21.936,37.108,208.08,8.058
2019-11-07 16:00:00,22.81,37.009,199.05,8.041
2019-11-07 20:00:00,23.553,37.189,203.1,8.038
2019-11-08 00:00:00,20.265,37.145,217.05,
2019-11-08 04:00:00,21.516,37.084,212.68,
2019-11-08 08:00:00,22.112,37.064,211.425,
2019-11-08 12:00:00,22.065,37.125,207.55,8.056
2019-11-08 16:00:00,22.734,37.01,191.56,8.043
2019-11-08 20:00:00,23.442,37.189,198.45,8.033
2019-11-09 00:00:00,19.855,37.139,221.52,
2019-11-09 04:00:00,21.115,37.09,214.785,
2019-11-09 08:00:00,21.9655,37.0235,212.69,
2019-11-09 12:00:00,22.147,37.124,208.28,
2019-11-09 16:00:00,22.335,37.01,199.64,8.04
2019-11-09 20:00:00,23.275,37.192,192.71,8.024
2019-11-10 00:00:00,19.451,37.167,221.97,
2019-11-10 04:00:00,20.4585,36.791,217.18,
2019-11-10 08:00:00,22.0045,37.0635,213.165,
2019-11-10 12:00:00,22.139,37.119,207.28,
2019-11-10 16:00:00,22.082,37.081,206.38,8.05
2019-11-10 20:00:00,23.085,37.159,201.28,8.04
2019-11-11 00:00:00,21.449,37.1975,211.83,8.037
2019-11-11 04:00:00,20.3105,37.1035,219.09,
2019-11-11 08:00:00,21.703,37.0815,209.72,
2019-11-11 12:00:00,22.135,37.117,205.31,
2019-11-11 16:00:00,21.933,37.109,208.75,8.06
2019-11-11 20:00:00,22.827,37.024,198.42,8.04
2019-11-12 00:00:00,21.3665,37.225,210.57,8.036
2019-11-12 04:00:00,20.1125,37.1445,216.555,
2019-11-12 08:00:00,21.474,37.0865,211.635,
2019-11-12 12:00:00,22.213,37.122,208.87,
2019-11-12 16:00:00,22.04,37.126,206.09,8.055
2019-11-12 20:00:00,22.673,36.99,209,8.054
2019-11-13 00:00:00,21.348,37.254,208.465,8.031
2019-11-13 04:00:00,19.6465,37.151,224.41,
2019-11-13 08:00:00,20.9605,37.093,214.165,
2019-11-13 12:00:00,21.869,37.012,211.43,
2019-11-13 16:00:00,22.132,37.123,206.42,
2019-11-13 20:00:00,22.322,37.017,197.9,8.036
2019-11-14 00:00:00,21.161,37.201,203.315,8.022
2019-11-14 04:00:00,19.4925,37.1695,222.545,
2019-11-14 08:00:00,20.366,37.0345,217.895,
2019-11-14 12:00:00,21.993,37.049,211.32,
2019-11-14 16:00:00,22.133,37.118,207.95,
2019-11-14 20:00:00,22.043,37.078,206.06,8.053
2019-11-15 00:00:00,21.111,37.257,210.075,8.045
2019-11-15 04:00:00,20.676,37.202,216.86,8.038
2019-11-15 08:00:00,20.322,37.137,218.625,
2019-11-15 12:00:00,21.885,37.071,206.43,
2019-11-15 16:00:00,22.124,37.117,204.77,
2019-11-15 20:00:00,21.928,37.109,208.38,8.058
2019-11-16 00:00:00,20.856,37.171,208.935,8.039
2019-11-16 04:00:00,20.6526666666667,37.2413333333333,213.056666666667,8.032
2019-11-16 08:00:00,20.0565,37.15,218.305,
2019-11-16 12:00:00,21.537,37.084,209.6,
2019-11-16 16:00:00,22.217,37.122,207.63,
2019-11-16 20:00:00,22.035,37.125,205.25,8.053
2019-11-17 00:00:00,20.6275,37.163,214.955,8.057
2019-11-17 04:00:00,20.6863333333333,37.2686666666667,210.786666666667,8.026
2019-11-17 08:00:00,19.599,37.1565,222.185,
2019-11-17 12:00:00,21.276,37.094,211.53,
2019-11-17 16:00:00,21.858,37.012,210.48,
2019-11-17 20:00:00,22.115,37.122,206.45,
2019-11-18 00:00:00,20.344,37.1605,209.01,8.032
2019-11-18 04:00:00,20.4573333333333,37.222,205.39,8.022
2019-11-18 08:00:00,19.394,37.1845,220.925,
2019-11-18 12:00:00,20.515,36.887,216.36,
2019-11-18 16:00:00,21.985,37.054,209.31,
2019-11-18 20:00:00,22.119,37.119,205.08,
2019-11-19 00:00:00,20.1035,37.187,214.415,8.051
2019-11-19 04:00:00,20.333,37.2753333333333,214.573333333333,8.046
2019-11-19 08:00:00,20.672,37.2106666666667,215.43,8.04
2019-11-19 12:00:00,20.305,37.122,218.17,
2019-11-19 16:00:00,21.867,37.072,205.42,
2019-11-19 20:00:00,22.106,37.118,203.77,
2019-11-20 00:00:00,20.0705,37.188,214.87,8.056
2019-11-20 04:00:00,20.1783333333333,37.1963333333333,212.793333333333,8.039
2019-11-20 08:00:00,20.7293333333333,37.259,209.966666666667,8.018
2019-11-20 12:00:00,20.159,37.15,217.14,
2019-11-20 16:00:00,21.5,37.083,210.32,
2019-11-20 20:00:00,22.205,37.122,202.5,
2019-11-21 00:00:00,20.075,37.195,212.515,8.053
2019-11-21 04:00:00,19.8533333333333,37.2066666666667,217.83,8.055
2019-11-21 08:00:00,20.6473333333333,37.238,210.823333333333,8.028
2019-11-21 12:00:00,19.663,37.15,222.56,
2019-11-21 16:00:00,21.247,37.095,211.62,
2019-11-21 20:00:00,21.816,37.013,209.59,
2019-11-22 00:00:00,20.082,37.1875,214.335,
2019-11-22 04:00:00,19.6683333333333,37.2066666666667,213.08,8.024
2019-11-22 08:00:00,20.5196666666667,37.256,209.846666666667,8.027
2019-11-22 12:00:00,19.406,37.166,220.09,
2019-11-22 16:00:00,20.499,37.11,215.6,
2019-11-22 20:00:00,21.989,37.052,207.01,
2019-11-23 00:00:00,20.0265,37.1015,215.305,
2019-11-23 04:00:00,19.4606666666667,37.2226666666667,216.976666666667,8.05
2019-11-23 08:00:00,20.3946666666667,37.2663333333333,214.94,8.047
2019-11-23 12:00:00,21.4235,37.193,212.935,8.044
2019-11-23 16:00:00,20.319,37.132,218.72,
2019-11-23 20:00:00,21.862,37.072,205.14,
2019-11-24 00:00:00,19.777,37.116,215.91,
2019-11-24 04:00:00,19.4666666666667,37.213,217.22,8.057
2019-11-24 08:00:00,20.115,37.2056666666667,212.523333333333,8.039
2019-11-24 12:00:00,21.387,37.2305,205.06,8.018
2019-11-24 16:00:00,20.148,37.15,216.42,
2019-11-24 20:00:00,21.464,37.084,211.14,
2019-11-25 00:00:00,19.742,37.1275,216.765,
2019-11-25 04:00:00,19.3903333333333,37.211,214.83,8.048
2019-11-25 08:00:00,19.829,37.2063333333333,218.76,8.055
2019-11-25 12:00:00,21.3775,37.2555,206.535,8.022
2019-11-25 16:00:00,19.623,37.151,224.45,
2019-11-25 20:00:00,21.208,37.095,211.06,
2019-11-26 00:00:00,19.57,37.083,218.68,
2019-11-26 04:00:00,19.4296666666667,37.2,217.276666666667,
2019-11-26 08:00:00,19.6146666666667,37.2056666666667,213.65,8.028
2019-11-26 12:00:00,21.1455,37.211,204.11,8.027
2019-11-26 16:00:00,19.406,37.164,220.27,
2019-11-26 20:00:00,20.485,37.111,216.27,
2019-11-27 00:00:00,19.666,37.114,220.235,
2019-11-27 04:00:00,19.3233333333333,37.1226666666667,215.69,
2019-11-27 08:00:00,19.4893333333333,37.2126666666667,216.966666666667,8.047
2019-11-27 12:00:00,21.099,37.2465,211.23,8.048
2019-11-27 16:00:00,19.219,37.208,219.09,
2019-11-27 20:00:00,20.284,37.129,217.78,
2019-11-28 00:00:00,19.6105,37.068,216.385,
2019-11-28 04:00:00,18.992,37.122,221.13,
2019-11-28 08:00:00,19.4423333333333,37.2136666666667,217.43,8.055
2019-11-28 12:00:00,20.835,37.1615,209.05,8.039
2019-11-28 16:00:00,19.268,37.268,219.11,
2019-11-28 20:00:00,20.138,37.15,216.5,
2019-11-29 00:00:00,19.362,37.0775,221.7,
2019-11-29 04:00:00,18.898,37.1303333333333,221.15,
2019-11-29 08:00:00,19.3943333333333,37.2153333333333,215.906666666667,8.047
2019-11-29 12:00:00,20.4765,37.14,216.415,8.057
2019-11-29 16:00:00,19.34,37.318,218.5,
2019-11-29 20:00:00,19.591,37.149,225.14,
2019-11-30 00:00:00,21.118,37.095,211.82,
2019-11-30 04:00:00,18.8203333333333,37.112,220.593333333333,
2019-11-30 08:00:00,19.4136666666667,37.182,217.993333333333,
2019-11-30 12:00:00,20.33,37.154,208.425,8.027
2019-11-30 16:00:00,19.049,37.235,214.09,
2019-11-30 20:00:00,19.394,37.165,219.67,
2019-12-01 00:00:00,20.421,37.113,216.4,
2019-12-01 04:00:00,18.877,37.104,223.41,
2019-12-01 08:00:00,19.2456666666667,37.12,216.893333333333,
2019-12-01 12:00:00,20.1115,37.184,213.93,8.048
2019-12-01 16:00:00,19.091,37.334,218.76,
2019-12-01 20:00:00,21.4245,37.1975,214.075,8.044
2019-12-02 00:00:00,20.256,37.127,217.29,
2019-12-02 04:00:00,18.8006666666667,37.0693333333333,220.246666666667,
2019-12-02 08:00:00,18.986,37.1256666666667,219.943333333333,
2019-12-02 12:00:00,20.062,37.188,214.16,8.053
2019-12-02 16:00:00,18.81,37.288,218.62,
2019-12-02 20:00:00,21.4245,37.2285,208.71,8.03
2019-12-03 00:00:00,20.11,37.146,215.66,
2019-12-03 04:00:00,18.61,37.077,223.7,
2019-12-03 08:00:00,18.942,37.1353333333333,221.36,
2019-12-03 12:00:00,20.0465,37.1945,209.87,8.049
2019-12-03 16:00:00,18.319,37.314,225.84,
2019-12-03 20:00:00,21.3855,37.256,207.44,8.026
2019-12-04 00:00:00,19.561,37.155,225.86,
2019-12-04 04:00:00,21.031,37.097,211.83,
2019-12-04 08:00:00,18.8553333333333,37.1116666666667,223.326666666667,
2019-12-04 12:00:00,20.0755,37.1865,212.17,
2019-12-04 16:00:00,18.402,37.294,220.32,
2019-12-04 20:00:00,21.1705,37.215,205.98,8.031
2019-12-05 00:00:00,19.367,37.156,219.25,
2019-12-05 04:00:00,20.404,37.114,215.58,
2019-12-05 08:00:00,18.906,37.0963333333333,222.08,
2019-12-05 12:00:00,20.0365,37.1105,211.59,
2019-12-05 16:00:00,18.197,37.295,222.29,
2019-12-05 20:00:00,21.0575,37.2205,213.095,8.05
2019-12-06 00:00:00,21.383,37.2015,215.495,8.045
2019-12-06 04:00:00,20.246,36.907,217.82,
2019-12-06 08:00:00,18.8033333333333,37.0703333333333,222.696666666667,
2019-12-06 12:00:00,19.762,37.121,213.52,
2019-12-06 16:00:00,18.179,37.268,220.26,
2019-12-06 20:00:00,20.874,37.1855,210.445,8.042
2019-12-07 00:00:00,21.446,37.2295,210.22,8.035
2019-12-07 04:00:00,20.083,37.147,215.82,
2019-12-07 08:00:00,19.329,37.076,220.87,
2019-12-07 12:00:00,19.708,37.122,217.52,
2019-12-07 16:00:00,18.107,37.249,218.83,
2019-12-07 20:00:00,20.504,37.153,215.86,8.049
2019-12-08 00:00:00,21.4055,37.2535,208.1,8.029
2019-12-08 04:00:00,19.509,37.157,225.37,
2019-12-08 08:00:00,20.998,37.086,211.02,
2019-12-08 12:00:00,19.57,37.091,216.335,
2019-12-08 16:00:00,18.101,37.242,223.34,
2019-12-08 20:00:00,20.3485,37.1645,210.64,8.036
2019-12-09 00:00:00,21.1995,37.2225,206.565,8.032
2019-12-09 04:00:00,19.501,37.148,220.61,
2019-12-09 08:00:00,20.385,37.069,216.69,
2019-12-09 12:00:00,19.6375,37.113,214.755,
2019-12-09 16:00:00,17.941,37.094,220.22,
2019-12-09 20:00:00,20.1565,37.187,215.175,8.048
2019-12-10 00:00:00,21.031,37.2225,211.275,8.049
2019-12-10 04:00:00,21.4265,37.2005,217.45,8.05
2019-12-10 08:00:00,20.242,36.976,217.34,
2019-12-10 12:00:00,19.509,37.073,216.93,
2019-12-10 16:00:00,17.467,37.123,230.01,
2019-12-10 20:00:00,20.112,37.1925,214.5,8.055
2019-12-11 00:00:00,20.8625,37.1965,214.06,8.053
2019-12-11 04:00:00,21.434,37.23,210.92,8.036
2019-12-11 08:00:00,20.044,37.144,216.41,
2019-12-11 12:00:00,19.3215,37.077,220.82,
2019-12-11 16:00:00,17.278,37.141,226.1,
2019-12-11 20:00:00,20.1165,37.1795,215.655,8.056
2019-12-12 00:00:00,20.5035,37.1635,214.99,8.048
2019-12-12 04:00:00,21.412,37.2545,208.88,8.032
2019-12-12 08:00:00,19.506,37.158,225.73,
2019-12-12 12:00:00,20.926,37.093,213.73,
2019-12-12 16:00:00,17.31,37.159,224.98,
2019-12-12 20:00:00,20.1465,37.184,213.79,
2019-12-13 00:00:00,20.387,37.172,212.675,8.043
2019-12-13 04:00:00,21.1785,37.212,206.91,8.041
2019-12-13 08:00:00,21.7015,37.183,212.465,
2019-12-13 12:00:00,20.398,37.018,218.08,
2019-12-13 16:00:00,17.331,37.17,226.42,
2019-12-13 20:00:00,20.037,37.1085,213.205,
2019-12-14 00:00:00,20.173,37.1885,216.07,8.054
2019-12-14 04:00:00,20.9985,37.2205,210.885,8.044
2019-12-14 08:00:00,21.432,37.2045,218.495,8.05
2019-12-14 12:00:00,20.273,36.979,218.23,
2019-12-14 16:00:00,17.314,37.064,225.37,
2019-12-14 20:00:00,19.802,37.1215,217.48,
2019-12-15 00:00:00,20.1315,37.1915,215.32,8.055
2019-12-15 04:00:00,20.885,37.194,214.515,8.054
2019-12-15 08:00:00,21.4415,37.2295,212.04,8.04
2019-12-15 12:00:00,20.034,37.143,216.59,
2019-12-15 16:00:00,17.15,37.071,229.57,
2019-12-15 20:00:00,19.722,37.1145,219.76,
2019-12-16 00:00:00,20.1125,37.189,216.585,8.057
2019-12-16 04:00:00,20.4895,37.165,214.78,8.047
2019-12-16 08:00:00,21.4095,37.2555,208.8,8.031
2019-12-16 12:00:00,19.512,37.159,226.36,
2019-12-16 20:00:00,19.6,37.091,217.415,
2019-12-17 00:00:00,20.1465,37.1535,213.98,
2019-12-17 04:00:00,20.3775,37.1675,213.105,8.046
2019-12-17 08:00:00,21.2105,37.2205,210.905,8.048
2019-12-17 12:00:00,21.6935,37.19,215.045,
2019-12-17 20:00:00,19.644,37.111,218.12,
2019-12-18 00:00:00,20.0525,37.1055,215.33,
2019-12-18 04:00:00,20.1705,37.189,216.94,8.05
2019-12-18 08:00:00,20.9565,37.2205,211.235,8.047
2019-12-18 12:00:00,21.5285,37.199,218.965,8.049
2019-12-18 20:00:00,19.5485,37.0715,219.645,
2019-12-19 00:00:00,19.817,37.1235,220.895,
2019-12-19 04:00:00,20.168,37.19,215.965,8.057
2019-12-19 08:00:00,20.8885,37.1935,216.51,8.063
2019-12-19 12:00:00,21.4225,37.2305,211.975,8.041
2019-12-19 20:00:00,19.3125,37.078,222.285,
2019-12-20 00:00:00,19.723,37.107,220.17,
2019-12-20 04:00:00,20.1075,37.1735,216.505,8.063
2019-12-20 08:00:00,20.514,37.17,214.365,8.049
2019-12-20 12:00:00,21.409,37.247,209.86,8.038
2019-12-20 20:00:00,20.904,37.09,219.56,
2019-12-21 00:00:00,19.6525,37.094,219.15,
2019-12-21 04:00:00,20.163,37.173,213.495,
2019-12-21 08:00:00,20.419,37.176,214.36,8.048
2019-12-21 12:00:00,21.2,37.218,208.605,8.044
2019-12-21 16:00:00,23.859,37.197,210.97,8.016
2019-12-21 20:00:00,20.407,37.097,221.25,
2019-12-22 00:00:00,19.6495,37.106,220.495,
2019-12-22 04:00:00,20.0865,37.1205,217.3,
2019-12-22 08:00:00,20.19,37.1895,218.5,8.057
2019-12-22 12:00:00,20.9205,37.2175,211.805,8.047
2019-12-22 16:00:00,23.853,37.193,213.69,8.051
2019-12-22 20:00:00,20.391,37.052,220.33,
2019-12-23 00:00:00,19.5465,37.073,219.65,
2019-12-23 04:00:00,19.8425,37.124,221.595,
2019-12-23 08:00:00,20.1845,37.1925,216.7,8.056
2019-12-23 12:00:00,20.83,37.195,215.905,8.061
2019-12-23 16:00:00,23.627,37.188,205.49,8.045
2019-12-23 20:00:00,20.059,37.122,217.91,
2019-12-24 00:00:00,19.305,37.0795,221.405,
2019-12-24 04:00:00,19.709,37.102,220.855,
2019-12-24 08:00:00,20.1055,37.177,217.695,8.063
2019-12-24 12:00:00,20.5255,37.171,214.29,8.049
2019-12-24 16:00:00,23.464,37.182,204.79,8.036
2019-12-24 20:00:00,19.54,37.163,227.2,
2019-12-25 00:00:00,20.903,37.091,220.78,
2019-12-25 04:00:00,19.635,37.0895,219.88,
2019-12-25 08:00:00,20.1775,37.1685,215.59,
2019-12-25 12:00:00,20.4105,37.1735,214.7,8.048
2019-12-25 16:00:00,23.3,37.181,205.51,8.043
2019-12-25 20:00:00,21.705,37.184,216.715,8.024
2019-12-26 00:00:00,20.39,36.816,222.86,
2019-12-26 04:00:00,19.6645,37.1015,222.02,
2019-12-26 08:00:00,20.095,37.1215,215.17,
2019-12-26 12:00:00,20.198,37.191,221.325,8.065
2019-12-26 16:00:00,23.03,37.116,202.46,8.044
2019-12-26 20:00:00,21.5065,37.2035,219.78,8.052
2019-12-27 00:00:00,20.422,37.052,220.66,
2019-12-27 04:00:00,19.491,37.0755,220.075,
2019-12-27 08:00:00,19.899,37.125,221.795,
2019-12-27 12:00:00,20.2225,37.1935,217.735,8.055
2019-12-27 16:00:00,22.769,37.101,212.79,8.06
2019-12-27 20:00:00,21.4985,37.2335,215.795,8.045
2019-12-28 00:00:00,20.118,37.13,220.06,
2019-12-28 04:00:00,19.329,37.082,222.515,
2019-12-28 08:00:00,19.722,37.1,221.66,
2019-12-28 12:00:00,20.116,37.1755,219.05,8.066
2019-12-28 16:00:00,22.684,37.029,205.29,8.048
2019-12-28 20:00:00,21.4025,37.233,210.815,8.035
2019-12-29 00:00:00,19.598,37.164,227.35,
2019-12-29 04:00:00,20.908,37.093,221.05,
2019-12-29 08:00:00,19.705,37.096,219.065,
2019-12-29 12:00:00,20.192,37.172,215.69,
2019-12-29 16:00:00,22.453,37.054,210.15,8.052
2019-12-29 20:00:00,21.2405,37.2315,210.84,8.042
2019-12-30 00:00:00,21.637,37.1825,215.36,8.027
2019-12-30 04:00:00,20.411,37.102,223.57,
2019-12-30 08:00:00,19.669,37.096,222.09,
2019-12-30 12:00:00,20.1055,37.126,218.065,
2019-12-30 16:00:00,22.245,37.089,218.37,8.068
2019-12-30 20:00:00,20.974,37.212,212.485,8.044
2019-12-31 00:00:00,21.4455,37.2075,219.34,8.05
2019-12-31 04:00:00,20.437,37.042,222.32,
2019-12-31 08:00:00,19.466,37.0765,220.04,
2019-12-31 12:00:00,19.909,37.127,222.65,
2019-12-31 16:00:00,22.225,37.123,217.64,8.064
2019-12-31 20:00:00,20.809,37.193,215.08,8.056
2020-01-01 00:00:00,21.496,37.232,216.525,8.046
2020-01-01 04:00:00,20.088,37.137,222.01,
2020-01-01 08:00:00,19.3295,37.0825,222.81,
2020-01-01 12:00:00,19.7115,37.0945,221.67,
2020-01-01 16:00:00,22.269,37.119,219.14,8.071
2020-01-01 20:00:00,20.543,37.1675,214.4,8.046
2020-01-02 00:00:00,21.4,37.22,211.875,8.037
2020-01-02 04:00:00,19.652,37.163,228.77,
2020-01-02 08:00:00,20.885,37.09,220.85,
2020-01-02 12:00:00,19.703,37.096,220.31,
2020-01-02 16:00:00,22.251,37.12,206,
2020-01-02 20:00:00,20.381,37.1785,218.035,8.055
2020-01-03 00:00:00,21.25,37.235,211.245,8.041
2020-01-03 04:00:00,21.6525,37.1885,214.1,8.027
2020-01-03 08:00:00,20.409,37.034,223.99,
2020-01-03 12:00:00,19.6955,37.091,223.46,
2020-01-03 16:00:00,22.266,37.116,215.38,
2020-01-03 20:00:00,20.243,37.199,219.685,8.069
2020-01-04 00:00:00,20.97,37.2085,212.005,8.04
2020-01-04 04:00:00,21.467,37.204,219.03,8.048
2020-01-04 08:00:00,20.457,37.058,223.17,
2020-01-04 12:00:00,19.468,37.075,221.575,
2020-01-04 16:00:00,22.399,37.123,216.42,
2020-01-04 20:00:00,20.25,37.1925,220.61,8.066
2020-01-05 00:00:00,20.796,37.1915,215.035,8.066
2020-01-05 04:00:00,21.487,37.236,216.975,8.04
2020-01-05 08:00:00,20.163,37.144,224.71,
2020-01-05 12:00:00,19.3375,37.082,222.98,
2020-01-05 16:00:00,22.196,37.053,217.38,
2020-01-05 20:00:00,20.2165,37.1845,220.21,8.066
2020-01-06 00:00:00,20.539,37.167,214.455,8.039
2020-01-06 04:00:00,21.411,37.2205,213.46,8.044
2020-01-06 08:00:00,19.703,37.161,227.88,
2020-01-06 12:00:00,20.854,37.094,220.39,
2020-01-06 16:00:00,22.06,37.029,215.68,
2020-01-06 20:00:00,20.229,37.171,217.845,
2020-01-07 00:00:00,20.3655,37.179,218.4,8.059
2020-01-07 04:00:00,21.2625,37.243,211.38,8.04
2020-01-07 08:00:00,19.449,37.176,223.31,
2020-01-07 12:00:00,20.398,34.778,227.38,
2020-01-07 16:00:00,22.096,37.079,216.69,
2020-01-07 20:00:00,20.0475,37.116,220.315,
2020-01-08 00:00:00,20.2335,37.2,219.385,8.069
2020-01-08 04:00:00,20.95,37.2005,213.3,8.045
2020-01-08 08:00:00,19.149,37.226,227.96,
2020-01-08 12:00:00,20.444,37.062,223.31,
2020-01-08 16:00:00,21.689,37.085,215.74,
2020-01-08 20:00:00,19.937,37.127,224.77,
2020-01-09 00:00:00,20.243,37.195,219.115,8.065
2020-01-09 04:00:00,20.802,37.194,214.195,8.057
2020-01-09 08:00:00,19.416,37.296,226.43,
2020-01-09 12:00:00,20.159,37.148,224.39,
2020-01-09 16:00:00,21.538,37.09,217.48,
2020-01-09 20:00:00,19.764,37.107,223.965,
2020-01-10 00:00:00,20.244,37.1875,220.79,8.063
2020-01-10 04:00:00,20.532,37.166,215.44,8.044
2020-01-10 08:00:00,19.4,37.26,221.27,
2020-01-10 12:00:00,19.686,37.161,227.62,
2020-01-10 16:00:00,20.807,37.102,219.93,
2020-01-10 20:00:00,19.7165,37.098,220.8,
2020-01-11 00:00:00,20.2205,37.1685,217.655,
2020-01-11 04:00:00,20.3445,37.0785,218.075,8.056
2020-01-11 08:00:00,19.33,37.318,218.87,
2020-01-11 12:00:00,21.573,37.19,214.11,8.029
2020-01-11 16:00:00,20.352,37.066,223.93,
2020-01-11 20:00:00,19.74,37.078,223.32,
2020-01-12 00:00:00,20.035,37.117,220.675,
2020-01-12 04:00:00,20.2465,37.1995,220.795,8.067
2020-01-12 08:00:00,19.007,37.299,222.37,
2020-01-12 12:00:00,21.4515,37.206,218.1,8.048
2020-01-12 16:00:00,20.423,36.665,225.17,
2020-01-12 20:00:00,19.48,37.0765,222.76,
2020-01-13 00:00:00,19.9575,37.1275,225.715,
2020-01-13 04:00:00,20.238,37.1925,220.54,8.067
2020-01-13 08:00:00,18.861,37.288,218.96,
2020-01-13 12:00:00,21.5315,37.247,216.99,8.051
2020-01-13 16:00:00,20.124,37.149,223.82,
2020-01-13 20:00:00,21.521,37.091,216.15,
2020-01-14 00:00:00,19.7345,37.0925,225.565,
2020-01-14 04:00:00,20.244,37.1885,221.22,8.068
2020-01-14 08:00:00,18.559,37.312,226.87,
2020-01-14 12:00:00,21.425,37.222,212.56,8.035
2020-01-14 16:00:00,19.659,37.161,226.71,
2020-01-14 20:00:00,20.744,37.116,218.66,
2020-01-15 00:00:00,19.742,37.1005,222.08,
2020-01-15 04:00:00,20.1995,37.169,215.26,
2020-01-15 08:00:00,18.377,37.294,225.62,
2020-01-15 12:00:00,21.301,37.254,210.135,8.034
2020-01-15 16:00:00,21.541,37.1905,213.695,8.029
2020-01-15 20:00:00,20.305,37.056,223.3,
2020-01-16 00:00:00,19.7535,37.0755,223.9,
2020-01-16 04:00:00,20.0005,37.115,220.475,
2020-01-16 08:00:00,18.392,37.299,226.56,
2020-01-16 12:00:00,20.9985,37.2,213.185,8.041
2020-01-16 16:00:00,21.437,37.2055,216.895,8.047
2020-01-16 20:00:00,20.4,37.133,224.22,
2020-01-17 00:00:00,19.4755,37.0775,222.34,
2020-01-17 04:00:00,19.9315,37.1275,225.16,
2020-01-17 08:00:00,18.27,37.264,224.14,
2020-01-17 12:00:00,20.801,37.1375,211.895,8.049
2020-01-17 16:00:00,21.5,37.2465,217.18,8.049
2020-01-17 20:00:00,20.052,37.151,222.24,
2020-01-18 00:00:00,21.498,37.091,215.2,
2020-01-18 04:00:00,19.7285,37.087,225.23,
2020-01-18 08:00:00,18.143,37.255,227.26,
2020-01-18 12:00:00,20.533,37.171,215.3,8.042
2020-01-18 16:00:00,21.3705,37.1965,210.755,8.033
2020-01-18 20:00:00,19.645,37.161,224.88,
2020-01-19 00:00:00,20.687,37.056,217.79,
2020-01-19 04:00:00,19.76,37.101,223.345,
2020-01-19 08:00:00,18.187,37.223,226.93,
2020-01-19 12:00:00,20.291,37.1545,217.21,8.054
2020-01-19 16:00:00,21.221,37.2495,209.755,8.033
2020-01-19 20:00:00,21.5055,37.194,212.94,8.024
2020-01-20 00:00:00,20.26,37.039,221.56,
2020-01-20 04:00:00,19.761,37.075,223.745,
2020-01-20 08:00:00,17.744,37.1,229.11,
2020-01-20 12:00:00,20.242,37.2005,219.635,8.064
2020-01-20 16:00:00,21.0005,37.195,212.74,8.042
2020-01-20 20:00:00,21.421,37.2055,215.055,8.046
2020-01-21 00:00:00,20.372,37.152,223.09,
2020-01-21 04:00:00,19.471,37.0775,223.78,
2020-01-21 08:00:00,17.535,37.131,235.27,
2020-01-21 12:00:00,20.217,37.1935,219.79,8.063
2020-01-21 16:00:00,20.723,37.0495,216.8,8.063
2020-01-21 20:00:00,21.483,37.248,216.235,8.044
2020-01-22 00:00:00,20.015,37.151,221.14,
2020-01-22 04:00:00,21.488,37.091,213.78,
2020-01-22 08:00:00,17.437,37.154,236.82,
2020-01-22 12:00:00,20.2215,37.19,222.86,8.067
2020-01-22 16:00:00,20.505,37.1715,215.055,8.041
2020-01-22 20:00:00,21.337,37.2,210.865,8.035
2020-01-23 00:00:00,19.603,37.162,224.61,
2020-01-23 04:00:00,20.661,37.076,217.3,
2020-01-23 08:00:00,17.507,37.17,237.66,
2020-01-23 12:00:00,20.199,37.171,219.045,
2020-01-23 16:00:00,20.252,37.1815,217.34,8.051
2020-01-23 20:00:00,21.253,37.26,209.76,8.037
2020-01-24 00:00:00,19.386,37.198,222.54,
2020-01-24 04:00:00,20.21,37.037,220.63,
2020-01-24 08:00:00,17.519,37.066,234.57,
2020-01-24 12:00:00,19.977,37.106,219.915,
2020-01-24 16:00:00,20.2245,37.196,219.54,8.068
2020-01-24 20:00:00,21.008,37.205,211.58,8.039
2020-01-25 00:00:00,19.157,37.227,221.96,
2020-01-25 04:00:00,20.352,37.152,221.53,
2020-01-25 08:00:00,17.384,37.069,236.6,
2020-01-25 12:00:00,19.9165,37.127,224.265,
2020-01-25 16:00:00,20.2095,37.192,218.225,8.059
2020-01-25 20:00:00,20.7135,37.064,217.75,8.062
2020-01-26 00:00:00,19.487,37.31,221.91,
2020-01-26 04:00:00,19.979,37.153,220.47,
2020-01-26 12:00:00,19.718,37.081,225.555,
2020-01-26 16:00:00,20.2135,37.191,221.32,8.063
2020-01-26 20:00:00,20.5035,37.1805,215.055,8.036
2020-01-27 00:00:00,19.211,37.195,221.14,
2020-01-27 04:00:00,19.546,37.164,223.27,
2020-01-27 12:00:00,19.767,37.1055,223.37,
2020-01-27 16:00:00,20.1845,37.1655,216.8,
2020-01-27 20:00:00,20.221,37.1855,217.12,8.046
2020-01-28 00:00:00,19.293,37.352,218.45,
2020-01-28 04:00:00,19.382,37.198,221.67,
2020-01-28 12:00:00,19.751,37.0705,224.14,
2020-01-28 16:00:00,19.951,37.108,219.375,
2020-01-28 20:00:00,20.2025,37.1905,219.52,8.06
2020-01-29 00:00:00,18.926,37.298,221.71,
2020-01-29 04:00:00,19.185,37.229,221.13,
2020-01-29 12:00:00,19.446,37.077,224.57,
2020-01-29 16:00:00,19.8955,37.127,222.69,
2020-01-29 20:00:00,20.193,37.1925,218.33,8.061
2020-01-30 00:00:00,18.726,37.293,223.05,
2020-01-30 04:00:00,19.453,37.312,221.5,
2020-01-30 12:00:00,21.399,37.088,213.21,
2020-01-30 16:00:00,19.693,37.0835,224.81,
2020-01-30 20:00:00,20.1955,37.19,219.83,8.06
2020-01-31 00:00:00,18.454,37.314,226.7,
2020-01-31 04:00:00,19.164,37.192,219.5,
2020-01-31 12:00:00,20.576,37.098,216.09,
2020-01-31 16:00:00,19.7705,37.0965,225.175,
2020-01-31 20:00:00,20.165,37.1685,216.29,
2020-02-01 00:00:00,18.238,37.298,227.09,
2020-02-01 04:00:00,19.297,37.356,218.3,
2020-02-01 12:00:00,20.186,37.04,219.16,
2020-02-01 16:00:00,19.7395,37.0725,224.62,
2020-02-01 20:00:00,19.923,37.109,218.44,
2020-02-02 00:00:00,18.355,37.276,227.6,
2020-02-02 04:00:00,18.925,37.293,222.55,
2020-02-02 12:00:00,20.302,37.155,218.49,
2020-02-02 16:00:00,19.432,37.079,225.895,
2020-02-02 20:00:00,19.882,37.128,221.375,
2020-02-03 00:00:00,18.248,37.262,224.55,
2020-02-03 04:00:00,18.725,37.294,220.65,
2020-02-03 12:00:00,19.877,37.141,218.85,
2020-02-03 16:00:00,21.38,37.089,212.15,
2020-02-03 20:00:00,19.691,37.0855,223.22,
2020-02-04 00:00:00,18.126,37.259,227.63,
2020-02-04 04:00:00,18.442,37.312,225.48,
2020-02-04 12:00:00,19.475,37.167,221.22,
2020-02-04 16:00:00,20.564,37.093,215.54,
2020-02-04 20:00:00,19.737,37.0985,228.755,
2020-02-05 00:00:00,18.177,37.218,226.69,
2020-02-05 04:00:00,18.223,37.299,225.29,
2020-02-05 12:00:00,19.401,37.202,220.53,
2020-02-05 16:00:00,20.191,37.076,219.91,
2020-02-05 20:00:00,19.7155,37.0695,224,
2020-02-06 00:00:00,17.624,37.107,227.91,
2020-02-06 04:00:00,18.321,37.271,225.68,
2020-02-06 12:00:00,19.144,37.241,219.44,
2020-02-06 16:00:00,20.274,37.143,218.05,
2020-02-06 20:00:00,19.4295,37.0775,224.66,
2020-02-07 00:00:00,17.484,37.135,230.62,
2020-02-07 04:00:00,18.235,37.261,224.74,
2020-02-07 12:00:00,19.392,37.316,220.63,
2020-02-07 16:00:00,19.894,37.143,221.63,
2020-02-07 20:00:00,21.363,37.089,211.04,
2020-02-08 00:00:00,17.415,37.157,233.54,
2020-02-08 04:00:00,18.114,37.258,226.62,
2020-02-08 12:00:00,19.149,37.202,217.62,
2020-02-08 16:00:00,19.485,37.167,222.06,
2020-02-08 20:00:00,20.528,37.079,214.92,
2020-02-09 00:00:00,17.465,37.17,243.17,
2020-02-09 04:00:00,18.142,37.198,226.67,
2020-02-09 12:00:00,19.231,37.359,217.56,
2020-02-09 16:00:00,19.374,37.203,220.34,
2020-02-09 20:00:00,20.172,37.061,220.08,
2020-02-10 00:00:00,17.466,37.069,236.84,
2020-02-10 04:00:00,17.64,37.107,227.98,
2020-02-10 12:00:00,18.86,37.296,218.88,
2020-02-10 16:00:00,19.15,37.248,219.5,
2020-02-10 20:00:00,20.249,37.144,216.99,
2020-02-11 00:00:00,17.319,37.069,237.53,
2020-02-11 04:00:00,17.459,37.136,229.92,
2020-02-11 12:00:00,18.656,37.296,218.8,
2020-02-11 16:00:00,19.339,37.317,220.43,
2020-02-11 20:00:00,19.895,37.145,221.35,
2020-02-12 04:00:00,17.403,37.158,231.6,
2020-02-12 12:00:00,18.425,37.309,224.07,
2020-02-12 16:00:00,19.157,37.214,216.54,
2020-02-12 20:00:00,19.483,37.165,222.44,
2020-02-13 04:00:00,17.383,37.175,242.45,
2020-02-13 12:00:00,18.176,37.299,223.5,
2020-02-13 16:00:00,19.185,37.36,217.21,
2020-02-13 20:00:00,19.358,37.202,219.55,
2020-02-14 00:00:00,15.606,37.325,242.16,
2020-02-14 04:00:00,17.448,37.068,234.23,
2020-02-14 12:00:00,18.263,37.271,223.46,
2020-02-14 16:00:00,18.844,37.294,219.3,
2020-02-14 20:00:00,19.172,37.254,219.32,
2020-02-15 00:00:00,15.491,37.333,239.56,
2020-02-15 04:00:00,17.308,37.07,236.22,
2020-02-15 12:00:00,18.209,37.262,223.59,
2020-02-15 16:00:00,18.609,37.299,218.13,
2020-02-15 20:00:00,19.272,37.318,220.48,
2020-02-16 00:00:00,15.609,37.331,244.82,
2020-02-16 12:00:00,18.082,37.256,224.87,
2020-02-16 16:00:00,18.423,37.308,223.44,
2020-02-16 20:00:00,19.134,37.214,216.53,
2020-02-17 00:00:00,15.611,37.304,242.81,
2020-02-17 12:00:00,18.027,37.123,226.26,
2020-02-17 16:00:00,18.221,37.295,222.84,
2020-02-17 20:00:00,19.15,37.361,216.26,
2020-02-18 00:00:00,15.612,37.314,239.4,
2020-02-18 04:00:00,15.5435,37.3275,240.875,
2020-02-18 12:00:00,17.562,37.107,227.72,
2020-02-18 16:00:00,18.243,37.27,222.62,
2020-02-18 20:00:00,18.822,37.295,219.17,
2020-02-19 00:00:00,15.446,37.32,237.08,
2020-02-19 04:00:00,15.5065,37.341,239.935,
2020-02-19 12:00:00,17.423,37.138,229.23,
2020-02-19 16:00:00,18.192,37.262,222.97,
2020-02-19 20:00:00,18.576,37.301,219.64,
2020-02-20 00:00:00,15.664,37.326,243.23,
2020-02-20 04:00:00,15.595,37.3235,241.715,
2020-02-20 12:00:00,17.385,37.159,229.39,
2020-02-20 16:00:00,18.078,37.254,224.28,
2020-02-20 20:00:00,18.41,37.308,222.95,
2020-02-21 00:00:00,15.569,37.329,250.29,
2020-02-21 04:00:00,15.601,37.309,240.175,
2020-02-21 08:00:00,15.647,37.324,243.06,
2020-02-21 12:00:00,17.44,37.171,233.08,
2020-02-21 16:00:00,17.966,37.098,225.1,
2020-02-21 20:00:00,18.207,37.296,222.68,
2020-02-22 00:00:00,15.495,37.332,252.39,
2020-02-22 04:00:00,15.5585,37.3155,238.855,
2020-02-22 08:00:00,15.552,37.326,241.57,
2020-02-22 12:00:00,17.427,37.067,231.48,
2020-02-22 16:00:00,17.537,37.111,228.35,
2020-02-22 20:00:00,18.227,37.271,222,
2020-02-23 00:00:00,15.839,37.326,244.71,
2020-02-23 04:00:00,15.38,37.3195,235.4,
2020-02-23 08:00:00,15.546,37.339,242.355,
2020-02-23 12:00:00,17.276,37.069,234.11,
2020-02-23 16:00:00,17.41,37.139,228.5,
2020-02-23 20:00:00,18.178,37.262,221.35,
2020-02-24 00:00:00,15.894,37.321,249.66,
2020-02-24 04:00:00,15.5975,37.328,243.635,
2020-02-24 08:00:00,15.619,37.321,242.155,
2020-02-24 16:00:00,17.367,37.16,228.33,
2020-02-24 20:00:00,18.072,37.253,224.09,
2020-02-25 00:00:00,15.653,37.317,244.72,
2020-02-25 04:00:00,15.5045,37.3315,246.16,
2020-02-25 08:00:00,15.6265,37.309,244.74,
2020-02-25 16:00:00,17.39,37.173,232.98,
2020-02-25 20:00:00,17.931,37.084,225.44,
2020-02-26 00:00:00,15.898,37.323,247.71,
2020-02-26 04:00:00,15.445,37.3355,245.53,
2020-02-26 08:00:00,15.553,37.3175,241.615,
2020-02-26 12:00:00,15.573,37.327,239.37,
2020-02-26 16:00:00,17.411,37.063,229.79,
2020-02-26 20:00:00,17.525,37.113,228.27,
2020-02-27 00:00:00,15.654,37.333,241.22,
2020-02-27 04:00:00,15.769,37.3275,241.67,
2020-02-27 08:00:00,15.5855,37.327,241.28,
2020-02-27 12:00:00,15.497,37.329,240.2,
2020-02-27 16:00:00,17.264,37.069,233.52,
2020-02-27 20:00:00,17.378,37.139,227.24,
2020-02-28 00:00:00,15.844,37.328,248.26,
2020-02-28 04:00:00,15.7885,37.3255,244.65,
2020-02-28 08:00:00,15.646,37.3285,250,
2020-02-28 12:00:00,15.586,37.332,239.48,
2020-02-28 20:00:00,17.335,37.156,228.43,
2020-02-29 00:00:00,15.596,37.325,250.05,
2020-02-29 04:00:00,15.729,37.323,248.355,
2020-02-29 08:00:00,15.558,37.3315,250.895,
2020-02-29 12:00:00,15.601,37.307,241.09,
2020-02-29 20:00:00,17.361,37.175,234.88,
2020-03-01 00:00:00,15.55,37.352,242.8,
2020-03-01 04:00:00,15.8025,37.3245,243.545,
2020-03-01 08:00:00,15.6975,37.33,248.205,
2020-03-01 12:00:00,15.59,37.314,238.63,
2020-03-01 16:00:00,15.558,37.326,240.67,
2020-03-01 20:00:00,17.403,37.063,229.38,
2020-03-02 00:00:00,15.643,37.342,238.51,
2020-03-02 04:00:00,15.631,37.3305,239.855,
2020-03-02 08:00:00,15.88,37.3245,249.005,
2020-03-02 12:00:00,15.406,37.323,237.08,
2020-03-02 16:00:00,15.524,37.332,242.76,
2020-03-02 20:00:00,17.252,37.069,232.95,
2020-03-03 00:00:00,15.279,37.343,244.98,
2020-03-03 04:00:00,15.7435,37.33,242.215,
2020-03-03 08:00:00,15.7665,37.32,249.62,
2020-03-03 12:00:00,15.604,37.327,242.35,
2020-03-03 16:00:00,15.593,37.332,239.34,
2020-03-04 00:00:00,15.264,37.328,244.18,
2020-03-04 04:00:00,15.5465,37.347,242.405,
2020-03-04 08:00:00,15.861,37.325,252.99,
2020-03-04 12:00:00,15.497,37.33,249.4,
2020-03-04 16:00:00,15.594,37.309,239.26,
2020-03-05 00:00:00,15.217,37.458,235.72,
2020-03-05 04:00:00,15.541,37.3495,242.125,
2020-03-05 08:00:00,15.7915,37.327,243.16,
2020-03-05 12:00:00,15.416,37.335,246.35,
2020-03-05 16:00:00,15.57,37.315,236.6,
2020-03-05 20:00:00,15.541,37.326,239.02,
2020-03-06 00:00:00,15.447,37.418,242.81,
2020-03-06 04:00:00,15.6075,37.3405,235.295,
2020-03-06 08:00:00,15.7835,37.3305,247.38,
2020-03-06 12:00:00,15.772,37.321,241.91,
2020-03-06 16:00:00,15.39,37.322,236.95,
2020-03-06 20:00:00,15.512,37.33,244.35,
2020-03-07 00:00:00,15.101,37.42,245.81,
2020-03-07 04:00:00,15.209,37.332,245.185,
2020-03-07 08:00:00,15.6825,37.3315,243.885,
2020-03-07 12:00:00,15.785,37.318,244.84,
2020-03-07 16:00:00,15.594,37.328,243.45,
2020-03-07 20:00:00,15.583,37.331,239.24,
2020-03-08 00:00:00,15.103,37.451,244.58,
2020-03-08 04:00:00,15.21,37.329,244.505,
2020-03-08 08:00:00,15.5615,37.3535,251.02,
2020-03-08 12:00:00,15.75,37.323,248.6,
2020-03-08 16:00:00,15.478,37.329,248.47,
2020-03-08 20:00:00,15.591,37.309,238.86,
2020-03-09 00:00:00,15.452,37.47,249.74,
2020-03-09 04:00:00,15.2265,37.4185,240.865,
2020-03-09 08:00:00,15.6305,37.348,243.635,
2020-03-09 12:00:00,15.809,37.321,243.05,
2020-03-09 16:00:00,15.412,37.332,244.58,
2020-03-09 20:00:00,15.548,37.315,236.14,
2020-03-10 00:00:00,15.4065,37.3995,241.75,
2020-03-10 04:00:00,15.403,37.41,241.475,
2020-03-10 08:00:00,15.542,37.3435,239.44,
2020-03-10 12:00:00,15.613,37.332,239.16,
2020-03-10 16:00:00,15.761,37.325,242.09,
2020-03-10 20:00:00,15.393,37.324,236.44,
2020-03-11 00:00:00,15.4325,37.4055,243.33,
2020-03-11 04:00:00,15.0495,37.419,247.185,
2020-03-11 08:00:00,15.2835,37.33,244.89,
2020-03-11 12:00:00,15.772,37.33,245.3,
2020-03-11 16:00:00,15.771,37.32,242.78,
2020-03-11 20:00:00,15.569,37.328,242.4,
2020-03-12 00:00:00,15.7135,37.3305,240.255,
2020-03-12 04:00:00,15.077,37.4555,241.445,
2020-03-12 08:00:00,15.2665,37.366,245.76,
2020-03-12 12:00:00,15.55,37.334,245.29,
2020-03-12 16:00:00,15.734,37.324,245.89,
2020-03-12 20:00:00,15.46,37.328,247.09,
2020-03-13 00:00:00,15.666,37.3305,243.59,
2020-03-13 04:00:00,15.3855,37.4745,245.775,
2020-03-13 08:00:00,15.4005,37.4325,244.89,
2020-03-13 12:00:00,15.539,37.356,238.03,
2020-03-13 16:00:00,15.786,37.314,241.36,
2020-03-13 20:00:00,15.409,37.333,242.69,
2020-03-14 00:00:00,15.5345,37.363,238.79,
2020-03-14 04:00:00,15.314,37.4346666666667,240.733333333333,
2020-03-14 08:00:00,15.289,37.416,241.44,
2020-03-14 12:00:00,15.611,37.342,237.27,
2020-03-14 16:00:00,15.602,37.333,238.73,
2020-03-14 20:00:00,15.761,37.329,242.08,
2020-03-15 00:00:00,15.4165,37.3955,237.86,
2020-03-15 04:00:00,15.3823333333333,37.406,241.89,
2020-03-15 08:00:00,15.1215,37.4335,246.725,
2020-03-15 12:00:00,15.196,37.332,246.25,
2020-03-15 16:00:00,15.761,37.33,244.13,
2020-03-15 20:00:00,15.758,37.322,242.22,
2020-03-16 00:00:00,15.509,37.3945,244.64,
2020-03-16 04:00:00,15.7123333333333,37.331,238.743333333333,
2020-03-16 08:00:00,15.262,37.46,249.885,
2020-03-16 12:00:00,15.221,37.328,243.72,
2020-03-16 16:00:00,15.526,37.332,243.19,
2020-03-16 20:00:00,15.732,37.324,244.64,
2020-03-17 00:00:00,15.5195,37.364,243.135,
2020-03-17 04:00:00,15.6466666666667,37.342,242.003333333333,
2020-03-17 08:00:00,15.3815,37.477,248.065,
2020-03-17 12:00:00,15.21,37.458,235.68,
2020-03-17 16:00:00,15.535,37.355,236.63,
2020-03-17 20:00:00,15.776,37.317,240.98,
2020-03-18 00:00:00,15.494,37.371,240.27,
2020-03-18 04:00:00,15.5196666666667,37.382,238.67,
2020-03-18 08:00:00,15.393,37.4256666666667,241.98,
2020-03-18 12:00:00,15.385,37.408,237.65,
2020-03-18 16:00:00,15.603,37.339,235.84,
2020-03-18 20:00:00,15.588,37.332,238.37,
2020-03-19 00:00:00,15.7075,37.3445,243.21,
2020-03-19 04:00:00,15.4066666666667,37.419,237.946666666667,
2020-03-19 08:00:00,15.5733333333333,37.3773333333333,240.933333333333,
2020-03-19 12:00:00,15.015,37.418,245.21,
2020-03-19 16:00:00,15.174,37.329,246.17,
2020-03-19 20:00:00,15.716,37.33,242.41,
2020-03-20 00:00:00,15.697,37.343,245.545,
2020-03-20 04:00:00,15.5253333333333,37.3936666666667,242.16,
2020-03-20 08:00:00,15.7296666666667,37.3373333333333,244.026666666667,
2020-03-20 12:00:00,15.063,37.452,242.87,
2020-03-20 16:00:00,15.207,37.33,242.75,
2020-03-20 20:00:00,15.507,37.338,239.65,
2020-03-21 00:00:00,15.6665,37.3475,246.53,
2020-03-21 04:00:00,15.5663333333333,37.3713333333333,241.406666666667,
2020-03-21 08:00:00,15.5106666666667,37.3873333333333,245.926666666667,
2020-03-21 12:00:00,15.316,37.473,241.19,
2020-03-21 16:00:00,15.229,37.454,234.47,
2020-03-21 20:00:00,15.521,37.356,237.38,
2020-03-22 00:00:00,15.7725,37.3465,246.57,
2020-03-22 04:00:00,15.515,37.3763333333333,238.53,
2020-03-22 08:00:00,15.5236666666667,37.3813333333333,242.68,
2020-03-22 12:00:00,15.3705,37.401,239.495,
2020-03-22 16:00:00,15.364,37.408,236.75,
2020-03-22 20:00:00,15.609,37.34,235.59,
2020-03-23 00:00:00,15.836,37.33,240.065,
2020-03-23 04:00:00,15.678,37.35,239.756666666667,
2020-03-23 08:00:00,15.415,37.4106666666667,244.65,
2020-03-23 12:00:00,15.403,37.3795,241.015,
2020-03-23 16:00:00,15.025,37.419,245.53,
2020-03-23 20:00:00,15.144,37.327,245.68,
2020-03-24 00:00:00,15.7575,37.3245,241.64,
2020-03-24 04:00:00,15.6446666666667,37.351,242.486666666667,
2020-03-24 08:00:00,15.5266666666667,37.396,243.373333333333,
2020-03-24 12:00:00,15.683,37.336,239.76,
2020-03-24 16:00:00,15.057,37.452,243.12,
2020-03-24 20:00:00,15.194,37.329,241.06,
2020-03-25 00:00:00,15.5285,37.354,240.99,
2020-03-25 04:00:00,15.6443333333333,37.3556666666667,244.383333333333,
2020-03-25 08:00:00,15.5466666666667,37.3746666666667,243.13,
2020-03-25 12:00:00,15.6075,37.335,239.86,
2020-03-25 16:00:00,15.312,37.476,241.06,
2020-03-25 20:00:00,15.242,37.411,239.73,
2020-03-26 00:00:00,15.5005,37.3635,241.385,
2020-03-26 04:00:00,15.755,37.3573333333333,245.993333333333,
2020-03-26 08:00:00,15.56,37.3683333333333,244.586666666667,
2020-03-26 12:00:00,15.4965,37.3615,238.935,
2020-03-26 16:00:00,15.216,37.474,239.51,
2020-03-26 20:00:00,15.346,37.406,235.87,
2020-03-27 00:00:00,15.422,37.267,239.905,
2020-03-27 04:00:00,15.9016666666667,37.3303333333333,240.88,
2020-03-27 08:00:00,15.678,37.35,242.336666666667,
2020-03-27 12:00:00,15.349,37.3905,239.48,
2020-03-27 16:00:00,15.274,37.417,239.22,
2020-03-27 20:00:00,14.993,37.419,245.33,
2020-03-28 00:00:00,15.379,37.3195,242.635,
2020-03-28 04:00:00,15.7286666666667,37.3436666666667,241.52,
2020-03-28 08:00:00,15.6686666666667,37.353,247.47,
2020-03-28 12:00:00,15.4835,37.3985,243.91,
2020-03-28 16:00:00,15.764,37.348,238.68,
2020-03-28 20:00:00,15.046,37.453,240.65,
2020-03-29 00:00:00,15.385,37.2655,239.245,
2020-03-29 04:00:00,15.466,37.362,238.18,
2020-03-29 08:00:00,15.691,37.355,250.763333333333,
2020-03-29 12:00:00,15.529,37.3645,240.03,
2020-03-29 16:00:00,15.625,37.338,242.89,
2020-03-29 20:00:00,15.313,37.471,241.26,
2020-03-30 00:00:00,15.6045,37.2875,242.38,
2020-03-30 04:00:00,15.466,37.3513333333333,239.87,
2020-03-30 08:00:00,15.892,37.3466666666667,247.076666666667,
2020-03-30 12:00:00,15.4835,37.371,239.175,
2020-03-30 16:00:00,15.497,37.409,241.56,
2020-03-30 20:00:00,15.3445,37.4055,242.165,
2020-03-31 00:00:00,15.7455,37.2005,237.555,
2020-03-31 04:00:00,15.4796666666667,37.3033333333333,239.433333333333,
2020-03-31 08:00:00,15.829,37.3233333333333,241.99,
2020-03-31 12:00:00,15.6765,37.345,239.11,
2020-03-31 16:00:00,15.374,37.462,242.62,
2020-03-31 20:00:00,15.409,37.3725,240.315,
2020-04-01 00:00:00,15.554,37.146,240.7,
2020-04-01 01:00:00,16.099,36.866,235.7,
2020-04-01 02:00:00,16.118,36.897,234.44,
2020-04-01 04:00:00,15.45,37.316,240.596666666667,
2020-04-01 08:00:00,15.6926666666667,37.3436666666667,241.963333333333,
2020-04-01 12:00:00,15.664,37.345,243.45,
2020-04-01 16:00:00,15.465,37.449,243.28,
2020-04-01 20:00:00,15.655,37.3275,237.91,
2020-04-02 00:00:00,15.519,37.2305,242.985,
2020-04-02 04:00:00,15.4726666666667,37.252,238.723333333333,
2020-04-02 08:00:00,15.5323333333333,37.3613333333333,239.703333333333,
2020-04-02 12:00:00,15.653,37.3475,245.425,
2020-04-02 16:00:00,15.628,37.389,241.92,
2020-04-02 20:00:00,15.615,37.3275,242.415,
2020-04-03 00:00:00,15.6453333333333,37.2573333333333,240.446666666667,
2020-04-03 04:00:00,15.7073333333333,37.2256666666667,239.963333333333,
2020-04-03 08:00:00,15.4253333333333,37.305,242.84,
2020-04-03 12:00:00,15.7455,37.35,241.89,
2020-04-03 16:00:00,15.554,37.41,236.42,
2020-04-03 20:00:00,15.5065,37.363,239.15,
2020-04-04 00:00:00,15.571,37.2676666666667,243.05,
2020-04-04 04:00:00,15.844,37.1293333333333,236.46,
2020-04-04 08:00:00,15.5266666666667,37.311,243.53,
2020-04-04 12:00:00,15.819,37.328,240.625,
2020-04-04 16:00:00,15.635,37.361,240.39,
2020-04-04 20:00:00,15.376,37.3935,238.7,
2020-04-05 00:00:00,15.663,37.239,243.193333333333,
2020-04-05 04:00:00,15.575,37.199,243.48,
2020-04-05 08:00:00,15.4846666666667,37.297,243.276666666667,
2020-04-05 12:00:00,15.714,37.335,239.16,
2020-04-05 16:00:00,15.582,37.364,243.57,
2020-04-05 20:00:00,15.5435,37.373,241.525,
2020-04-06 00:00:00,15.807,37.2106666666667,242.766666666667,
2020-04-06 04:00:00,15.712,37.1406666666667,242.323333333333,
2020-04-06 08:00:00,15.5943333333333,37.233,241.873333333333,
2020-04-06 12:00:00,15.493,37.3575,235.5,
2020-04-06 16:00:00,15.56,37.371,244.04,
2020-04-06 20:00:00,15.5915,37.3625,242.04,
2020-04-07 00:00:00,15.8156666666667,37.2236666666667,243.646666666667,
2020-04-07 04:00:00,15.78525,37.18425,239.37,
2020-04-07 08:00:00,15.797,37.206,245.53,
2020-04-07 12:00:00,15.475,37.361,240.35,
2020-04-07 16:00:00,15.721,37.374,245.44,
2020-04-07 20:00:00,15.5245,37.3715,238.795,
2020-04-08 00:00:00,15.762,37.243,243.153333333333,
2020-04-08 04:00:00,15.6755,37.2015,242.225,
2020-04-08 08:00:00,15.8483333333333,37.129,237.773333333333,
2020-04-08 12:00:00,15.486,37.312,235.715,
2020-04-08 16:00:00,16.025,37.329,242.91,
2020-04-08 20:00:00,15.698,37.3465,240.345,
2020-04-09 00:00:00,15.691,37.27,245.233333333333,
2020-04-09 04:00:00,15.7795,37.17325,241.8425,
2020-04-09 08:00:00,15.5775,37.2015,248.495,
2020-04-09 12:00:00,15.3435,37.3205,241.485,
2020-04-09 16:00:00,15.747,37.345,237.15,
2020-04-09 20:00:00,15.6615,37.343,242.795,
2020-04-10 00:00:00,15.8263333333333,37.2596666666667,240.65,
2020-04-10 04:00:00,15.88375,37.16175,242.0125,
2020-04-10 08:00:00,15.766,37.1396666666667,245.096666666667,
2020-04-10 12:00:00,15.367,37.2685,239.67,
2020-04-10 16:00:00,15.485,37.377,236.15,
2020-04-10 20:00:00,15.675,37.348,246.02,
2020-04-11 00:00:00,15.9043333333333,37.255,244.9,
2020-04-11 04:00:00,15.9095,37.1705,242.0425,
2020-04-11 08:00:00,15.79375,37.19025,240.295,
2020-04-11 12:00:00,15.5625,37.2735,240.87,
2020-04-11 16:00:00,15.462,37.369,239.48,
2020-04-11 20:00:00,15.7425,37.3495,244.535,
2020-04-12 00:00:00,15.9403333333333,37.2473333333333,241.03,
2020-04-12 04:00:00,15.891,37.186,244.2,
2020-04-12 08:00:00,15.726,37.20175,245.86,
2020-04-12 12:00:00,15.7125,37.1925,237.38,
2020-04-12 16:00:00,15.337,37.278,239.89,
2020-04-12 20:00:00,15.8535,37.3285,240.75,
2020-04-13 00:00:00,16.078,37.234,241.166666666667,
2020-04-13 04:00:00,15.8605,37.207,246.615,
2020-04-13 08:00:00,15.78275,37.17875,245.0975,
2020-04-13 12:00:00,15.564,37.1745,242.065,
2020-04-13 16:00:00,15.559,37.311,237.45,
2020-04-13 20:00:00,15.733,37.3385,238.74,
2020-04-14 00:00:00,16.2263333333333,37.209,242.503333333333,
2020-04-14 04:00:00,15.971,37.20575,240.2625,
2020-04-14 08:00:00,15.919,37.16575,244.4225,
2020-04-14 12:00:00,15.518,37.2295,242.215,
2020-04-14 16:00:00,15.569,37.208,235.59,
2020-04-14 20:00:00,15.4745,37.3605,237.495,
2020-04-15 00:00:00,16.0563333333333,37.2433333333333,246.16,
2020-04-15 04:00:00,16.056,37.19825,244.555,
2020-04-15 08:00:00,15.939,37.16825,245.07,
2020-04-15 12:00:00,15.712,37.2556666666667,240.243333333333,
2020-04-15 16:00:00,15.92,37.168,240.98,
2020-04-15 20:00:00,15.5195,37.3525,242.785,
2020-04-16 00:00:00,16.1333333333333,37.2366666666667,246.183333333333,
2020-04-16 04:00:00,16.184,37.193,243.175,
2020-04-16 08:00:00,15.89875,37.1895,248.06,
2020-04-16 12:00:00,15.5566666666667,37.2836666666667,245.41,
2020-04-16 16:00:00,16.086,36.992,235.29,
2020-04-16 20:00:00,15.5525,37.337,234.48,
2020-04-17 00:00:00,16.407,37.2223333333333,250.553333333333,
2020-04-17 04:00:00,16.28175,37.173,239.535,
2020-04-17 08:00:00,15.94825,37.212,250.2225,
2020-04-17 12:00:00,15.6483333333333,37.2406666666667,240.333333333333,
2020-04-17 16:00:00,16.131,36.945,237.01,
2020-04-17 20:00:00,15.386,37.3175,241.17,
2020-04-18 00:00:00,16.126,37.2453333333333,238.046666666667,
2020-04-18 04:00:00,16.47025,37.14,240.465,
2020-04-18 08:00:00,16.01275,37.201,245.8225,
2020-04-18 12:00:00,15.8203333333333,37.2133333333333,241.24,
2020-04-18 16:00:00,16.028,36.996,244.84,
2020-04-18 20:00:00,15.387,37.27,241.98,
2020-04-19 00:00:00,16.0906666666667,37.2533333333333,239.563333333333,
2020-04-19 04:00:00,16.26825,37.1825,243.405,
2020-04-19 08:00:00,16.0925,37.19225,246.545,
2020-04-19 12:00:00,15.817,37.224,243.173333333333,
2020-04-19 16:00:00,15.9295,37.146,238.1,
2020-04-19 20:00:00,15.585,37.292,241.25,
2020-04-20 00:00:00,16.1593333333333,37.2376666666667,243.236666666667,
2020-04-20 04:00:00,16.3855,37.17925,245.505,
2020-04-20 08:00:00,16.1865,37.195,242.305,
2020-04-20 12:00:00,15.758,37.2493333333333,243.686666666667,
2020-04-20 16:00:00,15.778,37.1755,248.645,
2020-04-20 20:00:00,15.737,37.195,239.365,
2020-04-21 00:00:00,16.186,37.1813333333333,234.25,
2020-04-21 04:00:00,16.59825,37.17475,245.2,
2020-04-21 08:00:00,16.45,37.152,240.3475,
2020-04-21 12:00:00,15.8143333333333,37.2713333333333,246.163333333333,
2020-04-21 16:00:00,15.859,37.1555,245.165,
2020-04-21 20:00:00,15.616,37.1925,242.19,
2020-04-22 00:00:00,16.159,37.2003333333333,239.54,
2020-04-22 04:00:00,16.38075,37.19275,239.6925,
2020-04-22 08:00:00,16.2735,37.186,244.5625,
2020-04-22 12:00:00,15.8506666666667,37.2536666666667,243.963333333333,
2020-04-22 16:00:00,15.8625,37.1545,243.305,
2020-04-22 20:00:00,15.5875,37.227,242.325,
2020-04-23 00:00:00,16.085,37.1753333333333,240.056666666667,
2020-04-23 04:00:00,16.35275,37.197,241.2225,
2020-04-23 08:00:00,16.32425,37.17825,247.34,
2020-04-23 12:00:00,15.9003333333333,37.253,249.483333333333,
2020-04-23 16:00:00,15.9185,37.1595,244.35,
2020-04-23 20:00:00,15.7286666666667,37.257,241.87,
2020-04-24 00:00:00,16.161,37.19,247.936666666667,
2020-04-24 04:00:00,16.514,37.1775,239.875,
2020-04-24 08:00:00,16.4615,37.1835,254.5325,
2020-04-24 12:00:00,16.0463333333333,37.2496666666667,241.72,
2020-04-24 16:00:00,15.8825,37.1645,246.16,
2020-04-24 20:00:00,15.5763333333333,37.3036666666667,244.483333333333,
2020-04-25 00:00:00,16.3286666666667,37.1373333333333,241.713333333333,
2020-04-25 04:00:00,16.51575,37.118,235.065,
2020-04-25 08:00:00,16.518,37.17975,251.1275,
2020-04-25 12:00:00,16.1333333333333,37.2303333333333,239.463333333333,
2020-04-25 16:00:00,16.02,37.1695,249.925,
2020-04-25 20:00:00,15.684,37.243,240.166666666667,
2020-04-26 00:00:00,16.2833333333333,37.135,244.36,
2020-04-26 04:00:00,16.51425,37.13775,238.24,
2020-04-26 08:00:00,16.42375,37.19025,247.6175,
2020-04-26 12:00:00,16.2316666666667,37.206,243.513333333333,
2020-04-26 16:00:00,15.959,37.183,249.81,
2020-04-26 20:00:00,15.8116666666667,37.2096666666667,240.83,
2020-04-27 00:00:00,16.359,37.1503333333333,240.39,
2020-04-27 04:00:00,16.4045,37.13225,238.7825,
2020-04-27 08:00:00,16.3505,37.19975,242.625,
2020-04-27 12:00:00,16.1323333333333,37.2353333333333,247.983333333333,
2020-04-27 16:00:00,16.0085,37.1875,254.77,
2020-04-27 20:00:00,15.8433333333333,37.226,244.143333333333,
2020-04-28 00:00:00,16.35775,37.19375,242.71,
2020-04-28 04:00:00,16.45175,37.14875,244.7025,
2020-04-28 08:00:00,16.5275,37.15025,241.125,
2020-04-28 12:00:00,16.154,37.2406666666667,245.316666666667,
2020-04-28 16:00:00,16.294,37.1745,242.785,
2020-04-28 20:00:00,15.766,37.2456666666667,247.576666666667,
2020-04-29 00:00:00,16.25725,37.245,245.3375,
2020-04-29 04:00:00,16.60025,37.11125,239.18,
2020-04-29 08:00:00,16.6205,37.1235,237.88,
2020-04-29 12:00:00,16.349,37.2286666666667,250.59,
2020-04-29 16:00:00,16.3845,37.164,241.365,
2020-04-29 20:00:00,15.817,37.271,245.746666666667,
2020-04-30 00:00:00,16.36025,37.18675,241.7225,
2020-04-30 04:00:00,16.63325,37.10475,242.6425,
2020-04-30 08:00:00,16.45875,37.15625,241.875,
2020-04-30 12:00:00,16.1156666666667,37.2463333333333,243.816666666667,
2020-04-30 16:00:00,16.564,37.1235,247.565,
2020-04-30 20:00:00,15.855,37.2516666666667,248.323333333333,
2020-05-01 00:00:00,16.447,37.16475,242.525,
2020-05-01 04:00:00,16.87675,37.11175,239.03,
2020-05-01 08:00:00,16.38125,37.135,244.065,
2020-05-01 12:00:00,16.0606666666667,37.2536666666667,243.326666666667,
2020-05-01 16:00:00,16.407,37.1805,247.875,
2020-05-01 20:00:00,15.9006666666667,37.2526666666667,249.873333333333,
2020-05-02 00:00:00,16.49,37.1805,244.86,
2020-05-02 04:00:00,16.732,37.1586,243.226,
2020-05-02 08:00:00,16.50125,37.15,243.545,
2020-05-02 12:00:00,16.2186666666667,37.2286666666667,242.563333333333,
2020-05-02 16:00:00,16.367,37.1775,243.775,
2020-05-02 20:00:00,16.0623333333333,37.2406666666667,242.416666666667,
2020-05-03 00:00:00,16.253,37.21075,245.15,
2020-05-03 04:00:00,16.6002,37.1984,242.44,
2020-05-03 08:00:00,16.643,37.1085,239.9,
2020-05-03 12:00:00,16.1736666666667,37.184,236.663333333333,
2020-05-03 16:00:00,16.508,37.18,247,
2020-05-03 20:00:00,16.1526666666667,37.229,243.136666666667,
2020-05-04 00:00:00,16.28575,37.23175,244.7525,
2020-05-04 04:00:00,16.7894,37.1578,242.742,
2020-05-04 08:00:00,16.71075,37.104,246.54,
2020-05-04 12:00:00,16.1876666666667,37.1956666666667,241.633333333333,
2020-05-04 16:00:00,16.2785,37.186,243.75,
2020-05-04 20:00:00,16.263,37.2036666666667,244.66,
2020-05-05 00:00:00,16.40175,37.2125,242.655,
2020-05-05 04:00:00,16.8224,37.1442,243.332,
2020-05-05 08:00:00,16.9815,37.11325,243.405,
2020-05-05 12:00:00,16.0856666666667,37.1776666666667,240.8,
2020-05-05 16:00:00,16.437,37.1935,253.435,
2020-05-05 20:00:00,16.1516666666667,37.238,247.86,
2020-05-06 00:00:00,16.5755,37.21325,247.995,
2020-05-06 04:00:00,16.81,37.1754,241.52,
2020-05-06 08:00:00,17.00425,37.119,241.8925,
2020-05-06 12:00:00,16.2366666666667,37.1923333333333,244.5,
2020-05-06 16:00:00,16.615,37.1735,244.215,
2020-05-06 20:00:00,16.1513333333333,37.24,246.736666666667,
2020-05-07 00:00:00,17.05975,37.20275,238.995,
2020-05-07 04:00:00,16.7308,37.1808,242.35,
2020-05-07 08:00:00,16.8915,37.14,252.0125,
2020-05-07 12:00:00,16.3136666666667,37.1423333333333,239.81,
2020-05-07 16:00:00,16.535,37.1265,236.435,
2020-05-07 20:00:00,16.352,37.2306666666667,247.046666666667,
2020-05-08 00:00:00,16.69825,37.209,244.22,
2020-05-08 04:00:00,16.724,37.2008,242.89,
2020-05-08 08:00:00,17.16425,37.115,244.365,
2020-05-08 12:00:00,16.3353333333333,37.139,246.256666666667,
2020-05-08 16:00:00,16.4875,37.14,243.375,
2020-05-08 20:00:00,16.0533333333333,37.251,241.66,
2020-05-09 00:00:00,16.916,37.18425,242.54,
2020-05-09 04:00:00,16.7826,37.1908,241.298,
2020-05-09 08:00:00,17.1975,37.10275,246.11,
2020-05-09 12:00:00,16.5216666666667,37.1463333333333,239.79,
2020-05-09 16:00:00,16.317,37.1595,248.795,
2020-05-09 20:00:00,16.1106666666667,37.2546666666667,247.776666666667,
2020-05-10 00:00:00,17.10825,37.19325,244.19,
2020-05-10 04:00:00,17.098,37.1914,244.748,
2020-05-10 08:00:00,16.93575,37.14875,241.6875,
2020-05-10 12:00:00,16.34975,37.197,244.5025,
2020-05-10 16:00:00,16.3755,37.2095,245.115,
2020-05-10 20:00:00,16.179,37.171,242.47,
2020-05-11 00:00:00,16.999,37.1745,240.0925,
2020-05-11 04:00:00,17.4118,37.1854,241.39,
2020-05-11 08:00:00,16.89125,37.15725,241.74,
2020-05-11 12:00:00,16.26575,37.21625,247.4975,
2020-05-11 16:00:00,16.417,37.215,241.78,
2020-05-11 20:00:00,16.1713333333333,37.195,239.89,
2020-05-12 00:00:00,17.08975,37.165,246.2825,
2020-05-12 04:00:00,17.1932,37.1848,244.674,
2020-05-12 08:00:00,16.92275,37.164,243.4375,
2020-05-12 12:00:00,16.4775,37.182,240.39,
2020-05-12 16:00:00,16.4395,37.2205,247.96,
2020-05-12 20:00:00,16.197,37.1906666666667,240.006666666667,
2020-05-13 00:00:00,16.857,37.191,240.92,
2020-05-13 04:00:00,17.3908,37.16,240.342,
2020-05-13 08:00:00,17.19675,37.1535,236.6375,
2020-05-13 12:00:00,16.45375,37.1715,246.335,
2020-05-13 16:00:00,16.757,37.2355,240.435,
2020-05-13 20:00:00,16.1233333333333,37.154,249.85,
2020-05-14 00:00:00,16.912,37.20675,244.91,
2020-05-14 04:00:00,17.587,37.1662,243.258,
2020-05-14 08:00:00,17.68475,37.155,241.1425,
2020-05-14 12:00:00,16.28125,37.21625,243.1825,
2020-05-14 16:00:00,16.4226666666667,37.272,246.946666666667,
2020-05-14 20:00:00,16.2403333333333,37.1543333333333,240.42,
2020-05-15 00:00:00,16.908,37.15375,239.3475,
2020-05-15 04:00:00,17.468,37.129,238.902,
2020-05-15 08:00:00,17.57825,37.1665,245.395,
2020-05-15 12:00:00,16.3625,37.2065,241.7575,
2020-05-15 16:00:00,16.3186666666667,37.2856666666667,252.783333333333,
2020-05-15 20:00:00,16.2773333333333,37.1566666666667,239.79,
2020-05-16 00:00:00,16.8615,37.17975,240.2725,
2020-05-16 04:00:00,17.5232,37.13,240.284,
2020-05-16 08:00:00,17.38125,37.16275,242.675,
2020-05-16 12:00:00,16.37825,37.2245,247.735,
2020-05-16 16:00:00,16.619,37.234,241.813333333333,
2020-05-16 20:00:00,16.3406666666667,37.146,247.043333333333,
2020-05-17 00:00:00,16.8755,37.192,235.9075,
2020-05-17 04:00:00,17.3758,37.1558,241.01,
2020-05-17 08:00:00,17.872,37.11525,238.4775,
2020-05-17 12:00:00,16.415,37.21425,242.355,
2020-05-17 16:00:00,16.5756666666667,37.225,242.853333333333,
2020-05-17 20:00:00,16.538,37.143,242.546666666667,
2020-05-18 00:00:00,16.86825,37.16725,242.6925,
2020-05-18 04:00:00,17.3234,37.189,240.076,
2020-05-18 08:00:00,17.86525,37.12525,243.645,
2020-05-18 12:00:00,16.58225,37.2095,245.575,
2020-05-18 16:00:00,16.294,37.2863333333333,241.473333333333,
2020-05-18 20:00:00,16.3525,37.1975,244.8725,
2020-05-19 00:00:00,16.9705,37.16225,239.3725,
2020-05-19 04:00:00,17.3414,37.1576,236.428,
2020-05-19 08:00:00,17.85425,37.07775,236.9225,
2020-05-19 12:00:00,17.0355,37.2025,240,
2020-05-19 16:00:00,16.419,37.2806666666667,242.38,
2020-05-19 20:00:00,16.3125,37.2055,241.34,
2020-05-20 00:00:00,17.069,37.20075,240.2475,
2020-05-20 04:00:00,17.2044,37.1784,236.992,
2020-05-20 08:00:00,17.91875,37.08225,242.5075,
2020-05-20 12:00:00,16.7445,37.203,247.7275,
2020-05-20 16:00:00,16.434,37.2953333333333,244.836666666667,
2020-05-20 20:00:00,16.50475,37.16725,241.4325,
2020-05-21 00:00:00,17.10425,37.1545,244.3775,
2020-05-21 04:00:00,17.2064,37.1912,233.122,
2020-05-21 08:00:00,17.87925,37.1135,244.9525,
2020-05-21 12:00:00,16.93175,37.183,243.975,
2020-05-21 16:00:00,16.4443333333333,37.2696666666667,245.97,
2020-05-21 20:00:00,16.4635,37.172,242.6475,
2020-05-22 00:00:00,17.26625,37.15425,243.29,
2020-05-22 04:00:00,17.3556,37.1716,237.812,
2020-05-22 08:00:00,17.84375,37.12725,240.91,
2020-05-22 12:00:00,16.98325,37.19325,247.05,
2020-05-22 16:00:00,16.599,37.2703333333333,247.226666666667,
2020-05-22 20:00:00,16.24175,37.229,241.8225,
2020-05-23 00:00:00,17.90525,37.16775,241.19,
2020-05-23 04:00:00,17.4492,37.1632,237.844,
2020-05-23 08:00:00,17.58025,37.137,234.1475,
2020-05-23 12:00:00,16.97,37.1685,238.795,
2020-05-23 16:00:00,17.1533333333333,37.2593333333333,240.053333333333,
2020-05-23 20:00:00,16.3865,37.215,244.21,
2020-05-24 00:00:00,17.42825,37.166,239.31,
2020-05-24 04:00:00,17.5702,37.2002,235.65,
2020-05-24 08:00:00,17.67525,37.14025,236.5425,
2020-05-24 12:00:00,17.07225,37.16225,244.035,
2020-05-24 16:00:00,16.702,37.2723333333333,250.893333333333,
2020-05-24 20:00:00,16.399,37.226,245.6775,
2020-05-25 00:00:00,17.53475,37.138,239.89,
2020-05-25 04:00:00,17.5264,37.157,239.718,
2020-05-25 08:00:00,17.79125,37.15625,233.3075,
2020-05-25 12:00:00,16.935,37.18075,243.2775,
2020-05-25 16:00:00,16.8036666666667,37.2683333333333,245.143333333333,
2020-05-25 20:00:00,16.43825,37.214,246.725,
2020-05-26 00:00:00,17.65825,37.1445,241.35,
2020-05-26 04:00:00,17.6606,37.1644,242.622,
2020-05-26 08:00:00,17.909,37.125,235.225,
2020-05-26 12:00:00,16.9395,37.2065,245.28,
2020-05-26 16:00:00,17.0446666666667,37.253,249.073333333333,
2020-05-26 20:00:00,16.5965,37.20825,244.7075,
2020-05-27 00:00:00,17.40325,37.19425,240.34,
2020-05-27 04:00:00,18.3842,37.1756,239.464,
2020-05-27 08:00:00,17.9935,37.1135,232.7325,
2020-05-27 12:00:00,16.901,37.1755,237.965,
2020-05-27 16:00:00,17.006,37.2183333333333,244.84,
2020-05-27 20:00:00,16.997,37.203,241.6975,
2020-05-28 00:00:00,17.5975,37.17325,242.09,
2020-05-28 04:00:00,17.9338,37.176,236.8,
2020-05-28 08:00:00,18.1995,37.136,234.1,
2020-05-28 12:00:00,16.81775,37.1885,240.175,
2020-05-28 16:00:00,17.0433333333333,37.2113333333333,245.223333333333,
2020-05-28 20:00:00,16.734,37.20625,248.3025,
2020-05-29 00:00:00,17.578,37.1815,244.1125,
2020-05-29 04:00:00,18.0708,37.1518,239.126,
2020-05-29 08:00:00,18.29,37.085,249.9625,
2020-05-29 12:00:00,16.87725,37.19625,236.225,
2020-05-29 16:00:00,16.866,37.2333333333333,245.746666666667,
2020-05-29 20:00:00,16.91025,37.186,242.0825,
2020-05-30 00:00:00,17.66575,37.1685,241.415,
2020-05-30 04:00:00,18.2226,37.1494,240.036,
2020-05-30 08:00:00,18.256,37.09075,235.9725,
2020-05-30 12:00:00,16.9165,37.19075,238.3675,
2020-05-30 16:00:00,16.838,37.266,248.14,
2020-05-30 20:00:00,16.96,37.192,245.7425,
2020-05-31 00:00:00,18.006,37.1635,237.26,
2020-05-31 04:00:00,18.0012,37.188,239.052,
2020-05-31 08:00:00,18.96525,37.096,241.2925,
2020-05-31 12:00:00,16.95275,37.16025,237.84,
2020-05-31 16:00:00,16.6983333333333,37.2273333333333,237.096666666667,
2020-05-31 20:00:00,17.06475,37.1635,240.8325,
2020-06-01 00:00:00,18.30625,37.1565,236.76,
2020-06-01 04:00:00,18.177,37.161,240.714,
2020-06-01 08:00:00,18.51875,37.10225,235.01,
2020-06-01 12:00:00,17.051,37.1835,235.7075,
2020-06-01 16:00:00,16.5856666666667,37.2806666666667,243.42,
2020-06-01 20:00:00,17.04475,37.1635,243.3575,
2020-06-02 00:00:00,18.0245,37.155,239.5175,
2020-06-02 04:00:00,18.1942,37.1718,241.342,
2020-06-02 08:00:00,18.71325,37.10575,241.5375,
2020-06-02 12:00:00,17.13975,37.15325,239.3125,
2020-06-02 16:00:00,16.667,37.268,240.49,
2020-06-02 20:00:00,16.93575,37.18025,243.59,
2020-06-03 00:00:00,18.3185,37.1405,237.37,
2020-06-03 04:00:00,18.3166,37.165,238.006,
2020-06-03 08:00:00,18.73875,37.112,243.525,
2020-06-03 12:00:00,17.11025,37.1655,241.4075,
2020-06-03 16:00:00,16.8253333333333,37.2543333333333,240.226666666667,
2020-06-03 20:00:00,16.9335,37.20475,243.235,
2020-06-04 00:00:00,18.35275,37.1415,238.115,
2020-06-04 04:00:00,18.6436,37.1616,234.14,
2020-06-04 08:00:00,18.7735,37.0965,236.93,
2020-06-04 12:00:00,17.853,37.16775,243.485,
2020-06-04 16:00:00,16.9303333333333,37.2086666666667,241.913333333333,
2020-06-04 20:00:00,16.8955,37.17725,236.9225,
2020-06-05 00:00:00,18.7125,37.09175,233.0125,
2020-06-05 04:00:00,18.6632,37.16,238.75,
2020-06-05 08:00:00,18.83775,37.09525,238.9625,
2020-06-05 12:00:00,17.51725,37.16525,238.05,
2020-06-05 16:00:00,16.9296666666667,37.2253333333333,236.886666666667,
2020-06-05 20:00:00,16.81325,37.1915,245.1375,
2020-06-06 00:00:00,18.5705,37.0955,237.04,
2020-06-06 04:00:00,18.672,37.1492,234.982,
2020-06-06 08:00:00,18.86625,37.103,238.2125,
2020-06-06 12:00:00,17.56275,37.1415,242.6225,
2020-06-06 16:00:00,16.983,37.2083333333333,242.706666666667,
2020-06-06 20:00:00,16.882,37.192,238.12,
2020-06-07 00:00:00,18.4235,37.11425,242.1475,
2020-06-07 04:00:00,18.9718,37.1324,232.572,
2020-06-07 08:00:00,18.9665,37.10775,236.545,
2020-06-07 12:00:00,17.65525,37.153,246.86,
2020-06-07 16:00:00,17.142,37.2033333333333,241.056666666667,
2020-06-07 20:00:00,16.9795,37.19575,237.685,
2020-06-08 00:00:00,18.5485,37.08225,235.8525,
2020-06-08 04:00:00,19.137,37.1304,234.184,
2020-06-08 08:00:00,19.425,37.10275,233.785,
2020-06-08 12:00:00,17.56425,37.18225,245.3675,
2020-06-08 16:00:00,17.6806666666667,37.221,240.066666666667,
2020-06-08 20:00:00,17.04025,37.16,241.0575,
2020-06-09 00:00:00,18.25125,37.08225,231.535,
2020-06-09 04:00:00,19.3606,37.0882,230.464,
2020-06-09 08:00:00,19.4065,37.10225,239.0375,
2020-06-09 12:00:00,17.62975,37.172,246.125,
2020-06-09 16:00:00,17.2913333333333,37.22,242.416666666667,
2020-06-09 20:00:00,17.044,37.176,238.4975,
2020-06-10 00:00:00,18.37175,37.096,238.13,
2020-06-10 04:00:00,19.1352,37.0858,229.532,
2020-06-10 08:00:00,19.4525,37.09375,233.145,
2020-06-10 12:00:00,17.63625,37.18175,243.0475,
2020-06-10 16:00:00,17.2856666666667,37.1783333333333,243.71,
2020-06-10 20:00:00,17.09925,37.1595,244.8725,
2020-06-11 00:00:00,18.46825,37.10975,232.01,
2020-06-11 04:00:00,19.1144,37.1068,236.606,
2020-06-11 08:00:00,19.8085,37.069,228.0125,
2020-06-11 12:00:00,17.6895,37.172,240.895,
2020-06-11 16:00:00,17.4326666666667,37.1886666666667,250.95,
2020-06-11 20:00:00,17.32025,37.15775,245.3575,
2020-06-12 00:00:00,18.62525,37.093,234.9575,
2020-06-12 04:00:00,19.048,37.0786,234.222,
2020-06-12 08:00:00,20.05775,37.06025,228.93,
2020-06-12 12:00:00,18.08575,37.1695,234.765,
2020-06-12 16:00:00,17.279,37.22,249.5,
2020-06-12 20:00:00,17.66575,37.1675,236.8325,
2020-06-13 00:00:00,18.55325,37.0765,238.89,
2020-06-13 04:00:00,18.8562,37.067,229.698,
2020-06-13 08:00:00,20.2185,37.0245,229.1975,
2020-06-13 12:00:00,18.08875,37.155,241.625,
2020-06-13 16:00:00,17.351,37.2086666666667,248.11,
2020-06-13 20:00:00,17.50225,37.168,245.03,
2020-06-14 00:00:00,18.768,37.0835,234.68,
2020-06-14 04:00:00,18.9906,37.0884,236.746,
2020-06-14 08:00:00,19.95125,37.03075,237.91,
2020-06-14 12:00:00,18.2745,37.1215,235.2225,
2020-06-14 16:00:00,17.4166666666667,37.2113333333333,246.48,
2020-06-14 20:00:00,17.571,37.14425,242.7025,
2020-06-15 00:00:00,18.8115,37.05775,242.3925,
2020-06-15 04:00:00,19.1126,37.0972,230.934,
2020-06-15 08:00:00,20.06325,37.041,235.715,
2020-06-15 12:00:00,18.327,37.132,234.3675,
2020-06-15 16:00:00,17.5303333333333,37.1973333333333,244.363333333333,
2020-06-15 20:00:00,17.68925,37.148,247.595,
2020-06-16 00:00:00,19.12125,37.06375,240.1,
2020-06-16 04:00:00,19.2416,37.0826,233.59,
2020-06-16 08:00:00,19.79275,37.03725,228.485,
2020-06-16 12:00:00,18.501,37.13925,240.105,
2020-06-16 16:00:00,17.7336666666667,37.19,234.546666666667,
2020-06-16 20:00:00,17.6325,37.1675,245.16,
2020-06-17 00:00:00,19.1435,37.08775,238.235,
2020-06-17 04:00:00,19.2746,37.0642,236.268,
2020-06-17 08:00:00,19.806,37.036,235.75,
2020-06-17 12:00:00,18.752,37.089,237.765,
2020-06-17 16:00:00,17.7273333333333,37.1756666666667,237.306666666667,
2020-06-17 20:00:00,17.5595,37.18325,244.595,
2020-06-18 00:00:00,19.227,37.089,238.5125,
2020-06-18 04:00:00,19.4058,37.0782,231.752,
2020-06-18 08:00:00,19.82175,37.02175,233.8725,
2020-06-18 12:00:00,18.4775,37.09625,230.7275,
2020-06-18 16:00:00,17.935,37.1483333333333,240.536666666667,
2020-06-18 20:00:00,17.6565,37.1825,245.18,
2020-06-19 00:00:00,19.2435,37.11075,232.7325,
2020-06-19 04:00:00,19.4442,37.0636,243.846,
2020-06-19 08:00:00,19.956,37.05125,228.12,
2020-06-19 12:00:00,18.4435,37.11525,237.7025,
2020-06-19 16:00:00,18.045,37.1443333333333,235.88,
2020-06-19 20:00:00,17.73075,37.16975,244.3025,
2020-06-20 00:00:00,19.357,37.11525,239.625,
2020-06-20 04:00:00,19.8148,37.0752,233.426,
2020-06-20 08:00:00,20.04075,37.061,236.135,
2020-06-20 12:00:00,18.31425,37.13775,235.6725,
2020-06-20 16:00:00,18.138,37.1666666666667,240.506666666667,
2020-06-20 20:00:00,18.08775,37.16775,235.51,
2020-06-21 00:00:00,19.45775,37.09275,235.3325,
2020-06-21 04:00:00,20.272,37.0948,230.576,
2020-06-21 08:00:00,20.1075,37.07175,235.9475,
2020-06-21 12:00:00,18.231,37.081,234.6225,
2020-06-21 16:00:00,18.5666666666667,37.133,236.726666666667,
2020-06-21 20:00:00,17.97625,37.15725,240.7675,
2020-06-22 00:00:00,19.47775,37.0935,238.0325,
2020-06-22 04:00:00,19.8294,37.1104,234.606,
2020-06-22 08:00:00,20.21775,37.096,229.83,
2020-06-22 12:00:00,18.4205,37.10025,235.8675,
2020-06-22 16:00:00,18.1643333333333,37.1393333333333,233.27,
2020-06-22 20:00:00,18.28725,37.1285,237.4225,
2020-06-23 00:00:00,19.50975,37.0965,237.86,
2020-06-23 04:00:00,19.824,37.129,227.49,
2020-06-23 08:00:00,20.32375,37.09475,228.96,
2020-06-23 12:00:00,18.4005,37.108,230.655,
2020-06-23 16:00:00,18.2043333333333,37.1503333333333,234.996666666667,
2020-06-23 20:00:00,18.3425,37.12875,233.055,
2020-06-24 00:00:00,19.63,37.104,238.7,
2020-06-24 04:00:00,20.0102,37.1252,235.644,
2020-06-24 08:00:00,20.8285,37.111,229.43,
2020-06-24 12:00:00,18.566,37.097,234.29,
2020-06-24 16:00:00,17.9993333333333,37.145,234.663333333333,
2020-06-24 20:00:00,18.4815,37.13975,238.415,
2020-06-25 00:00:00,19.91875,37.1045,231.855,8.054
2020-06-25 04:00:00,20.2354,37.0928,229.524,
2020-06-25 08:00:00,21.02125,37.1335,227.65,
2020-06-25 12:00:00,18.65775,37.06775,242.515,
2020-06-25 16:00:00,17.961,37.0693333333333,235.146666666667,
2020-06-25 20:00:00,18.75375,37.088,240.9875,
2020-06-26 00:00:00,19.78975,37.12125,234.6275,8.025
2020-06-26 04:00:00,20.1738,37.1146,232.016,
2020-06-26 08:00:00,20.8995,37.15675,231.25,
2020-06-26 12:00:00,18.815,37.054,233.2,
2020-06-26 16:00:00,18.2586666666667,37.095,243,
2020-06-26 20:00:00,18.4085,37.09725,236.615,
2020-06-27 00:00:00,20.181,37.09725,227.2075,8.027
2020-06-27 04:00:00,20.252,37.1082,234.55,
2020-06-27 08:00:00,20.843,37.16025,229.545,
2020-06-27 12:00:00,18.7545,37.0645,236.055,
2020-06-27 16:00:00,18.3173333333333,37.079,238.943333333333,
2020-06-27 20:00:00,18.48325,37.118,238.66,
2020-06-28 00:00:00,20.45025,37.1025,226.4925,8.032
2020-06-28 04:00:00,20.2758,37.1118,237.39,
2020-06-28 08:00:00,21.016,37.14525,229.28,
2020-06-28 12:00:00,19.19625,37.07125,235.6,
2020-06-28 16:00:00,18.3626666666667,37.0696666666667,234.16,
2020-06-28 20:00:00,18.2155,37.138,232.3275,
2020-06-29 00:00:00,20.5605,37.1015,230.5,8.052
2020-06-29 04:00:00,20.5322,37.1168,225.948,8.031
2020-06-29 08:00:00,21.1435,37.1145,226.495,
2020-06-29 12:00:00,19.5395,37.091,232.9825,
2020-06-29 16:00:00,18.4533333333333,37.0313333333333,242.38,
2020-06-29 20:00:00,18.23225,37.06725,233.0925,
2020-06-30 00:00:00,20.7325,37.068,233.075,8.035
2020-06-30 04:00:00,20.531,37.1424,228.782,8.0305
2020-06-30 08:00:00,21.102,37.1245,225.775,
2020-06-30 12:00:00,19.368,37.092,239.3375,
2020-06-30 16:00:00,18.542,36.986,231.79,
2020-06-30 20:00:00,18.3925,37.10825,240.0725,
2020-07-01 00:00:00,20.4295,37.07975,226.8975,8.031
2020-07-01 04:00:00,20.9486,37.121,226.714,8.0235
2020-07-01 08:00:00,21.173,37.12525,227.4625,
2020-07-01 12:00:00,19.39175,37.1115,235.3775,
2020-07-01 16:00:00,18.6936666666667,37.0263333333333,236.333333333333,
2020-07-01 20:00:00,18.33725,37.112,231.76,
2020-07-02 00:00:00,20.90275,37.08775,231.11,7.998
2020-07-02 04:00:00,21.229,37.1346,223.856,8.022
2020-07-02 08:00:00,21.4145,37.141,227.845,8.021
2020-07-02 12:00:00,19.44325,37.107,238.305,
2020-07-02 16:00:00,19.036,37.028,238.19,
2020-07-02 20:00:00,18.588,37.09825,232.8925,
2020-07-03 00:00:00,20.6475,37.1145,223.24,8.009
2020-07-03 04:00:00,21.3972,37.131,225.592,8.036
2020-07-03 08:00:00,21.39725,37.1425,224.9675,8.0315
2020-07-03 12:00:00,19.542,37.08425,231.0175,
2020-07-03 16:00:00,19.102,37.0486666666667,240.706666666667,
2020-07-03 20:00:00,18.6615,37.0615,235.685,
2020-07-04 00:00:00,20.622,37.0775,227.0675,8.019
2020-07-04 04:00:00,21.458,37.103,227.994,8.031
2020-07-04 08:00:00,21.56175,37.16375,224.495,8.034
2020-07-04 12:00:00,19.498,37.09375,238.9625,
2020-07-04 16:00:00,19.323,37.0636666666667,236.62,
2020-07-04 20:00:00,18.79775,37.04525,231.815,
2020-07-05 00:00:00,20.74625,37.10825,238.475,8.023
2020-07-05 04:00:00,21.2102,37.1168,226.018,8.021
2020-07-05 08:00:00,21.9155,37.18225,224.9775,8.0165
2020-07-05 12:00:00,19.51025,37.09575,232.85,
2020-07-05 16:00:00,19.1646666666667,37.0776666666667,239.21,
2020-07-05 20:00:00,18.8565,37.06725,235.955,
2020-07-06 00:00:00,20.7055,37.145,226.3625,8.028
2020-07-06 04:00:00,21.7284,37.1208,226.48,8.0005
2020-07-06 08:00:00,22.13375,37.15375,217.025,8.0285
2020-07-06 12:00:00,19.718,37.10525,239.4175,
2020-07-06 16:00:00,19.18,37.0876666666667,237.903333333333,
2020-07-06 20:00:00,19.07275,37.07025,239.54,
2020-07-07 00:00:00,21.035,37.1235,221.4175,7.999
2020-07-07 04:00:00,21.4518,37.144,225.72,8.015
2020-07-07 08:00:00,22.503,37.1625,220.365,8.0265
2020-07-07 12:00:00,19.84025,37.10575,230.8,8.029
2020-07-07 16:00:00,19.2843333333333,37.0613333333333,232.816666666667,
2020-07-07 20:00:00,19.391,37.086,238.2125,
2020-07-08 00:00:00,21.035,37.13175,227.37,7.996
2020-07-08 04:00:00,21.4694,37.1202,222.126,8.0185
2020-07-08 08:00:00,22.31925,37.12825,222.28,8.052
2020-07-08 12:00:00,19.70925,37.13675,237.0475,8.037
2020-07-08 16:00:00,19.118,37.0893333333333,244.546666666667,
2020-07-08 20:00:00,19.4175,37.1005,238.2475,
2020-07-09 00:00:00,21.2345,37.1505,225.5275,8.004
2020-07-09 04:00:00,21.722,37.1436,229.472,8.0165
2020-07-09 08:00:00,22.431,37.13475,217.4875,8.0135
2020-07-09 12:00:00,20.112,37.1035,228.4625,8.025
2020-07-09 16:00:00,19.1286666666667,37.0926666666667,233.576666666667,
2020-07-09 20:00:00,19.39375,37.10725,235.51,
2020-07-10 00:00:00,21.22075,37.129,227.865,8.001
2020-07-10 04:00:00,21.6618,37.167,223.67,8.0255
2020-07-10 08:00:00,22.8715,37.1435,220.0475,8.0035
2020-07-10 12:00:00,20.474,37.10725,225.2775,8.031
2020-07-10 16:00:00,19.3453333333333,37.0923333333333,245,
2020-07-10 20:00:00,19.473,37.10975,238.6225,
2020-07-11 00:00:00,21.3775,37.13775,228.59,7.997
2020-07-11 04:00:00,21.8638,37.1534,220.076,7.998
2020-07-11 08:00:00,22.5775,37.16075,222.345,8.0265
2020-07-11 12:00:00,20.69575,37.105,228.105,8.017
2020-07-11 16:00:00,19.4896666666667,37.0843333333333,233.04,8.032
2020-07-11 20:00:00,19.55675,37.08125,232.81,
2020-07-12 00:00:00,21.60975,37.1185,227.5025,8.014
2020-07-12 04:00:00,22.1038,37.1644,222.942,8
2020-07-12 08:00:00,22.5695,37.17525,224.4575,8.0175
2020-07-12 12:00:00,20.85675,37.0645,228.8675,8.024
2020-07-12 16:00:00,19.4866666666667,37.1053333333333,236.833333333333,8.035
2020-07-12 20:00:00,19.45325,37.10175,238.655,
2020-07-13 00:00:00,21.45875,37.14225,235.65,8.018
2020-07-13 04:00:00,22.1838,37.1778,221.67,8.0215
2020-07-13 08:00:00,22.76525,37.19225,229.3075,8.037
2020-07-13 12:00:00,20.36725,37.0865,226.98,8.014
2020-07-13 16:00:00,19.8533333333333,37.094,228.67,8.024
2020-07-13 20:00:00,19.52025,37.1025,230.46,
2020-07-14 00:00:00,21.5445,37.1435,224.025,7.998
2020-07-14 04:00:00,22.0582,37.1486,220.254,7.996
2020-07-14 08:00:00,22.9265,37.194,218.525,8.019
2020-07-14 12:00:00,20.95375,37.08725,228.3025,8.004
2020-07-14 16:00:00,20.215,37.096,228.693333333333,8.029
2020-07-14 20:00:00,19.69,37.105,237.165,
2020-07-15 00:00:00,21.66575,37.13875,227.825,8.011
2020-07-15 04:00:00,22.1648,37.1442,223.772,7.9975
2020-07-15 08:00:00,23.153,37.19125,215.91,8
2020-07-15 12:00:00,20.72475,37.088,223.1,8.008
2020-07-15 16:00:00,20.2883333333333,37.1043333333333,232.1,8.021
2020-07-15 20:00:00,19.9135,37.10325,231.965,8.041
2020-07-16 00:00:00,21.78375,37.12025,227.505,8.014
2020-07-16 04:00:00,22.0994,37.1246,227.014,8.0015
2020-07-16 08:00:00,23.22075,37.19425,216.7675,8.0035
2020-07-16 12:00:00,20.6145,37.079,228.65,8.018
2020-07-16 16:00:00,20.576,37.0653333333333,237.846666666667,8.028
2020-07-16 20:00:00,19.8965,37.11325,233.34,8.019
2020-07-17 00:00:00,21.697,37.13875,225.9075,8.011
2020-07-17 04:00:00,22.0988,37.1368,227.8,8.0205
2020-07-17 08:00:00,23.18075,37.214,221.89,8.008
2020-07-17 12:00:00,20.8815,37.10425,229.895,8.018
2020-07-17 16:00:00,20.011,37.1026666666667,232.136666666667,8.019
2020-07-17 20:00:00,20.148,37.10725,231.8625,8.019
2020-07-18 00:00:00,21.79325,37.1395,223.14,8.009
2020-07-18 04:00:00,22.2028,37.1436,222.498,8.0095
2020-07-18 08:00:00,23.06225,37.186,215.8275,7.9985
2020-07-18 12:00:00,20.91525,37.12325,230.91,8.023
2020-07-18 16:00:00,20.6803333333333,37.0946666666667,227.476666666667,7.996
2020-07-18 20:00:00,20.565,37.09375,223.225,8.007
2020-07-19 00:00:00,21.9845,37.13525,234.63,8.029
2020-07-19 04:00:00,21.664,37.135,226.9475,8.013
2020-07-19 08:00:00,23.022,37.1585,220.0225,7.997
2020-07-19 12:00:00,21.04575,37.12625,225.0775,8.008
2020-07-19 16:00:00,20.4866666666667,37.121,226.64,8.007
2020-07-19 20:00:00,20.73875,37.099,230.6825,8.025
2020-07-20 00:00:00,22.2695,37.1495,227.42,8.032
2020-07-20 04:00:00,22.4018,37.1286,224.7,8.005
2020-07-20 08:00:00,22.91925,37.1555,222.73,8.022
2020-07-20 12:00:00,21.128,37.13625,227.9225,7.996
2020-07-20 16:00:00,20.4016666666667,37.093,225.316666666667,8.014
2020-07-20 20:00:00,20.87225,37.0635,240.325,8.022
2020-07-21 00:00:00,22.1055,37.16525,229.36,8.013
2020-07-21 04:00:00,22.4426,37.1472,222.14,8.006
2020-07-21 08:00:00,23.03575,37.17125,222.0125,8.0235
2020-07-21 12:00:00,21.371,37.142,225.54,8
2020-07-21 16:00:00,20.6136666666667,37.1343333333333,230.293333333333,8.013
2020-07-21 20:00:00,20.43975,37.09625,229.6125,8.016
2020-07-22 00:00:00,22.17175,37.17225,223.79,8.0155
2020-07-22 04:00:00,22.5522,37.1502,220.508,7.999
2020-07-22 08:00:00,23.108,37.168,208.815,8.008
2020-07-22 12:00:00,21.237,37.131,226.9925,8.001
2020-07-22 16:00:00,20.758,37.1556666666667,231.096666666667,8.019
2020-07-22 20:00:00,20.8915,37.0945,226.9875,7.991
2020-07-23 00:00:00,22.75625,37.14725,214.22,8.006
2020-07-23 04:00:00,22.808,37.1504,223.202,8.0045
2020-07-23 08:00:00,23.3175,37.159,217.82,8.008
2020-07-23 12:00:00,21.89775,37.121,225.08,7.996
2020-07-23 16:00:00,20.7893333333333,37.1493333333333,231.69,7.992
2020-07-23 20:00:00,20.6705,37.088,226.3925,8.018
2020-07-24 00:00:00,23.0475,37.141,222.025,8.0115
2020-07-24 04:00:00,23.094,37.1536,220.308,8.00733333333333
2020-07-24 08:00:00,23.4605,37.146,220.3625,8.013
2020-07-24 12:00:00,21.58675,37.12275,226.1725,8.006
2020-07-24 16:00:00,20.895,37.172,231.366666666667,8
2020-07-24 20:00:00,20.644,37.071,221.6925,8.016
2020-07-25 00:00:00,23.0245,37.1075,227.315,8.0155
2020-07-25 04:00:00,22.7598,37.1716,221.794,8.00266666666667
2020-07-25 08:00:00,23.65625,37.1575,218.885,8.0095
2020-07-25 12:00:00,21.292,37.14025,238.405,8.027
2020-07-25 16:00:00,21.1436666666667,37.167,227.813333333333,7.995
2020-07-25 20:00:00,20.86875,37.11,228.0025,8.014
2020-07-26 00:00:00,22.70325,37.1255,221.5275,8.013
2020-07-26 04:00:00,22.8728,37.1726,219.428,8.00966666666667
2020-07-26 08:00:00,23.77975,37.16225,220.985,8.013
2020-07-26 12:00:00,21.434,37.148,221.935,8.004
2020-07-26 16:00:00,20.8233333333333,37.1513333333333,234.146666666667,8.001
2020-07-26 20:00:00,20.9365,37.125,228.9725,8.021
2020-07-27 00:00:00,23.23075,37.1315,222.115,7.997
2020-07-27 04:00:00,23.3284,37.1554,216.89,8.00066666666667
2020-07-27 08:00:00,23.81325,37.16375,218.2625,8.0125
2020-07-27 12:00:00,21.6465,37.1265,228.505,8.008
2020-07-27 16:00:00,21.6023333333333,37.1286666666667,225.643333333333,7.997
2020-07-27 20:00:00,20.97975,37.1285,233.0425,8.005
2020-07-28 00:00:00,22.72,37.13575,222.2925,7.9975
2020-07-28 04:00:00,23.6654,37.1416,210.814,7.993
2020-07-28 08:00:00,24.008,37.17125,217.225,8.01266666666667
2020-07-28 12:00:00,21.569,37.131,227.1525,8.002
2020-07-28 16:00:00,21.2523333333333,37.113,226.623333333333,8.004
2020-07-28 20:00:00,21.1665,37.14925,226.565,7.999
2020-07-29 00:00:00,22.77775,37.14675,216.1125,8.0005
2020-07-29 04:00:00,23.595,37.1256,214.602,8.00533333333333
2020-07-29 08:00:00,23.986,37.17575,215.38,8.00833333333333
2020-07-29 12:00:00,21.6995,37.14,225.8175,8.008
2020-07-29 16:00:00,21.1406666666667,37.1273333333333,232.953333333333,8.019
2020-07-29 20:00:00,21.3255,37.139,227.3425,8
2020-07-30 00:00:00,23.01975,37.168,221.0075,8.007
2020-07-30 04:00:00,23.4308,37.134,216.016,8.00366666666667
2020-07-30 08:00:00,23.994,37.1775,215.4175,8.00966666666667
2020-07-30 12:00:00,21.81775,37.1405,222.6725,8.002
2020-07-30 16:00:00,21.2936666666667,37.1256666666667,229.073333333333,8
2020-07-30 20:00:00,21.114,37.13125,227.96,7.998
2020-07-31 00:00:00,23.18325,37.17425,217.465,8.0075
2020-07-31 04:00:00,23.7748,37.1454,216.176,7.99666666666667
2020-07-31 08:00:00,24.39275,37.181,216.59,8.01
2020-07-31 12:00:00,22.03675,37.1445,228.3725,8.02
2020-07-31 16:00:00,21.242,37.1236666666667,233.883333333333,8.002
2020-07-31 20:00:00,21.71425,37.1195,225.955,7.994
2020-08-01 00:00:00,23.3675,37.1725,219.34,8.002
2020-08-01 04:00:00,23.4548,37.1432,216.958,7.997
2020-08-01 08:00:00,24.74,37.1575,210.0925,8.00566666666667
2020-08-01 12:00:00,22.6105,37.154,219.98,8.007
2020-08-01 16:00:00,21.0653333333333,37.136,224.47,8.002
2020-08-01 20:00:00,21.53775,37.12375,223.83,7.991
2020-08-02 00:00:00,23.70725,37.18575,221.14,7.9905
2020-08-02 04:00:00,23.4862,37.1604,217.056,8.001
2020-08-02 08:00:00,24.58025,37.1655,213.9225,8.00866666666667
2020-08-02 12:00:00,22.19275,37.1715,228.1425,8.0115
2020-08-02 16:00:00,21.144,37.145,230.16,8.004
2020-08-02 20:00:00,21.3305,37.13975,231.695,8.017
2020-08-03 00:00:00,22.6026666666667,37.177,219.626666666667,7.9965
2020-08-03 04:00:00,23.6442,37.1716,218.424,7.99766666666667
2020-08-03 08:00:00,24.5115,37.16625,214.3525,8.015
2020-08-03 12:00:00,22.2595,37.1745,228.695,8.012
2020-08-03 16:00:00,21.354,37.1396666666667,223.63,7.993
2020-08-03 20:00:00,21.47275,37.144,224.25,7.999
2020-08-04 00:00:00,22.233,37.1713333333333,223.33,7.99
2020-08-04 04:00:00,23.8042,37.1782,213.77,7.99866666666667
2020-08-04 08:00:00,24.6795,37.16725,211.395,8.00466666666667
2020-08-04 12:00:00,22.78475,37.15075,220.2075,8.005
2020-08-04 16:00:00,21.791,37.1456666666667,229.303333333333,8.012
2020-08-04 20:00:00,21.57775,37.13375,231.105,8.008
2020-08-05 00:00:00,22.4416666666667,37.164,218.426666666667,7.985
2020-08-05 04:00:00,24.0574,37.1794,213.04,7.997
2020-08-05 08:00:00,24.54425,37.159,211.775,8.00666666666667
2020-08-05 12:00:00,23.127,37.12625,218.4725,8.0075
2020-08-05 16:00:00,22.418,37.146,219.753333333333,7.996
2020-08-05 20:00:00,21.54875,37.13125,221.845,8.001
2020-08-06 00:00:00,22.4283333333333,37.1496666666667,226.263333333333,7.998
2020-08-06 04:00:00,23.78,37.188,219.2075,7.98366666666667
2020-08-06 08:00:00,24.79475,37.1675,212.4925,8.00433333333333
2020-08-06 12:00:00,22.92225,37.111,218.88,8.01
2020-08-06 16:00:00,21.749,37.1543333333333,230.163333333333,7.998
2020-08-06 20:00:00,21.7175,37.14325,226.1225,8.008
2020-08-07 00:00:00,22.2856666666667,37.1816666666667,224.713333333333,8.0055
2020-08-07 04:00:00,22.5903333333333,37.1756666666667,223.406666666667,7.98866666666667
2020-08-07 08:00:00,24.8205,37.1745,215.835,7.99966666666667
2020-08-07 12:00:00,22.8135,37.1245,220.955,8.0085
2020-08-07 16:00:00,21.7706666666667,37.155,233.326666666667,7.999
2020-08-07 20:00:00,21.8305,37.141,217.795,7.993
2020-08-08 00:00:00,22.5536666666667,37.181,214.913333333333,7.9895
2020-08-08 04:00:00,22.272,37.1726666666667,229.146666666667,7.98566666666667
2020-08-08 08:00:00,24.994,37.1785,211.455,8.00033333333333
2020-08-08 12:00:00,23.08125,37.139,223.345,8.0045
2020-08-08 16:00:00,22.1756666666667,37.123,224.636666666667,7.998
2020-08-08 20:00:00,21.98825,37.144,227.8825,8.017
2020-08-09 00:00:00,22.5516666666667,37.1586666666667,222.64,8
2020-08-09 04:00:00,22.372,37.162,221.97,7.98566666666667
2020-08-09 08:00:00,25.43875,37.182,208.8775,7.994
2020-08-09 12:00:00,22.74875,37.135,221.4275,8.0095
2020-08-09 16:00:00,22.6316666666667,37.0776666666667,220.583333333333,7.991
2020-08-09 20:00:00,22.65025,37.1515,217.7675,8.0015
2020-08-10 00:00:00,22.8123333333333,37.14,215.213333333333,7.994
2020-08-10 04:00:00,22.4403333333333,37.1526666666667,222.45,7.98933333333333
2020-08-10 08:00:00,25.1436666666667,37.1836666666667,211.516666666667,7.98866666666667
2020-08-10 12:00:00,22.752,37.1695,221.07,8.002
2020-08-10 16:00:00,22.5653333333333,37.0696666666667,220.173333333333,8.009
2020-08-10 20:00:00,22.14775,37.18125,228.715,8.009
2020-08-11 00:00:00,23.0636666666667,37.1536666666667,221.463333333333,7.9915
2020-08-11 04:00:00,22.2783333333333,37.1843333333333,221.61,7.99766666666667
2020-08-11 08:00:00,23.867,37.18,224.555,7.99133333333333
2020-08-11 12:00:00,22.984,37.1645,223.9475,7.9985
2020-08-11 16:00:00,22.3176666666667,37.08,221.616666666667,8
2020-08-11 20:00:00,22.29125,37.1745,224.6475,8.0115
2020-08-12 00:00:00,23.064,37.1566666666667,218.896666666667,7.991
2020-08-12 04:00:00,22.601,37.1806666666667,214.726666666667,7.99
2020-08-12 08:00:00,23.7975,37.1615,213.21,7.98933333333333
2020-08-12 12:00:00,23.12675,37.16975,218.22,7.9955
2020-08-12 16:00:00,22.362,37.0786666666667,222.806666666667,7.997
2020-08-12 20:00:00,22.86775,37.14975,217.5025,8.0115
2020-08-13 00:00:00,23.1286666666667,37.161,221.23,7.99233333333333
2020-08-13 04:00:00,22.441,37.1576666666667,224.59,7.99633333333333
2020-08-13 08:00:00,23.7025,37.147,215.545,7.99166666666667
2020-08-13 12:00:00,23.36875,37.173,214.825,8.004
2020-08-13 16:00:00,22.3013333333333,37.082,216.15,7.993
2020-08-13 20:00:00,23.12225,37.10825,215.925,8.0165
2020-08-14 00:00:00,23.504,37.1733333333333,217.873333333333,7.99933333333333
2020-08-14 04:00:00,22.8306666666667,37.1396666666667,216.14,7.98933333333333
2020-08-14 08:00:00,23.499,37.1335,214.91,7.998
2020-08-14 12:00:00,23.808,37.19525,217.985,7.991
2020-08-14 16:00:00,22.2086666666667,37.108,230.16,7.996
2020-08-14 20:00:00,23.00175,37.11375,218.185,8.019
2020-08-15 00:00:00,23.5213333333333,37.181,221.183333333333,8.009
2020-08-15 04:00:00,22.677,37.156,222.12,7.97866666666667
2020-08-15 08:00:00,23.587,37.1645,212.91,7.99833333333333
2020-08-15 12:00:00,22.5066666666667,37.183,226.87,7.9935
2020-08-15 16:00:00,22.213,37.118,221.386666666667,8
2020-08-15 20:00:00,22.77175,37.1235,223.965,8.0015
2020-08-16 00:00:00,23.573,37.185,214.963333333333,8.00266666666667
2020-08-16 04:00:00,23.192,37.161,221.1,7.98266666666667
2020-08-16 08:00:00,23.7,37.1705,208.5,7.993
2020-08-16 12:00:00,22.384,37.176,236.89,7.984
2020-08-16 16:00:00,22.407,37.131,222.283333333333,7.993
2020-08-16 20:00:00,23.0385,37.134,215.9375,7.9935
2020-08-17 00:00:00,23.8566666666667,37.1803333333333,212.983333333333,8.00066666666667
2020-08-17 04:00:00,23.1976666666667,37.163,220.54,7.99325
2020-08-17 08:00:00,23.808,37.145,216.415,7.995
2020-08-17 12:00:00,22.5466666666667,37.1646666666667,220.246666666667,7.975
2020-08-17 16:00:00,22.6543333333333,37.139,219.91,7.996
2020-08-17 20:00:00,22.86075,37.1355,216.77,8.001
2020-08-18 00:00:00,24.2856666666667,37.1483333333333,215.886666666667,8.016
2020-08-18 04:00:00,23.5173333333333,37.1726666666667,217.95,7.99325
2020-08-18 08:00:00,24.1095,37.1415,214.81,7.988
2020-08-18 12:00:00,22.483,37.1593333333333,221.18,7.9965
2020-08-18 16:00:00,23.1043333333333,37.162,219.78,7.984
2020-08-18 20:00:00,22.86425,37.152,226.555,8.003
2020-08-19 00:00:00,24.2686666666667,37.1646666666667,217.51,8.00833333333333
2020-08-19 04:00:00,23.5083333333333,37.1793333333333,220.043333333333,8.00425
2020-08-19 08:00:00,23.777,37.163,210.775,7.98633333333333
2020-08-19 12:00:00,22.3216666666667,37.1836666666667,221.32,8.003
2020-08-19 16:00:00,20.7925,37.116,241.485,7.989
2020-08-19 20:00:00,22.9935,37.16175,216.805,7.9975
2020-08-20 00:00:00,23.941,37.1613333333333,216.716666666667,7.99866666666667
2020-08-20 04:00:00,23.675,37.1886666666667,213.38,7.99525
2020-08-20 08:00:00,24.3315,37.171,213.02,7.992
2020-08-20 12:00:00,22.6196666666667,37.1806666666667,219.893333333333,7.999
2020-08-20 16:00:00,21.2635,37.1355,231.675,7.983
2020-08-20 20:00:00,23.123,37.1705,218.12,8.0025
2020-08-21 00:00:00,24.325,37.1653333333333,220.51,7.99366666666667
2020-08-21 04:00:00,23.8666666666667,37.1766666666667,211.273333333333,7.99025
2020-08-21 08:00:00,24.5205,37.1755,210.385,7.997
2020-08-21 12:00:00,22.6296666666667,37.156,227.623333333333,7.9985
2020-08-21 16:00:00,22.0245,37.158,230.545,7.972
2020-08-21 20:00:00,23.2905,37.17375,214.6375,7.9955
2020-08-22 00:00:00,24.153,37.158,209.653333333333,7.99733333333333
2020-08-22 04:00:00,24.1103333333333,37.1453333333333,213.85,8.0045
2020-08-22 08:00:00,24.7255,37.1815,210.375,8.0005
2020-08-22 12:00:00,22.8233333333333,37.1476666666667,218.773333333333,7.9895
2020-08-22 16:00:00,21.163,37.1605,228.935,7.988
2020-08-22 20:00:00,23.8105,37.195,219.935,7.992
2020-08-23 00:00:00,24.2413333333333,37.1563333333333,221.633333333333,7.996
2020-08-23 04:00:00,24.2686666666667,37.1666666666667,219.15,8.002
2020-08-23 08:00:00,24.693,37.2005,215.39,8.00875
2020-08-23 12:00:00,22.7596666666667,37.1556666666667,220.273333333333,7.9915
2020-08-23 16:00:00,20.991,37.1985,229.495,7.993
2020-08-23 20:00:00,22.3863333333333,37.1716666666667,229.703333333333,7.9945
2020-08-24 00:00:00,24.264,37.1643333333333,209.27,7.99166666666667
2020-08-24 04:00:00,24.0826666666667,37.162,216.486666666667,7.991
2020-08-24 08:00:00,25.0075,37.21,205.295,7.997
2020-08-24 12:00:00,23.0046666666667,37.1553333333333,217.45,7.988
2020-08-24 16:00:00,21.3775,37.2015,230.94,7.99
2020-08-24 20:00:00,22.6663333333333,37.1716666666667,220.863333333333,7.9805
2020-08-25 00:00:00,24.499,37.166,216.226666666667,7.98933333333333
2020-08-25 04:00:00,24.436,37.1673333333333,212.45,7.98825
2020-08-25 08:00:00,25.067,37.202,204.79,7.9935
2020-08-25 12:00:00,23.309,37.169,217.09,7.99266666666667
2020-08-25 16:00:00,21.534,37.1545,234.375,7.995
2020-08-25 20:00:00,23.0813333333333,37.1683333333333,220.996666666667,7.9835
2020-08-26 00:00:00,24.6396666666667,37.1693333333333,216.996666666667,7.99266666666667
2020-08-26 04:00:00,24.1283333333333,37.154,213.833333333333,7.997
2020-08-26 08:00:00,25.057,37.193,210.225,8.00375
2020-08-26 12:00:00,23.4246666666667,37.1713333333333,219.88,7.99733333333333
2020-08-26 16:00:00,21.663,37.138,233.085,7.979
2020-08-26 20:00:00,22.3426666666667,37.1646666666667,225.05,7.9955
2020-08-27 00:00:00,25.2106666666667,37.1836666666667,215.61,7.993
2020-08-27 04:00:00,24.2146666666667,37.1613333333333,224.85,7.9965
2020-08-27 08:00:00,25.2665,37.22,207.605,8.00275
2020-08-27 12:00:00,23.4706666666667,37.1813333333333,215.29,7.99733333333333
2020-08-27 16:00:00,21.518,37.134,223.855,7.969
2020-08-27 20:00:00,22.3716666666667,37.184,224.316666666667,8.0075
2020-08-28 00:00:00,23.837,37.176,212.27,7.99366666666667
2020-08-28 04:00:00,24.296,37.1636666666667,213.976666666667,7.9915
2020-08-28 08:00:00,25.535,37.2105,202.45,7.9915
2020-08-28 12:00:00,23.7593333333333,37.1856666666667,213.133333333333,7.998
2020-08-28 16:00:00,21.862,37.14,222.515,7.979
2020-08-28 20:00:00,22.6433333333333,37.181,220.636666666667,8.004
2020-08-29 00:00:00,23.778,37.1625,224.235,7.98233333333333
2020-08-29 04:00:00,24.7426666666667,37.1836666666667,213.28,7.985
2020-08-29 08:00:00,25.4895,37.218,198.855,7.9915
2020-08-29 12:00:00,23.872,37.1756666666667,213.033333333333,8.00066666666667
2020-08-29 16:00:00,22.081,37.169,225.935,7.9945
2020-08-29 20:00:00,22.7013333333333,37.149,227.066666666667,8.0015
2020-08-30 00:00:00,23.6095,37.1105,215.46,7.983
2020-08-30 04:00:00,24.648,37.168,215.883333333333,7.99075
2020-08-30 08:00:00,25.391,37.2265,217.41,7.99925
2020-08-30 12:00:00,24.028,37.1536666666667,209.626666666667,8.007
2020-08-30 16:00:00,22.273,37.172,227.08,8.0055
2020-08-30 20:00:00,22.8283333333333,37.1476666666667,222.246666666667,7.9935
2020-08-31 00:00:00,23.606,37.1615,216.965,7.99233333333333
2020-08-31 04:00:00,25.1906666666667,37.1843333333333,217.116666666667,7.99075
2020-08-31 08:00:00,25.5865,37.233,213.66,7.996
2020-08-31 12:00:00,24.1796666666667,37.169,219.903333333333,8.011
2020-08-31 16:00:00,22.299,37.1765,224.105,8.004
2020-08-31 20:00:00,22.8493333333333,37.1523333333333,219.633333333333,7.9805
2020-09-01 00:00:00,23.7145,37.1775,218.18,7.99733333333333
2020-09-01 04:00:00,23.784,37.1705,207.355,7.9875
2020-09-01 08:00:00,25.84,37.24,211.135,7.9925
2020-09-01 12:00:00,24.3453333333333,37.159,220.173333333333,7.99533333333333
2020-09-01 16:00:00,22.967,37.186,220.845,7.998
2020-09-01 20:00:00,23.1496666666667,37.1573333333333,215.816666666667,7.9875
2020-09-02 00:00:00,23.8195,37.1675,212.2,8.00566666666667
2020-09-02 04:00:00,23.919,37.1615,222.94,7.988
2020-09-02 08:00:00,26.261,37.2555,200.375,7.98975
2020-09-02 12:00:00,24.417,37.1693333333333,211.963333333333,7.994
2020-09-02 16:00:00,22.986,37.174,219.28,7.996
2020-09-02 20:00:00,23.3693333333333,37.1736666666667,220.09,8.005
2020-09-03 00:00:00,23.913,37.1435,226.525,8.00466666666667
2020-09-03 04:00:00,23.7865,37.127,213.07,7.97825
2020-09-03 08:00:00,26.1025,37.2385,203.865,7.99025
2020-09-03 12:00:00,24.005,37.159,217.69,8.007
2020-09-03 16:00:00,22.9735,37.1415,216.09,8.0155
2020-09-03 20:00:00,23.4,37.169,216.386666666667,8.001
2020-09-04 00:00:00,24.8666666666667,37.1846666666667,208.376666666667,7.99566666666667
2020-09-04 04:00:00,23.614,37.16,218.3,7.99025
2020-09-04 08:00:00,25.695,37.282,210.17,7.99175
2020-09-04 12:00:00,24.294,37.161,229.78,8.00066666666667
2020-09-04 16:00:00,22.897,37.1615,226.55,8.0105
2020-09-04 20:00:00,23.367,37.1736666666667,213.353333333333,8
2020-09-05 00:00:00,24.8823333333333,37.2023333333333,207.816666666667,7.99133333333333
2020-09-05 04:00:00,23.7065,37.173,221.14,7.9965
2020-09-05 08:00:00,25.614,37.276,204.64,7.9945
2020-09-05 12:00:00,24.5353333333333,37.1683333333333,226.94,7.99166666666667
2020-09-05 16:00:00,23.527,37.146,229.835,7.997
2020-09-05 20:00:00,23.834,37.1836666666667,216.06,7.99766666666667
2020-09-06 00:00:00,25.0403333333333,37.224,204.146666666667,7.99033333333333
2020-09-06 04:00:00,23.8015,37.1685,222.625,7.9995
2020-09-06 08:00:00,25.44,37.246,207.48,7.98775
2020-09-06 12:00:00,24.7823333333333,37.183,211.246666666667,7.99466666666667
2020-09-06 16:00:00,23.5505,37.1535,228.795,7.9875
2020-09-06 20:00:00,23.8023333333333,37.1763333333333,218.496666666667,7.994
2020-09-07 00:00:00,25.2406666666667,37.2483333333333,206.74,8.0045
2020-09-07 04:00:00,23.8995,37.139,222.19,7.9995
2020-09-07 08:00:00,25.038,37.126,208.49,7.9835
2020-09-07 12:00:00,24.74,37.1686666666667,215.05,7.98533333333333
2020-09-07 16:00:00,22.8675,37.1385,222.72,8.003
2020-09-07 20:00:00,24.026,37.156,206.903333333333,8.00066666666667
2020-09-08 00:00:00,24.9343333333333,37.1853333333333,201.083333333333,7.99425
2020-09-08 04:00:00,25.2115,37.20775,203.875,7.99375
2020-09-08 08:00:00,25.13,37.137,215.87,7.99125
2020-09-08 12:00:00,23.9235,37.1695,214.99,7.993
2020-09-08 16:00:00,23.3335,37.152,237.075,7.9975
2020-09-08 20:00:00,23.957,37.1713333333333,212.956666666667,8.00666666666667
2020-09-09 00:00:00,24.984,37.1943333333333,205.296666666667,8.001
2020-09-09 04:00:00,25.25375,37.23725,204.09,7.9945
2020-09-09 08:00:00,25.122,37.153,212.58,8.00125
2020-09-09 12:00:00,23.722,37.165,215.67,7.99133333333333
2020-09-09 16:00:00,23.8465,37.1605,223.775,7.991
2020-09-09 20:00:00,24.3036666666667,37.156,217.94,7.99966666666667
2020-09-10 00:00:00,25.5906666666667,37.2353333333333,208.693333333333,8.00125
2020-09-10 04:00:00,25.3155,37.2605,202.775,7.997
2020-09-10 08:00:00,25.162,37.138,217.01,8.00675
2020-09-10 12:00:00,24.0285,37.168,215.39,7.989
2020-09-10 16:00:00,24.057,37.1745,218.535,7.988
2020-09-10 20:00:00,24.4423333333333,37.1216666666667,216.943333333333,7.995
2020-09-11 00:00:00,25.3993333333333,37.2433333333333,208.516666666667,7.999
2020-09-11 04:00:00,25.4525,37.23525,204.08,8.004
2020-09-11 08:00:00,25.898,37.205,206.81,8.00025
2020-09-11 12:00:00,23.878,37.131,216.93,7.98466666666667
2020-09-11 16:00:00,23.833,37.1565,220.1,7.989
2020-09-11 20:00:00,24.028,37.1566666666667,213.123333333333,7.997
2020-09-12 00:00:00,25.4766666666667,37.239,201.926666666667,7.99825
2020-09-12 04:00:00,25.0945,37.1855,202.705,8.0002
2020-09-12 08:00:00,26.0113333333333,37.2406666666667,200.316666666667,8.0005
2020-09-12 12:00:00,23.664,37.1545,218.84,7.991
2020-09-12 16:00:00,23.98,37.172,212.785,7.9925
2020-09-12 20:00:00,24.2653333333333,37.1603333333333,219.693333333333,8.001
2020-09-13 00:00:00,25.3403333333333,37.271,204.186666666667,8.006
2020-09-13 04:00:00,25.22125,37.21425,199.76,8.0042
2020-09-13 08:00:00,25.9726666666667,37.2746666666667,199.346666666667,7.9925
2020-09-13 12:00:00,23.716,37.17,219.94,8.00566666666667
2020-09-13 16:00:00,23.7015,37.167,211.51,7.9985
2020-09-13 20:00:00,24.6473333333333,37.172,212.83,7.99133333333333
2020-09-14 00:00:00,25.827,37.256,204.556666666667,8.00475
2020-09-14 04:00:00,25.713,37.259,203.11,8
2020-09-14 08:00:00,26.0553333333333,37.2963333333333,197.43,7.99575
2020-09-14 12:00:00,23.7145,37.1725,223.565,8.004
2020-09-14 16:00:00,23.9895,37.1695,216.44,7.997
2020-09-14 20:00:00,24.8176666666667,37.1836666666667,216.236666666667,7.991
2020-09-15 00:00:00,25.787,37.2653333333333,200.466666666667,7.997
2020-09-15 04:00:00,25.54275,37.26625,204.0175,8.0008
2020-09-15 08:00:00,26.1446666666667,37.2773333333333,197.456666666667,7.995
2020-09-15 12:00:00,23.9085,37.1395,219.075,8.003
2020-09-15 16:00:00,23.861,37.131,217.435,7.985
2020-09-15 20:00:00,24.7586666666667,37.1713333333333,214.763333333333,7.98933333333333
2020-09-16 00:00:00,25.6303333333333,37.276,205.543333333333,8.003
2020-09-16 04:00:00,25.6575,37.2695,195.185,7.991
2020-09-16 08:00:00,25.8256666666667,37.1956666666667,194.353333333333,7.9915
2020-09-16 12:00:00,25.135,37.1826666666667,217.78,7.99766666666667
2020-09-16 16:00:00,23.6925,37.153,222.155,7.9925
2020-09-16 20:00:00,23.955,37.1735,214.025,7.98533333333333
2020-09-17 00:00:00,25.8246666666667,37.2813333333333,210.906666666667,7.999
2020-09-17 04:00:00,25.58475,37.29825,198.805,8.0046
2020-09-17 08:00:00,25.8883333333333,37.222,199.116666666667,8.00025
2020-09-17 12:00:00,24.865,37.207,205.28,7.99066666666667
2020-09-17 16:00:00,23.763,37.167,219.68,8.0105
2020-09-17 20:00:00,23.6295,37.1645,212.015,7.99333333333333
2020-09-18 00:00:00,26.1206666666667,37.2836666666667,206.563333333333,7.9975
2020-09-18 04:00:00,25.90275,37.28575,199.43,8.0064
2020-09-18 08:00:00,26.0786666666667,37.2716666666667,203.506666666667,8.00125
2020-09-18 12:00:00,24.9326666666667,37.2196666666667,206.113333333333,7.99566666666667
2020-09-18 16:00:00,23.7445,37.1725,222.255,8.02
2020-09-18 20:00:00,23.865,37.1735,213.69,7.99166666666667
2020-09-19 00:00:00,26.2036666666667,37.2883333333333,202.37,7.9975
2020-09-19 04:00:00,25.844,37.30275,197.34,8
2020-09-19 08:00:00,26.0483333333333,37.2823333333333,202.15,7.99075
2020-09-19 12:00:00,25.171,37.2416666666667,208.893333333333,8.00025
2020-09-19 16:00:00,23.869,37.151,220.095,8.0085
2020-09-19 20:00:00,23.7485,37.1215,214.7,7.98366666666667
2020-09-20 00:00:00,26.253,37.275,200.306666666667,7.98975
2020-09-20 04:00:00,25.70875,37.303,201.455,8.0096
2020-09-20 08:00:00,26.2326666666667,37.286,192.583333333333,7.986
2020-09-20 12:00:00,24.923,37.179,207.65,7.997
2020-09-20 16:00:00,25.0456666666667,37.1806666666667,215.9,8.002
2020-09-20 20:00:00,23.706,37.15,220.275,7.99633333333333
2020-09-21 00:00:00,25.9655,37.303,203.315,7.995
2020-09-21 04:00:00,25.895,37.30225,206.2225,8.0054
2020-09-21 08:00:00,26.193,37.3156666666667,196.996666666667,7.99625
2020-09-21 12:00:00,24.9456666666667,37.192,202.25,7.997
2020-09-21 16:00:00,24.8536666666667,37.2066666666667,205.553333333333,8.0045
2020-09-21 20:00:00,23.8275,37.1745,212.425,8.001
2020-09-22 00:00:00,25.627,37.276,199.88,7.99125
2020-09-22 04:00:00,25.9995,37.295,209.9675,8.0056
2020-09-22 08:00:00,26.127,37.2926666666667,200.93,8.0105
2020-09-22 12:00:00,25.5026666666667,37.2386666666667,210.97,8.00725
2020-09-22 16:00:00,24.9556666666667,37.221,206.79,8.0005
2020-09-22 20:00:00,23.694,37.175,221.22,8.004
2020-09-23 00:00:00,25.6395,37.2625,198.7,7.9965
2020-09-23 04:00:00,26.1265,37.29725,197.5275,7.9982
2020-09-23 08:00:00,26.083,37.3183333333333,198.9,8.00625
2020-09-23 12:00:00,25.23,37.246,209.303333333333,8.00375
2020-09-23 16:00:00,25.1113333333333,37.2316666666667,209.073333333333,8.02066666666667
2020-09-23 20:00:00,23.8645,37.1485,221.825,8.00133333333333
2020-09-24 00:00:00,25.3645,37.1885,200.67,7.99225
2020-09-24 04:00:00,26.27825,37.29775,199.23,7.9908
2020-09-24 08:00:00,26.12,37.3143333333333,197.196666666667,7.99975
2020-09-24 12:00:00,25.5073333333333,37.25,203.61,8.00525
2020-09-24 16:00:00,24.9563333333333,37.18,203.053333333333,8.00433333333333
2020-09-24 20:00:00,24.991,37.1823333333333,211.54,7.996
2020-09-25 00:00:00,25.5615,37.1865,209.86,8
2020-09-25 04:00:00,25.9506666666667,37.3113333333333,194.65,7.9894
2020-09-25 08:00:00,26.1733333333333,37.2966666666667,199.216666666667,7.99825
2020-09-25 12:00:00,25.3843333333333,37.268,203.773333333333,8.0065
2020-09-25 16:00:00,24.9213333333333,37.199,205.806666666667,8.00966666666667
2020-09-25 20:00:00,24.8433333333333,37.2073333333333,205.84,7.99
2020-09-26 00:00:00,24.851,37.207,207.545,8.00425
2020-09-26 04:00:00,25.7173333333333,37.293,191.556666666667,7.9908
2020-09-26 08:00:00,26.1663333333333,37.2976666666667,198.076666666667,7.99675
2020-09-26 12:00:00,25.8326666666667,37.2636666666667,204.473333333333,8.00125
2020-09-26 16:00:00,25.3606666666667,37.2366666666667,210.34,8.01866666666667
2020-09-26 20:00:00,25.0566666666667,37.2216666666667,205.98,7.995
2020-09-27 00:00:00,24.6455,37.203,206.895,8.012
2020-09-27 04:00:00,25.701,37.267,191.71,7.9958
2020-09-27 08:00:00,26.2646666666667,37.2993333333333,197.466666666667,7.9985
2020-09-27 12:00:00,25.7636666666667,37.2753333333333,205.773333333333,8.003
2020-09-27 16:00:00,25.269,37.247,212.21,8.01833333333333
2020-09-27 20:00:00,25.0226666666667,37.233,207.543333333333,8.0065
2020-09-28 00:00:00,24.564,37.218,208.67,8.00525
2020-09-28 04:00:00,25.544,37.2086666666667,197.003333333333,7.9982
2020-09-28 08:00:00,26.463,37.2913333333333,197.936666666667,7.99225
2020-09-28 12:00:00,25.605,37.2793333333333,204.92,8.00675
2020-09-28 16:00:00,25.3733333333333,37.25,209.116666666667,8.01
2020-09-28 20:00:00,24.9326666666667,37.1723333333333,204.466666666667,7.99925
2020-09-29 00:00:00,25.2,37.2493333333333,199.693333333333,8.00925
2020-09-29 04:00:00,25.4943333333333,37.2066666666667,206.006666666667,8.0036
2020-09-29 08:00:00,25.982,37.304,191.905,7.99275
2020-09-29 12:00:00,25.8596666666667,37.2853333333333,207.38,8.00275
2020-09-29 16:00:00,25.3796666666667,37.2656666666667,209.06,8.016
2020-09-29 20:00:00,24.9223333333333,37.2036666666667,208.59,8.008
2020-09-30 00:00:00,25.2016666666667,37.2793333333333,201.7,8.00625
2020-09-30 04:00:00,24.7153333333333,37.2256666666667,207.733333333333,8.012
2020-09-30 08:00:00,25.949,37.295,189.765,7.996
2020-09-30 12:00:00,25.94,37.277,208.436666666667,8.0085
2020-09-30 16:00:00,25.826,37.2633333333333,203.6,8.00166666666667
2020-09-30 20:00:00,25.327,37.2363333333333,207.093333333333,8.00825
2020-10-01 00:00:00,25.2936666666667,37.2986666666667,203.366666666667,8.01325
2020-10-01 04:00:00,24.3876666666667,37.2246666666667,203.67,8.0134
2020-10-01 08:00:00,25.9435,37.273,193.035,8.0025
2020-10-01 12:00:00,26.162,37.2746666666667,201.316666666667,7.9985
2020-10-01 16:00:00,25.7753333333333,37.272,204.256666666667,8.009
2020-10-01 20:00:00,25.3196666666667,37.245,212.086666666667,8.0025
2020-10-02 00:00:00,25.462,37.3036666666667,191.906666666667,8.004
2020-10-02 04:00:00,24.279,37.2423333333333,205.57,8.0148
2020-10-02 08:00:00,25.967,37.2505,195.23,7.99525
2020-10-02 12:00:00,26.309,37.2773333333333,203.566666666667,7.9935
2020-10-02 16:00:00,25.5656666666667,37.2766666666667,206.523333333333,8.01166666666667
2020-10-02 20:00:00,25.3403333333333,37.2513333333333,205.093333333333,8.00725
2020-10-03 00:00:00,25.061,37.2323333333333,199.536666666667,8.0035
2020-10-03 04:00:00,24.8675,37.268,198.435,8.015
2020-10-03 08:00:00,25.2985,37.2455,199.86,7.999
2020-10-03 12:00:00,25.866,37.2995,202.9,7.99325
2020-10-03 16:00:00,25.8496666666667,37.2876666666667,208.1,8.01133333333333
2020-10-03 20:00:00,25.4183333333333,37.2643333333333,204.643333333333,8.00025
2020-10-04 00:00:00,24.863,37.2756666666667,202.21,8.012
2020-10-04 04:00:00,24.87625,37.29775,199.34,8.0162
2020-10-04 08:00:00,24.4095,37.267,206.695,8.012
2020-10-04 12:00:00,25.677,37.286,199.245,7.9945
2020-10-04 16:00:00,25.9483333333333,37.2756666666667,210.826666666667,8.01633333333333
2020-10-04 20:00:00,25.82,37.2633333333333,203.7,8.002
2020-10-05 00:00:00,24.7276666666667,37.2963333333333,201.216666666667,8.0095
2020-10-05 04:00:00,25.00875,37.3115,202.42,8.0222
2020-10-05 08:00:00,24.046,37.2725,201.805,8.015
2020-10-05 12:00:00,25.6445,37.263,197.215,7.99775
2020-10-05 16:00:00,26.1393333333333,37.275,202.56,8.00366666666667
2020-10-05 20:00:00,25.7473333333333,37.272,202.976666666667,8.00225
2020-10-06 00:00:00,24.6933333333333,37.3003333333333,204.493333333333,8.00775
2020-10-06 04:00:00,25.093,37.277,192.62,8.0076
2020-10-06 08:00:00,23.8685,37.303,202.04,8.015
2020-10-06 12:00:00,25.3795,37.195,201.31,7.994
2020-10-06 16:00:00,26.3203333333333,37.279,202.213333333333,7.98966666666667
2020-10-06 20:00:00,25.589,37.2786666666667,201.846666666667,7.99875
2020-10-07 00:00:00,24.813,37.3253333333333,196.323333333333,8.00725
2020-10-07 04:00:00,24.689,37.273,201.615,8.0088
2020-10-07 08:00:00,24.7276666666667,37.3026666666667,193.62,8.01475
2020-10-07 12:00:00,25.3975,37.191,207.58,8.0015
2020-10-07 16:00:00,25.938,37.3105,198.02,7.99666666666667
2020-10-07 20:00:00,25.848,37.2866666666667,207.493333333333,8.0025
2020-10-08 00:00:00,24.965,37.3563333333333,196.11,8.00775
2020-10-08 04:00:00,24.36075,37.30675,200.995,8.0188
2020-10-08 08:00:00,24.723,37.339,196.79,8.02025
2020-10-08 12:00:00,24.697,37.2105,210.375,8.00675
2020-10-08 16:00:00,25.649,37.283,197.335,7.997
2020-10-08 20:00:00,25.925,37.2783333333333,205.68,7.99725
2020-10-09 00:00:00,25.031,37.3603333333333,199.993333333333,8.01775
2020-10-09 04:00:00,24.118,37.31775,202.375,8.0176
2020-10-09 08:00:00,24.8,37.3583333333333,192.043333333333,8.0205
2020-10-09 12:00:00,24.529,37.2015,202.895,8.00625
2020-10-09 16:00:00,25.6345,37.263,195.47,8.00133333333333
2020-10-09 20:00:00,26.1306666666667,37.273,202.38,8.00125
2020-10-10 00:00:00,25.0373333333333,37.341,200.693333333333,8.016
2020-10-10 04:00:00,24.07425,37.3265,202.6475,8.0238
2020-10-10 08:00:00,24.751,37.333,193.23,8.0145
2020-10-10 12:00:00,24.519,37.2195,205.43,8.00525
2020-10-10 16:00:00,25.3535,37.195,202.39,8.009
2020-10-10 20:00:00,26.3946666666667,37.2806666666667,200.533333333333,7.98875
2020-10-11 00:00:00,24.9796666666667,37.328,193.15,8.012
2020-10-11 04:00:00,24.186,37.35925,193.52,8.0216
2020-10-11 08:00:00,24.2303333333333,37.3176666666667,199.216666666667,8.01475
2020-10-11 12:00:00,25.1773333333333,37.249,196.616666666667,8.00625
2020-10-11 16:00:00,25.383,37.1935,206.015,8.00533333333333
2020-10-11 20:00:00,25.9175,37.3125,198.99,7.9965
2020-10-12 00:00:00,24.919,37.3466666666667,200.043333333333,8.007
2020-10-12 04:00:00,24.355,37.403,193.82,8.019
2020-10-12 08:00:00,23.9153333333333,37.35,200.64,8.02275
2020-10-12 12:00:00,25.186,37.2843333333333,197.763333333333,8.00875
2020-10-12 16:00:00,24.7465,37.2045,209.995,8.01333333333333
2020-10-12 20:00:00,25.649,37.285,195.06,7.991
2020-10-13 00:00:00,24.9253333333333,37.3343333333333,202.083333333333,8.01225
2020-10-13 04:00:00,24.44575,37.40325,198.175,8.0242
2020-10-13 08:00:00,23.6486666666667,37.3626666666667,202.443333333333,8.024
2020-10-13 12:00:00,25.3433333333333,37.3016666666667,202.986666666667,8.012
2020-10-13 16:00:00,24.529,37.2045,206.11,8.01066666666667
2020-10-13 20:00:00,25.6165,37.262,193.875,7.9955
2020-10-14 00:00:00,24.9266666666667,37.343,202.04,8.01775
2020-10-14 04:00:00,24.54075,37.34525,198.2525,8.024
2020-10-14 08:00:00,23.5636666666667,37.3933333333333,196.846666666667,8.025
2020-10-14 12:00:00,25.421,37.2613333333333,193.543333333333,8.0085
2020-10-14 16:00:00,24.5025,37.219,205.74,8.00733333333333
2020-10-14 20:00:00,25.341,37.1955,201.15,7.99675
2020-10-15 00:00:00,24.966,37.381,204.78,8.01175
2020-10-15 04:00:00,24.42525,37.36075,196.8225,8.0254
2020-10-15 08:00:00,23.6653333333333,37.4413333333333,190.88,8.02325
2020-10-15 12:00:00,25.0356666666667,37.246,203.676666666667,8.009
2020-10-15 16:00:00,24.597,37.2415,205.585,8.013
2020-10-15 20:00:00,25.3515,37.1895,208.26,8.007
2020-10-16 00:00:00,23.8465,37.477,198.32,8.013
2020-10-16 04:00:00,24.2835,37.376,203.7225,8.0208
2020-10-16 08:00:00,23.8843333333333,37.4756666666667,194.04,8.023
2020-10-16 12:00:00,24.8433333333333,37.2836666666667,199.333333333333,8.01225
2020-10-16 16:00:00,24.668,37.2615,200.64,8.00966666666667
2020-10-16 20:00:00,24.6885,37.2065,207.93,8.0105
2020-10-17 00:00:00,23.701,37.4745,192.52,8.009
2020-10-17 04:00:00,24.259,37.36975,203.8075,8.0232
2020-10-17 08:00:00,23.984,37.4503333333333,195.37,8.02825
2020-10-17 12:00:00,24.6986666666667,37.2926666666667,200.563333333333,8.012
2020-10-17 16:00:00,24.978,37.278,209.125,8.012
2020-10-17 20:00:00,24.424,37.205,207.18,8.0035
2020-10-18 00:00:00,23.8475,37.4735,194.245,8.01475
2020-10-18 04:00:00,24.25175,37.403,202,8.0288
2020-10-18 08:00:00,24.0483333333333,37.4233333333333,196.323333333333,8.0305
2020-10-18 12:00:00,24.7366666666667,37.305,202.49,8.0105
2020-10-18 16:00:00,24.9985,37.2605,197.91,8.00233333333333
2020-10-18 20:00:00,24.4645,37.2195,203.555,8.0045
2020-10-19 00:00:00,23.849,37.4345,194.79,8.014
2020-10-19 04:00:00,24.237,37.43625,203.5725,8.0212
2020-10-19 08:00:00,23.8623333333333,37.4323333333333,191.606666666667,8.02725
2020-10-19 12:00:00,24.779,37.322,195.163333333333,8.00725
2020-10-19 16:00:00,24.668,37.2675,208.85,8.01333333333333
2020-10-19 20:00:00,25.1726666666667,37.2496666666667,197.156666666667,8.0065
2020-10-20 00:00:00,23.7015,37.36,200.815,8.022
2020-10-20 04:00:00,23.1353333333333,37.525,201.3,8.0298
2020-10-20 08:00:00,23.6096666666667,37.44,202.096666666667,8.031
2020-10-20 12:00:00,24.8993333333333,37.3576666666667,191.77,8.0125
2020-10-20 16:00:00,24.2735,37.2815,206.25,8.01333333333333
2020-10-20 20:00:00,25.1976666666667,37.287,196.203333333333,8.00775
2020-10-21 00:00:00,23.1885,37.4165,204.13,8.02525
2020-10-21 04:00:00,22.9936666666667,37.531,196.1,8.027
2020-10-21 08:00:00,23.513,37.4323333333333,198.626666666667,8.0265
2020-10-21 12:00:00,24.983,37.36,197.536666666667,8.01575
2020-10-21 16:00:00,23.9955,37.2895,209.455,8.01666666666667
2020-10-21 20:00:00,25.346,37.3116666666667,206.84,8.01675
2020-10-22 00:00:00,22.9105,37.439,207.62,8.0255
2020-10-22 04:00:00,23.2033333333333,37.514,194.8,8.0306
2020-10-22 08:00:00,23.4226666666667,37.4686666666667,200.703333333333,8.035
2020-10-22 12:00:00,25.0266666666667,37.337,196.433333333333,8.0145
2020-10-22 16:00:00,24.082,37.2955,208.03,8.01733333333333
2020-10-22 20:00:00,25.4063333333333,37.2433333333333,200.026666666667,8.01175
2020-10-23 00:00:00,22.711,37.432,201.435,8.021
2020-10-23 04:00:00,23.2133333333333,37.4516666666667,197.63,8.0274
2020-10-23 08:00:00,23.188,37.522,202.573333333333,8.031
2020-10-23 12:00:00,24.92,37.3456666666667,188.51,8.02
2020-10-23 16:00:00,24.199,37.3155,206.165,8.01766666666667
2020-10-23 20:00:00,25.039,37.244,202.49,8.00875
2020-10-24 00:00:00,24.0276666666667,37.335,195.783333333333,8.01425
2020-10-24 04:00:00,23.0703333333333,37.3986666666667,201.73,8.0326
2020-10-24 08:00:00,23.097,37.5306666666667,201.966666666667,8.03925
2020-10-24 12:00:00,24.9193333333333,37.3493333333333,202.643333333333,8.017
2020-10-24 16:00:00,24.2755,37.354,201.655,8.01833333333333
2020-10-24 20:00:00,24.8656666666667,37.2823333333333,201.536666666667,8.015
2020-10-25 00:00:00,23.9566666666667,37.3683333333333,194.76,8.02425
2020-10-25 04:00:00,22.6386666666667,37.4856666666667,205.48,8.0388
2020-10-25 08:00:00,23.0986666666667,37.539,195.143333333333,8.03325
2020-10-25 12:00:00,24.8833333333333,37.3356666666667,196.593333333333,8.012
2020-10-25 16:00:00,24.4195,37.353,203.285,8.01666666666667
2020-10-25 20:00:00,24.7203333333333,37.298,201.28,8.01
2020-10-26 00:00:00,23.963,37.393,201.076666666667,8.03075
2020-10-26 04:00:00,22.498,37.4993333333333,202.746666666667,8.0378
2020-10-26 08:00:00,23.2236666666667,37.5113333333333,196.66,8.03625
2020-10-26 12:00:00,24.909,37.344,198.566666666667,8.0175
2020-10-26 16:00:00,24.531,37.311,198.63,8.01433333333333
2020-10-26 20:00:00,24.7463333333333,37.31,201.776666666667,8.01325
2020-10-27 00:00:00,23.7803333333333,37.3396666666667,198.606666666667,8.02825
2020-10-27 04:00:00,22.3563333333333,37.4656666666667,203.29,8.0366
2020-10-27 08:00:00,23.2433333333333,37.433,198.83,8.03475
2020-10-27 12:00:00,25.081,37.386,199.05,8.00875
2020-10-27 16:00:00,24.4025,37.3315,198.915,8.01833333333333
2020-10-27 20:00:00,24.8123333333333,37.3236666666667,194.716666666667,8.0065
2020-10-28 00:00:00,23.4536666666667,37.3403333333333,203.106666666667,8.03125
2020-10-28 04:00:00,23.4685,37.35925,201.6325,8.0338
2020-10-28 08:00:00,23.0523333333333,37.427,203.29,8.03975
2020-10-28 12:00:00,23.811,37.4775,195.755,8.01425
2020-10-28 16:00:00,24.3405,37.3345,207.93,8.01733333333333
2020-10-28 20:00:00,24.8763333333333,37.3723333333333,195.143333333333,8.01675
2020-10-29 00:00:00,23.318,37.3933333333333,202.646666666667,8.03525
2020-10-29 04:00:00,23.35075,37.392,199.8375,8.0366
2020-10-29 08:00:00,22.6716666666667,37.487,206.116666666667,8.061
2020-10-29 12:00:00,23.6525,37.4765,190.115,8.01325
2020-10-29 16:00:00,24.312,37.33,205.79,8.017
2020-10-29 20:00:00,24.9893333333333,37.3613333333333,198.46,8.01525
2020-10-30 00:00:00,23.2593333333333,37.425,200.816666666667,8.02875
2020-10-30 04:00:00,23.3155,37.3905,203.8325,8.0368
2020-10-30 08:00:00,22.5093333333333,37.485,207.76,8.04875
2020-10-30 12:00:00,23.838,37.468,191.305,8.01375
2020-10-30 16:00:00,24.3515,37.343,201.4,8.01733333333333
2020-10-30 20:00:00,25.0326666666667,37.3313333333333,195.576666666667,8.01475
2020-10-31 00:00:00,23.1783333333333,37.4363333333333,200.013333333333,8.0315
2020-10-31 04:00:00,23.09125,37.38325,201.1675,8.0378
2020-10-31 08:00:00,22.4456666666667,37.4263333333333,205.9,8.0465
2020-10-31 12:00:00,23.9135,37.3855,193.425,8.01475
2020-10-31 16:00:00,24.609,37.3975,205.72,8.01466666666667
2020-10-31 20:00:00,24.9853333333333,37.3543333333333,199.363333333333,8.0215
2020-11-01 00:00:00,23.128,37.4583333333333,193.273333333333,8.0255
2020-11-01 04:00:00,22.76875,37.3855,203.2625,8.0414
2020-11-01 08:00:00,23.48425,37.36275,201.8575,8.04725
2020-11-01 12:00:00,23.6015,37.366,199.195,8.01975
2020-11-01 16:00:00,21.64,37.623,206.76,8.02133333333333
2020-11-01 20:00:00,24.9726666666667,37.336,204.443333333333,8.01775
2020-11-02 00:00:00,23.222,37.497,198.923333333333,8.0365
2020-11-02 04:00:00,22.78775,37.4315,203.55,8.045
2020-11-02 08:00:00,23.3435,37.381,200.2925,8.04725
2020-11-02 12:00:00,23.155,37.42,203.885,8.02775
2020-11-02 16:00:00,21.506,37.638,205.01,8.02
2020-11-02 20:00:00,24.8796666666667,37.3356666666667,199.543333333333,8.011
2020-11-03 00:00:00,23.3423333333333,37.458,197.45,8.03775
2020-11-03 04:00:00,22.70375,37.46475,203.68,8.041
2020-11-03 08:00:00,23.26925,37.39375,204.245,8.054
2020-11-03 12:00:00,22.8555,37.441,203.48,8.028
2020-11-03 16:00:00,21.855,37.637,205.44,8.02066666666667
2020-11-03 20:00:00,24.9243333333333,37.3483333333333,196.973333333333,8.01825
2020-11-04 00:00:00,23.391,37.4253333333333,198.29,8.0355
2020-11-04 04:00:00,22.64925,37.46975,201.2925,8.042
2020-11-04 08:00:00,23.05975,37.3745,202.05,8.049
2020-11-04 12:00:00,22.6965,37.4275,201.46,8.02975
2020-11-04 16:00:00,21.963,37.493,205.67,8.019
2020-11-04 20:00:00,25.06,37.3836666666667,201.036666666667,8.0125
2020-11-05 00:00:00,23.2483333333333,37.4933333333333,202.896666666667,8.037
2020-11-05 04:00:00,22.598,37.4935,196.7325,8.0376
2020-11-05 08:00:00,22.79975,37.3795,204.3,8.052
2020-11-05 12:00:00,24.0323333333333,37.3413333333333,200.313333333333,8.02825
2020-11-05 16:00:00,21.809,37.484,201.08,8.02066666666667
2020-11-05 20:00:00,23.825,37.4815,194.275,8.01675
2020-11-06 00:00:00,23.2813333333333,37.42,205.48,8.04025
2020-11-06 04:00:00,22.67,37.49525,200.5275,8.049
2020-11-06 08:00:00,22.8275,37.438,207.0125,8.05775
2020-11-06 12:00:00,23.938,37.369,196.69,8.0245
2020-11-06 16:00:00,21.789,37.58,202.07,8.022
2020-11-06 20:00:00,23.672,37.4755,189.16,8.011
2020-11-07 00:00:00,23.115,37.4213333333333,202.043333333333,8.03275
2020-11-07 04:00:00,22.75275,37.4665,197.5,8.046
2020-11-07 08:00:00,22.7685,37.46075,205.925,8.059
2020-11-07 12:00:00,23.9853333333333,37.383,200.996666666667,8.03275
2020-11-07 16:00:00,21.776,37.615,202.85,8.023
2020-11-07 20:00:00,23.8855,37.455,195.92,8.01725
2020-11-08 00:00:00,23.0823333333333,37.442,200.65,8.038
2020-11-08 04:00:00,22.77075,37.43725,198.1275,8.0428
2020-11-08 08:00:00,22.69125,37.4715,202.5475,8.059
2020-11-08 12:00:00,23.7526666666667,37.3596666666667,200.236666666667,8.02475
2020-11-08 16:00:00,21.7,37.554,201.02,8.025
2020-11-08 20:00:00,23.9425,37.363,199.87,8.021
2020-11-09 00:00:00,22.9746666666667,37.4586666666667,206.18,8.02233333333333
2020-11-09 04:00:00,22.628,37.48625,201.52,8.0496
2020-11-09 08:00:00,22.655,37.47725,198.6675,8.05275
2020-11-09 12:00:00,23.4113333333333,37.3446666666667,200.77,8.031
2020-11-09 16:00:00,24.005,37.349,202.24,8.02233333333333
2020-11-09 20:00:00,23.6245,37.364,200.96,8.02225
2020-11-10 00:00:00,22.9276666666667,37.4673333333333,199.89,8.028
2020-11-10 04:00:00,22.70875,37.43325,209.18,8.0466
2020-11-10 08:00:00,22.72225,37.484,201.2775,8.061
2020-11-10 12:00:00,23.415,37.4106666666667,203.06,8.03625
2020-11-10 16:00:00,23.955,37.3885,200.585,8.01933333333333
2020-11-10 20:00:00,23.1495,37.43,204.655,8.027
2020-11-11 00:00:00,22.8303333333333,37.4593333333333,201.903333333333,8.02866666666667
2020-11-11 04:00:00,22.591,37.43125,203.0025,8.0408
2020-11-11 08:00:00,22.78125,37.46325,200.75,8.061
2020-11-11 12:00:00,23.293,37.4336666666667,205.55,8.0345
2020-11-11 16:00:00,23.9115,37.3905,204.51,8.02433333333333
2020-11-11 20:00:00,22.848,37.4435,203.475,8.02775
2020-11-12 00:00:00,22.8656666666667,37.4506666666667,200.543333333333,8.02666666666667
2020-11-12 04:00:00,22.56575,37.443,206.14,8.038
2020-11-12 08:00:00,22.77075,37.46575,200.84,8.06225
2020-11-12 12:00:00,23.2023333333333,37.438,201.556666666667,8.03675
2020-11-12 16:00:00,23.4805,37.2885,202.725,8.02433333333333
2020-11-12 20:00:00,22.753,37.419,205.86,8.0295
2020-11-13 00:00:00,22.8986666666667,37.3893333333333,202.953333333333,8.02733333333333
2020-11-13 04:00:00,22.48775,37.4555,205.085,8.02233333333333
2020-11-13 08:00:00,22.66925,37.4685,204.0075,8.06725
2020-11-13 12:00:00,23.275,37.4673333333333,194.053333333333,8.0315
2020-11-13 16:00:00,23.3235,37.3295,200.785,8.026
2020-11-13 20:00:00,23.9816666666667,37.3696666666667,202.463333333333,8.029
2020-11-14 00:00:00,22.661,37.3916666666667,203.596666666667,8.03133333333333
2020-11-14 04:00:00,22.45075,37.46075,201.4825,8.02366666666667
2020-11-14 08:00:00,22.727,37.4195,209.86,8.0625
2020-11-14 12:00:00,23.2466666666667,37.485,197.606666666667,8.03775
2020-11-14 16:00:00,23.7305,37.4285,202.86,8.03433333333333
2020-11-14 20:00:00,23.9706666666667,37.3736666666667,198.626666666667,8.02775
2020-11-15 00:00:00,22.3476666666667,37.438,207.346666666667,8.04233333333333
2020-11-15 04:00:00,22.344,37.45675,201.6925,8.03266666666667
2020-11-15 08:00:00,22.592,37.4285,204.57,8.055
2020-11-15 12:00:00,23.3503333333333,37.4546666666667,196.696666666667,8.038
2020-11-15 16:00:00,23.727,37.4545,204.71,8.02666666666667
2020-11-15 20:00:00,24.0076666666667,37.3733333333333,202.713333333333,8.032
2020-11-16 00:00:00,22.1273333333333,37.4486666666667,205.273333333333,8.04066666666667
2020-11-16 04:00:00,22.33075,37.44725,202.1175,8.02933333333333
2020-11-16 08:00:00,22.64075,37.445,209.1525,8.05433333333333
2020-11-16 12:00:00,23.392,37.4153333333333,197.586666666667,8.034
2020-11-16 16:00:00,23.683,37.456,203.705,8.03033333333333
2020-11-16 20:00:00,23.7096666666667,37.3143333333333,200.003333333333,8.02675
2020-11-17 00:00:00,23.16175,37.38675,194.8125,8.04333333333334
2020-11-17 04:00:00,22.3485,37.40425,201.7575,8.03133333333333
2020-11-17 08:00:00,22.53875,37.45475,208.05,8.0415
2020-11-17 12:00:00,23.252,37.4636666666667,201.03,8.03925
2020-11-17 16:00:00,23.78,37.475,197.755,8.023
2020-11-17 20:00:00,23.4203333333333,37.3496666666667,202.103333333333,8.03025
2020-11-18 00:00:00,23.12175,37.3975,203.93,8.04333333333334
2020-11-18 04:00:00,22.151,37.405,203.9925,8.03333333333333
2020-11-18 08:00:00,22.479,37.4605,203.045,8.0365
2020-11-18 12:00:00,23.293,37.406,208.543333333333,8.041
2020-11-18 16:00:00,23.5905,37.4595,204.08,8.02966666666667
2020-11-18 20:00:00,23.45,37.4163333333333,203.68,8.03675
2020-11-19 00:00:00,23.1115,37.404,203.29,8.05475
2020-11-19 04:00:00,21.92425,37.44125,207.8575,8.04233333333333
2020-11-19 08:00:00,22.35675,37.45575,203.915,8.052
2020-11-19 12:00:00,23.1456666666667,37.427,202.48,8.03225
2020-11-19 16:00:00,23.615,37.409,199.185,8.03166666666667
2020-11-19 20:00:00,23.2803333333333,37.4323333333333,205.75,8.0365
2020-11-20 00:00:00,23.162,37.40225,205.49,8.056
2020-11-20 04:00:00,21.75275,37.45175,205.025,8.03466666666667
2020-11-20 08:00:00,22.3645,37.442,204.02,8.0535
2020-11-20 12:00:00,23.1316666666667,37.4483333333333,205.633333333333,8.02366666666667
2020-11-20 16:00:00,23.535,37.4325,198.445,8.027
2020-11-20 20:00:00,23.2153333333333,37.4413333333333,202.053333333333,8.0395
2020-11-21 00:00:00,22.838,37.36425,204.385,8.0485
2020-11-21 04:00:00,22.6268,37.4084,203.202,8.045
2020-11-21 08:00:00,22.381,37.40475,205.675,8.0525
2020-11-21 12:00:00,23.0276666666667,37.458,206.103333333333,8.02666666666667
2020-11-21 16:00:00,23.4885,37.455,203.15,8.03533333333333
2020-11-21 20:00:00,23.3556666666667,37.476,194.94,8.0315
2020-11-22 00:00:00,22.5845,37.386,206.055,8.05675
2020-11-22 04:00:00,22.5772,37.4074,205.398,8.04266666666667
2020-11-22 08:00:00,22.1735,37.407,206.0575,8.053
2020-11-22 12:00:00,22.97,37.4653333333333,200.21,8.02733333333333
2020-11-22 16:00:00,23.6945,37.3735,207.395,8.03233333333333
2020-11-22 20:00:00,23.2736666666667,37.485,200.476666666667,8.03975
2020-11-23 00:00:00,22.55225,37.434,208.4725,8.0615
2020-11-23 04:00:00,22.5928,37.4204,205.518,8.064
2020-11-23 08:00:00,21.9305,37.443,208.8875,8.0625
2020-11-23 12:00:00,22.855,37.4563333333333,200.693333333333,8.03766666666667
2020-11-23 16:00:00,23.5545,37.405,198.74,8.018
2020-11-23 20:00:00,23.3373333333333,37.439,199.356666666667,8.03925
2020-11-24 00:00:00,22.431,37.44325,207.925,8.05925
2020-11-24 04:00:00,22.618,37.4176,206.458,8.0602
2020-11-24 08:00:00,21.75625,37.453,206.1775,8.052
2020-11-24 12:00:00,22.87,37.439,201.153333333333,8.034
2020-11-24 16:00:00,23.601,37.392,205.335,8
2020-11-24 20:00:00,23.4083333333333,37.414,199.716666666667,8.03825
2020-11-25 00:00:00,22.416,37.45125,205.105,8.063
2020-11-25 04:00:00,22.2992,37.4038,206.746,8.0588
2020-11-25 08:00:00,21.685,37.454,209.5025,8.064
2020-11-25 12:00:00,22.9366666666667,37.3923333333333,204.963333333333,8.03233333333333
2020-11-25 16:00:00,23.6615,37.387,202.265,8
2020-11-25 20:00:00,23.2296666666667,37.459,200.846666666667,8.04075
2020-11-26 00:00:00,22.465,37.4475,199.9925,8.05925
2020-11-26 04:00:00,22.0426,37.4048,209.586,8.0688
2020-11-26 08:00:00,21.67425,37.42975,209.625,8.06866666666667
2020-11-26 12:00:00,22.6036666666667,37.393,204.206666666667,8.034
2020-11-26 16:00:00,23.557,37.381,195.915,7.9975
2020-11-26 20:00:00,23.2843333333333,37.4056666666667,209.666666666667,8.0395
2020-11-27 00:00:00,22.40825,37.447,202.9425,8.0635
2020-11-27 04:00:00,22.0014,37.4442,210.162,8.0706
2020-11-27 08:00:00,21.702,37.44475,210.0375,8.076
2020-11-27 12:00:00,22.3226666666667,37.4406666666667,208.126666666667,8.04133333333333
2020-11-27 16:00:00,23.4985,37.3635,199.675,8.007
2020-11-27 20:00:00,23.1383333333333,37.429,202.43,8.03175
2020-11-28 00:00:00,22.43175,37.3815,203.3275,8.06375
2020-11-28 04:00:00,21.936,37.4506,209.498,8.0692
2020-11-28 08:00:00,21.5895,37.43175,209.31,8.073
2020-11-28 12:00:00,22.149,37.4506666666667,204.58,8.03766666666667
2020-11-28 16:00:00,23.3635,37.356,198.49,8.001
2020-11-28 20:00:00,23.1543333333333,37.4526666666667,205.506666666667,8.02766666666667
2020-11-29 00:00:00,22.376,37.377,202.995,8.064
2020-11-29 04:00:00,21.9044,37.4382,206.66,8.0712
2020-11-29 08:00:00,21.3085,37.4415,211.835,8.073
2020-11-29 12:00:00,23.19625,37.3945,205.115,8.049
2020-11-29 16:00:00,23.448,37.342,204.325,8.0015
2020-11-29 20:00:00,23.0393333333333,37.4603333333333,206.913333333333,8.03066666666667
2020-11-30 00:00:00,22.25,37.42775,205.165,8.0655
2020-11-30 04:00:00,21.9442,37.4196,203.868,8.0702
2020-11-30 08:00:00,21.0535,37.45475,213.6675,8.082
2020-11-30 12:00:00,23.1025,37.38125,205.64,8.04766666666667
2020-11-30 16:00:00,22.9385,37.352,206.22,8.0015
2020-11-30 20:00:00,22.9313333333333,37.4586666666667,198.863333333333,8.02966666666667
2020-12-01 00:00:00,22.292,37.3955,210.2075,8.07025
2020-12-01 04:00:00,21.8332,37.4218,204.472,8.0718
2020-12-01 08:00:00,20.9505,37.481,214.2,8.08375
2020-12-01 12:00:00,23.10725,37.40875,204.365,8.05425
2020-12-01 16:00:00,22.6475,37.355,208.72,8.0225
2020-12-01 20:00:00,22.8933333333333,37.4593333333333,200.026666666667,8.03433333333333
2020-12-02 00:00:00,22.1955,37.42525,207.6025,8.06425
2020-12-02 04:00:00,21.845,37.354,206.298,8.0702
2020-12-02 08:00:00,20.8455,37.48375,212.39,8.0835
2020-12-02 12:00:00,23.14275,37.40475,200.46,8.053
2020-12-02 16:00:00,22.349,37.369,207.175,8.018
2020-12-02 20:00:00,22.8846666666667,37.437,201.77,8.03
2020-12-03 00:00:00,22.135,37.44575,209.775,8.064
2020-12-03 04:00:00,21.756,37.3628,205.058,8.072
2020-12-03 08:00:00,20.83075,37.4545,209.15,8.08375
2020-12-03 12:00:00,22.81625,37.38225,204.09,8.0485
2020-12-03 16:00:00,23.6833333333333,37.3476666666667,204.236666666667,8.0295
2020-12-03 20:00:00,22.9583333333333,37.3906666666667,203.776666666667,8.03
2020-12-04 00:00:00,22.02375,37.451,208.95,8.06533333333333
2020-12-04 04:00:00,21.666,37.4142,206.18,8.0746
2020-12-04 08:00:00,20.8445,37.43975,210.485,8.08425
2020-12-04 12:00:00,22.52775,37.38425,206.3325,8.055
2020-12-04 16:00:00,23.5646666666667,37.3696666666667,203.43,8.03
2020-12-04 20:00:00,22.5556666666667,37.3973333333333,203.78,8.03
2020-12-05 00:00:00,21.8545,37.4415,206.4175,8.06466666666667
2020-12-05 04:00:00,21.7094,37.3974,210.722,8.0754
2020-12-05 08:00:00,20.75225,37.43025,207.28,8.07675
2020-12-05 12:00:00,22.5355,37.43875,210.2775,8.0675
2020-12-05 16:00:00,23.612,37.3933333333333,200.893333333333,8.044
2020-12-05 20:00:00,22.308,37.441,208.853333333333,8.04366666666667
2020-12-06 00:00:00,21.777,37.4465,206.465,8.075
2020-12-06 04:00:00,21.595,37.4216,208.516,8.069
2020-12-06 08:00:00,20.8115,37.37725,210.51,8.082
2020-12-06 12:00:00,22.443,37.44575,207.0625,8.0605
2020-12-06 16:00:00,23.7406666666667,37.4013333333333,198.093333333333,8.04466666666667
2020-12-06 20:00:00,22.1446666666667,37.4426666666667,202.636666666667,8.03666666666667
2020-12-07 00:00:00,21.7035,37.4315,207.7375,8.07533333333333
2020-12-07 04:00:00,21.5024,37.4452,211.352,8.078
2020-12-07 08:00:00,20.69225,37.37075,208.44,8.08225
2020-12-07 12:00:00,22.397,37.447,203.365,8.0585
2020-12-07 16:00:00,23.4176666666667,37.3583333333333,199.76,8.03666666666667
2020-12-07 20:00:00,23.21075,37.3815,204.18,8.049
2020-12-08 00:00:00,21.70875,37.4,209.4425,8.077
2020-12-08 04:00:00,21.3322,37.4346,211.254,8.0765
2020-12-08 08:00:00,20.55925,37.426,208.98,8.0865
2020-12-08 12:00:00,22.51,37.44025,205.9725,8.06125
2020-12-08 16:00:00,23.1366666666667,37.3626666666667,206.086666666667,8.04566666666667
2020-12-08 20:00:00,23.1275,37.38375,205.0475,8.045
2020-12-09 00:00:00,21.33325,37.40175,209.505,8.071
2020-12-09 04:00:00,21.1752,37.4298,209.946,8.076
2020-12-09 08:00:00,20.60775,37.42125,213.375,8.08675
2020-12-09 12:00:00,22.41875,37.43975,202.7575,8.065
2020-12-09 16:00:00,22.9656666666667,37.391,210.756666666667,8.058
2020-12-09 20:00:00,23.1175,37.40875,203.4975,8.05775
2020-12-10 00:00:00,21.062,37.43375,213.3125,8.07866666666667
2020-12-10 04:00:00,21.0746,37.4382,208.56,8.07675
2020-12-10 08:00:00,20.45175,37.4425,215.3475,8.0885
2020-12-10 12:00:00,22.46225,37.34375,204.395,8.064
2020-12-10 16:00:00,22.91,37.399,207.206666666667,8.05166666666667
2020-12-10 20:00:00,23.11575,37.40075,202.7225,8.05275
2020-12-11 00:00:00,20.92,37.4365,211.38,8.07833333333333
2020-12-11 04:00:00,20.9634,37.43,211.088,8.08375
2020-12-11 08:00:00,20.3205,37.46125,216.5075,8.09666666666667
2020-12-11 12:00:00,22.34375,37.38525,200.925,8.06075
2020-12-11 16:00:00,22.8446666666667,37.4173333333333,204.503333333333,8.05
2020-12-11 20:00:00,22.791,37.3775,203.425,8.0475
2020-12-12 00:00:00,20.9415,37.417,212.86,8.08266666666667
2020-12-12 04:00:00,20.9348,37.4014,213.622,8.0855
2020-12-12 08:00:00,20.12525,37.46125,215.66,8.10166666666667
2020-12-12 12:00:00,22.2145,37.427,202.0025,8.0615
2020-12-12 16:00:00,23.0086666666667,37.392,204.923333333333,8.053
2020-12-12 20:00:00,22.519,37.3995,207.225,8.05625
2020-12-13 00:00:00,20.845,37.419,212.1225,8.079
2020-12-13 04:00:00,20.528,37.4064,213.884,8.08875
2020-12-13 08:00:00,19.9795,37.46675,215.6375,8.103
2020-12-13 12:00:00,22.28275,37.41175,208.2425,8.065
2020-12-13 16:00:00,22.8886666666667,37.403,201.366666666667,8.05533333333333
2020-12-13 20:00:00,22.51775,37.435,209.5475,8.0625
2020-12-14 00:00:00,20.8455,37.431,213.5225,8.08775
2020-12-14 04:00:00,20.3132,37.4312,216.896,8.08775
2020-12-14 08:00:00,19.815,37.4825,213.0875,8.10366666666667
2020-12-14 12:00:00,22.18225,37.42675,206.6575,8.06225
2020-12-14 16:00:00,22.9473333333333,37.31,204.973333333333,8.05633333333333
2020-12-14 20:00:00,22.487,37.44625,208.07,8.0625
2020-12-15 00:00:00,20.798,37.4225,209.1975,8.0775
2020-12-15 04:00:00,20.1902,37.4314,214.514,8.087
2020-12-15 08:00:00,19.7015,37.4735,215.6625,8.10433333333334
2020-12-15 12:00:00,22.132,37.445,209.8775,8.05966666666667
2020-12-15 16:00:00,22.818,37.3483333333333,200.246666666667,8.056
2020-12-15 20:00:00,22.41225,37.45325,201.375,8.048
2020-12-16 00:00:00,20.55525,37.4365,212.855,8.0785
2020-12-16 04:00:00,20.2164,37.418,215.826,8.0945
2020-12-16 08:00:00,19.6125,37.445,217.1975,8.108
2020-12-16 12:00:00,21.9945,37.44225,209.1,8.067
2020-12-16 16:00:00,22.6963333333333,37.394,201.19,8.05166666666667
2020-12-16 20:00:00,22.502,37.44575,204.195,8.06325
2020-12-17 00:00:00,20.3145,37.46525,215.3825,8.08825
2020-12-17 04:00:00,20.0716,37.424,215.082,8.09075
2020-12-17 08:00:00,19.39675,37.4535,215.6,8.10533333333333
2020-12-17 12:00:00,21.85375,37.44175,208.1125,8.068
2020-12-17 16:00:00,22.6976666666667,37.396,209.64,8.061
2020-12-17 20:00:00,22.447,37.425,204.2725,8.06325
2020-12-18 00:00:00,20.21375,37.477,216.4325,8.09
2020-12-18 04:00:00,20.1002,37.4334,215.538,8.0822
2020-12-18 08:00:00,19.324,37.47675,220.3225,8.104
2020-12-18 12:00:00,21.78125,37.44875,205.24,8.073
2020-12-18 16:00:00,22.5663333333333,37.4183333333333,207.703333333333,8.05833333333333
2020-12-18 20:00:00,22.4445,37.34675,202.74,8.05975
2020-12-19 00:00:00,20.26125,37.4665,215.16,8.09125
2020-12-19 04:00:00,20.043,37.4296,211.526,8.088
2020-12-19 08:00:00,19.26225,37.47025,217.2575,8.10766666666667
2020-12-19 12:00:00,21.687,37.43325,207.565,8.07466666666667
2020-12-19 16:00:00,22.5236666666667,37.4533333333333,209.193333333333,8.05866666666667
2020-12-19 20:00:00,22.32125,37.38425,199.5825,8.058
2020-12-20 00:00:00,20.22675,37.468,210.44,8.08675
2020-12-20 04:00:00,19.8494,37.4414,215.396,8.0854
2020-12-20 08:00:00,19.23725,37.441,217.35,8.10366666666667
2020-12-20 12:00:00,21.66675,37.401,208.3475,8.07166666666667
2020-12-20 16:00:00,22.317,37.4443333333333,210.186666666667,8.06766666666667
2020-12-20 20:00:00,22.22075,37.429,203.71,8.0605
2020-12-21 00:00:00,20.175,37.4575,209.1675,8.09225
2020-12-21 04:00:00,19.6568,37.4802,216.47,8.093
2020-12-21 08:00:00,19.13275,37.44975,220.4675,8.10666666666667
2020-12-21 12:00:00,21.2555,37.42275,207.2275,8.07366666666667
2020-12-21 16:00:00,22.1423333333333,37.4393333333333,209.98,8.06866666666667
2020-12-21 20:00:00,22.27625,37.4165,210.295,8.066
2020-12-22 00:00:00,20.169,37.45225,211.145,8.092
2020-12-22 04:00:00,19.602,37.4722,217.742,8.0932
2020-12-22 08:00:00,19.087,37.455,220.1275,8.10175
2020-12-22 12:00:00,21.0565,37.437,213.455,8.07933333333333
2020-12-22 16:00:00,22.095,37.4506666666667,207.686666666667,8.07133333333333
2020-12-22 20:00:00,22.15525,37.42675,206.2825,8.06275
2020-12-23 00:00:00,20.2515,37.372,212.185,8.0895
2020-12-23 04:00:00,19.6572,37.4594,216.506,8.0982
2020-12-23 08:00:00,19.0085,37.45,218.6025,8.09875
2020-12-23 12:00:00,20.89825,37.43825,210.92,8.075
2020-12-23 16:00:00,22.0263333333333,37.4273333333333,208.143333333333,8.07433333333333
2020-12-23 20:00:00,22.11725,37.4475,209.1525,8.063
2020-12-24 00:00:00,20.1005,37.381,207.0875,8.08375
2020-12-24 04:00:00,19.6116,37.4512,213.014,8.0962
2020-12-24 08:00:00,18.8405,37.459,219.7775,8.1045
2020-12-24 12:00:00,20.93025,37.412,211.9875,8.08
2020-12-24 16:00:00,21.9713333333333,37.3853333333333,210.783333333333,8.073
2020-12-24 20:00:00,21.98125,37.43675,208.4475,8.06066666666667
2020-12-25 00:00:00,19.985,37.425,213.2875,8.08675
2020-12-25 04:00:00,19.5462,37.4522,211.644,8.0958
2020-12-25 08:00:00,18.731,37.47625,218.3925,8.102
2020-12-25 12:00:00,20.84375,37.42075,213.3375,8.08033333333333
2020-12-25 16:00:00,21.401,37.4156666666667,210.816666666667,8.07333333333333
2020-12-25 20:00:00,21.883,37.44775,209.115,8.069
2020-12-26 00:00:00,19.9,37.427,218.53,8.0905
2020-12-26 04:00:00,19.5558,37.4408,214.31,8.0972
2020-12-26 08:00:00,18.87475,37.48675,220.255,8.1065
2020-12-26 12:00:00,20.83725,37.4295,213.595,8.076
2020-12-26 16:00:00,21.1523333333333,37.4333333333333,215.056666666667,8.07866666666667
2020-12-26 20:00:00,21.78675,37.451,206.1775,8.068
2020-12-27 00:00:00,19.777,37.43575,216.675,8.08875
2020-12-27 04:00:00,19.6158,37.377,213.626,8.0962
2020-12-27 08:00:00,18.953,37.4735,218.825,8.10525
2020-12-27 12:00:00,20.79275,37.42375,209.5525,8.08575
2020-12-27 16:00:00,20.9926666666667,37.431,213.093333333333,8.07633333333333
2020-12-27 20:00:00,21.6995,37.43325,207.9425,8.07
2020-12-28 00:00:00,19.6875,37.4605,218.5125,8.09866666666667
2020-12-28 04:00:00,19.502,37.3744,211.056,8.093
2020-12-28 08:00:00,18.87575,37.45825,218.155,8.10525
2020-12-28 12:00:00,20.55,37.437,215.1825,8.0865
2020-12-28 16:00:00,21.1016666666667,37.3956666666667,215.316666666667,8.07866666666667
2020-12-28 20:00:00,21.6295,37.4035,208.1875,8.07
2020-12-29 00:00:00,19.5025,37.467,218.4825,8.1
2020-12-29 04:00:00,19.3802,37.4144,216.11,8.0922
2020-12-29 08:00:00,18.748,37.427,220.1825,8.10925
2020-12-29 12:00:00,20.30575,37.479,214.7925,8.089
2020-12-29 16:00:00,20.9866666666667,37.3983333333333,212.206666666667,8.081
2020-12-29 20:00:00,21.19575,37.41575,211.695,8.07266666666667
2020-12-30 00:00:00,19.409,37.475,219.19,8.10266666666667
2020-12-30 04:00:00,19.239,37.419,222.494,8.0972
2020-12-30 08:00:00,18.75275,37.41975,216.865,8.103
2020-12-30 12:00:00,20.21225,37.47725,216.2225,8.09125
2020-12-30 16:00:00,20.9496666666667,37.4146666666667,214.21,8.08466666666667
2020-12-30 20:00:00,21.0395,37.43775,214.0975,8.07866666666667
2020-12-31 00:00:00,19.25825,37.49875,216.555,8.10433333333334
2020-12-31 04:00:00,19.1566,37.4264,218.458,8.0986
2020-12-31 08:00:00,18.76025,37.3525,218.1625,8.1065
2020-12-31 12:00:00,20.25175,37.465,215.8875,8.094
2020-12-31 16:00:00,20.8806666666667,37.407,208.456666666667,8.07833333333333
2020-12-31 20:00:00,20.89775,37.435,212.2675,8.07633333333333
2021-01-01 00:00:00,19.16925,37.47725,218.0575,8.11033333333333
2021-01-01 04:00:00,19.0136,37.4502,222.394,8.10225
2021-01-01 08:00:00,18.628,37.364,216.05,8.1005
2021-01-01 12:00:00,20.199,37.462,211.7725,8.09425
2021-01-01 16:00:00,20.6683333333333,37.4203333333333,213.566666666667,8.07866666666667
2021-01-01 20:00:00,20.9345,37.4155,213.375,8.07966666666667
2021-01-02 00:00:00,19.03275,37.454,218.9125,8.10166666666667
2021-01-02 04:00:00,18.8664,37.457,221.6,8.10325
2021-01-02 08:00:00,18.495,37.39925,220.8825,8.10425
2021-01-02 12:00:00,20.19775,37.44625,210.6025,8.09275
2021-01-02 16:00:00,20.463,37.5086666666667,214.536666666667,8.08833333333333
2021-01-02 20:00:00,20.8375,37.42175,212.7425,8.07933333333333
2021-01-03 00:00:00,18.8815,37.47125,219.7975,8.102
2021-01-03 04:00:00,18.7066,37.469,221.632,8.1105
2021-01-03 08:00:00,18.46,37.40175,223.98,8.1045
2021-01-03 12:00:00,20.17625,37.4495,211.155,8.09
2021-01-03 16:00:00,20.317,37.4756666666667,215.966666666667,8.08733333333333
2021-01-03 20:00:00,20.8375,37.432,212.95,8.08625
2021-01-04 00:00:00,18.8145,37.49475,221.3575,8.10566666666667
2021-01-04 04:00:00,18.5718,37.4834,219.022,8.10675
2021-01-04 08:00:00,18.33425,37.41375,222.0975,8.109
2021-01-04 12:00:00,20.22125,37.3715,211.3125,8.088
2021-01-04 16:00:00,20.3253333333333,37.4603333333333,215.233333333333,8.09133333333333
2021-01-04 20:00:00,20.757,37.423,210.375,8.08175
2021-01-05 00:00:00,18.70475,37.496,222.0975,8.11033333333333
2021-01-05 04:00:00,18.4576,37.4712,221.162,8.10825
2021-01-05 08:00:00,18.2125,37.4215,224.3425,8.11033333333333
2021-01-05 12:00:00,20.106,37.39025,210.1225,8.08675
2021-01-05 16:00:00,20.29,37.4773333333333,212.126666666667,8.089
2021-01-05 20:00:00,20.4935,37.43575,215.0175,8.0845
2021-01-06 00:00:00,18.697,37.4685,221.33,8.106
2021-01-06 04:00:00,18.3168,37.4484,221.808,8.1075
2021-01-06 08:00:00,18.125,37.41875,224.045,8.11466666666667
2021-01-06 12:00:00,19.99225,37.42025,212.05,8.0895
2021-01-06 16:00:00,20.3303333333333,37.4956666666667,208.46,8.08666666666667
2021-01-06 20:00:00,20.29075,37.464,214.4575,8.08775
2021-01-07 00:00:00,18.049,37.4586666666667,222.263333333333,8.10533333333333
2021-01-07 04:00:00,18.15,37.4694,222.722,8.11025
2021-01-07 08:00:00,17.92175,37.43425,223.3,8.11233333333333
2021-01-07 12:00:00,19.88875,37.4215,218.5925,8.09275
2021-01-07 16:00:00,20.377,37.4756666666667,212.96,8.091
2021-01-07 20:00:00,20.20025,37.47675,215.6325,8.0915
2021-01-08 00:00:00,18.539,37.45325,220.2025,8.1045
2021-01-08 04:00:00,18.1222,37.4958,224,8.1125
2021-01-08 08:00:00,17.73525,37.436,222.615,8.11866666666667
2021-01-08 12:00:00,19.80475,37.429,216.1,8.09075
2021-01-08 16:00:00,20.4856666666667,37.4506666666667,210.85,8.08666666666667
2021-01-08 20:00:00,20.21525,37.46625,216.2,8.09725
2021-01-09 00:00:00,18.3685,37.44825,220.415,8.09925
2021-01-09 04:00:00,17.9702,37.4914,224.184,8.1135
2021-01-09 08:00:00,17.58425,37.43625,225.2,8.11533333333333
2021-01-09 12:00:00,19.682,37.45975,217.29,8.098
2021-01-09 16:00:00,20.4133333333333,37.446,211.47,8.086
2021-01-09 20:00:00,20.1815,37.45375,212.8275,8.09175
2021-01-10 00:00:00,18.37125,37.45125,222.6675,8.106
2021-01-10 04:00:00,17.9246,37.4844,222.962,8.1095
2021-01-10 08:00:00,17.364,37.43825,226.1525,8.11233333333333
2021-01-10 12:00:00,19.521,37.4675,219.07,8.097
2021-01-10 16:00:00,20.2223333333333,37.436,210.886666666667,8.08666666666667
2021-01-10 20:00:00,20.18675,37.4435,210.6875,8.09275
2021-01-11 00:00:00,18.212,37.46775,222.925,8.10725
2021-01-11 04:00:00,17.9422,37.471,222.998,8.0968
2021-01-11 08:00:00,17.2585,37.45375,228.125,8.12033333333333
2021-01-11 12:00:00,19.361,37.472,217.8125,8.10566666666667
2021-01-11 16:00:00,20.0193333333333,37.4273333333333,220.276666666667,8.09
2021-01-11 20:00:00,20.2015,37.43625,211.965,8.09175
2021-01-12 00:00:00,18.256,37.4955,223.1175,8.11025
2021-01-12 04:00:00,17.7674,37.4484,221.362,8.1042
2021-01-12 08:00:00,17.15575,37.4675,227.385,8.12033333333333
2021-01-12 12:00:00,19.237,37.4925,215.625,8.10233333333333
2021-01-12 16:00:00,19.9843333333333,37.438,216.406666666667,8.08933333333333
2021-01-12 20:00:00,20.256,37.39425,212.6925,8.08875
2021-01-13 00:00:00,18.331,37.482,222.5875,8.112
2021-01-13 04:00:00,17.658,37.4548,222.196,8.1034
2021-01-13 08:00:00,17.03075,37.47725,229.27,8.12366666666667
2021-01-13 12:00:00,19.13275,37.47775,219.3475,8.106
2021-01-13 16:00:00,19.8973333333333,37.4703333333333,218.153333333333,8.096
2021-01-13 20:00:00,20.12375,37.41525,212.8875,8.0905
2021-01-14 00:00:00,18.24975,37.45025,222.7925,8.108
2021-01-14 04:00:00,17.7304,37.4418,226.406,8.1098
2021-01-14 08:00:00,16.929,37.505,226.545,8.12166666666667
2021-01-14 12:00:00,19.01125,37.449,219.3925,8.10533333333333
2021-01-14 16:00:00,19.753,37.4896666666667,218.45,8.0935
2021-01-14 20:00:00,20.004,37.4205,211.1175,8.09025
2021-01-15 00:00:00,18.187,37.42825,221.0225,8.1055
2021-01-15 04:00:00,17.5322,37.467,225.33,8.1084
2021-01-15 08:00:00,16.93875,37.474,226.85,8.1095
2021-01-15 12:00:00,18.8745,37.47175,220.3,8.105
2021-01-15 16:00:00,19.61,37.5013333333333,217.31,8.1005
2021-01-15 20:00:00,19.8625,37.42125,218.76,8.09575
2021-01-16 00:00:00,18.191,37.40225,220.755,8.105
2021-01-16 04:00:00,17.5264,37.4948,225.976,8.1124
2021-01-16 08:00:00,16.82175,37.457,224.005,8.11175
2021-01-16 12:00:00,18.82975,37.495,221.3275,8.10266666666667
2021-01-16 16:00:00,19.5566666666667,37.52,214.47,8.1015
2021-01-16 20:00:00,19.7705,37.428,216.0475,8.0935
2021-01-17 00:00:00,18.254,37.386,221.2275,8.10575
2021-01-17 04:00:00,17.6182,37.4684,224.484,8.1144
2021-01-17 08:00:00,16.856,37.4655,224.395,8.11175
2021-01-17 12:00:00,18.72825,37.4895,221.9375,8.103
2021-01-17 16:00:00,19.4986666666667,37.4966666666667,218.156666666667,8.1005
2021-01-17 20:00:00,19.658,37.466,219.595,8.103
2021-01-18 00:00:00,18.09225,37.40925,221.9575,8.105
2021-01-18 04:00:00,17.5284,37.4466,225.282,8.112
2021-01-18 08:00:00,16.87925,37.444,228.69,8.113
2021-01-18 12:00:00,18.6775,37.46975,221.2675,8.10233333333333
2021-01-18 16:00:00,19.3863333333333,37.459,215.95,8.1
2021-01-18 20:00:00,19.4965,37.4665,219.52,8.09566666666667
2021-01-19 00:00:00,18.08875,37.39925,223.9325,8.11125
2021-01-19 04:00:00,17.5166,37.419,224.566,8.1122
2021-01-19 08:00:00,16.69575,37.46575,227.76,8.11325
2021-01-19 12:00:00,18.64325,37.4635,221.045,8.1
2021-01-19 16:00:00,19.3046666666667,37.4923333333333,216.716666666667,8.1015
2021-01-19 20:00:00,19.31775,37.47425,218.185,8.10766666666667
2021-01-20 00:00:00,18.00475,37.38375,226.5525,8.1095
2021-01-20 04:00:00,17.5322,37.3964,224.352,8.113
2021-01-20 08:00:00,16.63525,37.47425,228.9475,8.116
2021-01-20 12:00:00,18.53775,37.44975,219.2175,8.09925
2021-01-20 16:00:00,19.3316666666667,37.5213333333333,217.963333333333,8.0985
2021-01-20 20:00:00,19.22325,37.491,216.8375,8.10366666666667
2021-01-21 00:00:00,17.926,37.3885,224.8525,8.109
2021-01-21 04:00:00,17.5766,37.3888,224.652,8.1134
2021-01-21 08:00:00,16.71375,37.448,230.6475,8.12575
2021-01-21 12:00:00,18.3175,37.44925,219.2275,8.099
2021-01-21 16:00:00,19.1816666666667,37.5106666666667,219.543333333333,8.1005
2021-01-21 20:00:00,19.0945,37.48,220.1425,8.10433333333334
2021-01-22 00:00:00,17.924,37.40925,227.1525,8.119
2021-01-22 04:00:00,17.4454,37.4044,224.46,8.1106
2021-01-22 08:00:00,16.625,37.42175,229.3375,8.11875
2021-01-22 12:00:00,18.33975,37.45025,222.335,8.105
2021-01-22 16:00:00,19.12,37.482,219.67,8.0965
2021-01-22 20:00:00,18.9905,37.44975,219.185,8.108
2021-01-23 00:00:00,17.7345,37.44125,228.0775,8.10733333333333
2021-01-23 04:00:00,17.4322,37.3982,226.94,8.1174
2021-01-23 08:00:00,16.62275,37.38075,227.8975,8.115
2021-01-23 12:00:00,18.192,37.47175,222.005,8.10425
2021-01-23 16:00:00,19.1956666666667,37.4703333333333,218.796666666667,8.091
2021-01-23 20:00:00,18.87325,37.47525,220.2675,8.10833333333333
2021-01-24 00:00:00,17.55,37.4505,227.895,8.11966666666667
2021-01-24 04:00:00,17.3492,37.3654,229.13,8.1164
2021-01-24 08:00:00,16.6535,37.38225,228.4225,8.115
2021-01-24 12:00:00,18.24825,37.496,223.3175,8.10825
2021-01-24 16:00:00,18.9813333333333,37.4483333333333,218.586666666667,8.09533333333333
2021-01-24 20:00:00,18.79825,37.49625,221.1775,8.104
2021-01-25 00:00:00,17.3685,37.465,226.26,8.11466666666667
2021-01-25 04:00:00,17.3082,37.3796,226.99,8.1162
2021-01-25 08:00:00,16.661,37.3465,228.7775,8.116
2021-01-25 12:00:00,18.32475,37.4785,222.985,8.11175
2021-01-25 16:00:00,18.7486666666667,37.452,220.563333333333,8.09633333333333
2021-01-25 20:00:00,18.715,37.49025,220.83,8.10566666666667
2021-01-26 00:00:00,17.23425,37.476,229.08,8.11666666666667
2021-01-26 04:00:00,17.2998,37.4326,228.63,8.115
2021-01-26 08:00:00,16.59925,37.35675,229.3225,8.116
2021-01-26 12:00:00,18.2325,37.45125,221.19,8.1095
2021-01-26 16:00:00,18.7476666666667,37.4503333333333,224.103333333333,8.101
2021-01-26 20:00:00,18.67225,37.47075,221.99,8.10666666666667
2021-01-27 00:00:00,17.1345,37.51175,227.13,8.118
2021-01-27 04:00:00,17.077,37.4582,232.038,8.11025
2021-01-27 08:00:00,16.57,37.383,232.2,8.1215
2021-01-27 12:00:00,18.18425,37.4185,221.7475,8.10825
2021-01-27 16:00:00,18.5806666666667,37.474,223.433333333333,8.09966666666667
2021-01-27 20:00:00,18.649,37.463,221.1025,8.09375
2021-01-28 00:00:00,17.062,37.51525,229.17,8.11633333333333
2021-01-28 04:00:00,16.9318,37.4728,230.65,8.11975
2021-01-28 08:00:00,16.45675,37.35525,233.905,8.1195
2021-01-28 12:00:00,18.1785,37.4025,221.14,8.10675
2021-01-28 16:00:00,18.6183333333333,37.509,223.3,8.102
2021-01-28 20:00:00,18.52925,37.44925,220.15,8.10175
2021-01-29 00:00:00,16.96575,37.5265,227.0525,8.11566666666667
2021-01-29 04:00:00,16.7644,37.4918,228.692,8.1165
2021-01-29 08:00:00,16.4405,37.36775,233.185,8.123
2021-01-29 12:00:00,18.18575,37.37275,221.25,8.10725
2021-01-29 16:00:00,18.687,37.4933333333333,223.036666666667,8.10233333333333
2021-01-29 20:00:00,18.314,37.45375,220.3375,8.09875
2021-01-30 00:00:00,16.933,37.517,228.18,8.12033333333333
2021-01-30 04:00:00,16.6752,37.5098,229.786,8.114
2021-01-30 08:00:00,16.29175,37.4245,234.2225,8.11275
2021-01-30 12:00:00,18.0685,37.41175,220.6475,8.104
2021-01-30 16:00:00,18.563,37.4683333333333,221.16,8.10366666666667
2021-01-30 20:00:00,18.288,37.45,222.7625,8.1035
2021-01-31 00:00:00,16.80175,37.54925,229.8675,8.118
2021-01-31 04:00:00,16.5886,37.5518,228.532,8.1195
2021-01-31 08:00:00,16.04675,37.46525,235.715,8.11375
2021-01-31 12:00:00,18.09125,37.398,223.4375,8.11075
2021-01-31 16:00:00,18.5676666666667,37.4133333333333,222.716666666667,8.10466666666667
2021-01-31 20:00:00,18.1725,37.47525,222.8225,8.1055
2021-02-01 00:00:00,16.81625,37.54275,229.5975,8.108
2021-02-01 04:00:00,16.564,37.5478,229.432,8.11575
2021-02-01 08:00:00,15.8565,37.48475,235.37,8.1115
2021-02-01 12:00:00,18.02475,37.381,226.7275,8.109
2021-02-01 16:00:00,18.5543333333333,37.399,219.553333333333,8.09766666666667
2021-02-01 20:00:00,18.25475,37.492,223.5125,8.109
2021-02-02 00:00:00,16.77175,37.537,227.8525,8.10925
2021-02-02 04:00:00,16.4912,37.5554,228.396,8.114
2021-02-02 08:00:00,15.74125,37.502,235.94,8.117
2021-02-02 12:00:00,17.92075,37.389,224.5575,8.1105
2021-02-02 16:00:00,18.492,37.3503333333333,219.71,8.09866666666667
2021-02-02 20:00:00,18.31475,37.479,221.0975,8.10625
2021-02-03 00:00:00,16.678,37.551,227.5425,8.1065
2021-02-03 04:00:00,16.4348,37.5616,229.35,8.11875
2021-02-03 08:00:00,15.66425,37.536,237.1675,8.11875
2021-02-03 12:00:00,17.89475,37.4015,228.905,8.11633333333334
2021-02-03 16:00:00,18.3876666666667,37.4356666666667,220.823333333333,8.09966666666667
2021-02-03 20:00:00,18.2215,37.44875,221.0625,8.1075
2021-02-04 00:00:00,16.682,37.54175,231.77,8.11325
2021-02-04 04:00:00,16.2912,37.5924,233.534,8.119
2021-02-04 08:00:00,15.5705,37.575,235.445,8.116
2021-02-04 12:00:00,17.6855,37.44175,229.035,8.108
2021-02-04 16:00:00,18.44,37.4086666666667,222.29,8.108
2021-02-04 20:00:00,18.14275,37.415,221.63,8.104
2021-02-05 00:00:00,16.57125,37.563,227.885,8.1105
2021-02-05 04:00:00,16.326,37.588,232.58,8.1134
2021-02-05 08:00:00,15.551,37.5575,235.3375,8.11475
2021-02-05 12:00:00,17.5155,37.454,227.0075,8.11266666666667
2021-02-05 16:00:00,18.49,37.3813333333333,221.483333333333,8.10033333333333
2021-02-05 20:00:00,18.19925,37.4065,221.01,8.10625
2021-02-06 00:00:00,16.58325,37.564,228.9075,8.11175
2021-02-06 04:00:00,16.2854,37.5848,230.798,8.116
2021-02-06 08:00:00,15.3895,37.60325,231.8575,8.1105
2021-02-06 12:00:00,17.337,37.467,226.6775,8.118
2021-02-06 16:00:00,18.3143333333333,37.3866666666667,224.083333333333,8.10333333333333
2021-02-06 20:00:00,18.16375,37.3655,218.8125,8.10675
2021-02-07 00:00:00,16.66575,37.53525,228.7825,8.1135
2021-02-07 04:00:00,16.2398,37.5976,230.056,8.1092
2021-02-07 08:00:00,15.38225,37.58725,234.955,8.119
2021-02-07 12:00:00,17.2555,37.475,228.4725,8.11566666666667
2021-02-07 16:00:00,18.3903333333333,37.4036666666667,225.666666666667,8.1115
2021-02-07 20:00:00,18.07175,37.416,221.915,8.10575
2021-02-08 00:00:00,16.521,37.50225,229.75,8.11475
2021-02-08 04:00:00,16.2488,37.5982,233.128,8.1176
2021-02-08 08:00:00,15.243,37.61775,236.7375,8.1175
2021-02-08 12:00:00,17.11925,37.51075,226.7275,8.11333333333333
2021-02-08 16:00:00,18.1696666666667,37.45,227.02,8.105
2021-02-08 20:00:00,18.0845,37.39525,224.745,8.11
2021-02-09 00:00:00,16.466,37.4875,229.535,8.11
2021-02-09 04:00:00,16.1606,37.614,229.27,8.1164
2021-02-09 08:00:00,15.317,37.614,236.94,8.11725
2021-02-09 12:00:00,17.01825,37.51275,228.305,8.11766666666667
2021-02-09 16:00:00,18.01,37.463,225.773333333333,8.109
2021-02-09 20:00:00,17.99875,37.38275,226.55,8.10975
2021-02-10 00:00:00,16.518,37.4935,229.6625,8.1145
2021-02-10 04:00:00,16.1818,37.6184,229.02,8.1132
2021-02-10 08:00:00,15.2385,37.61125,238.375,8.1245
2021-02-10 12:00:00,16.953,37.53375,225.185,8.114
2021-02-10 16:00:00,17.825,37.479,225.263333333333,8.1105
2021-02-10 20:00:00,17.882,37.3885,225.0125,8.109
2021-02-11 00:00:00,16.4865,37.4635,228.545,8.113
2021-02-11 04:00:00,16.2212,37.5878,230.75,8.1168
2021-02-11 08:00:00,15.24475,37.6325,237.2775,8.123
2021-02-11 12:00:00,16.89425,37.52325,227.4675,8.11933333333333
2021-02-11 16:00:00,17.7613333333333,37.4846666666667,226.5,8.112
2021-02-11 20:00:00,17.8845,37.40225,228.2075,8.11
2021-02-12 00:00:00,16.488,37.4855,229.69,8.11125
2021-02-12 04:00:00,16.0752,37.5644,232.03,8.1172
2021-02-12 08:00:00,15.335,37.6275,237.8975,8.11625
2021-02-12 12:00:00,16.7595,37.552,229.575,8.11733333333333
2021-02-12 16:00:00,17.6883333333333,37.531,223.106666666667,8.111
2021-02-12 20:00:00,17.6735,37.44375,227.8175,8.109
2021-02-13 00:00:00,16.432,37.502,230.06,8.119
2021-02-13 04:00:00,16.0232,37.5554,233.44,8.1174
2021-02-13 08:00:00,15.21125,37.6525,231.9375,8.1155
2021-02-13 12:00:00,16.8135,37.5425,229.6375,8.107
2021-02-13 16:00:00,17.6346666666667,37.5206666666667,226.32,8.1145
2021-02-13 20:00:00,17.5135,37.46325,227.6975,8.11533333333333
2021-02-14 00:00:00,16.34825,37.48775,233.0775,8.11766666666667
2021-02-14 04:00:00,16.0786,37.562,231.64,8.1126
2021-02-14 08:00:00,15.32275,37.63225,233.255,8.119
2021-02-14 12:00:00,16.73875,37.539,228.96,8.1025
2021-02-14 16:00:00,17.5656666666667,37.517,224.79,8.1115
2021-02-14 20:00:00,17.314,37.4705,225.9375,8.11333333333333
2021-02-15 00:00:00,16.23875,37.49075,229.68,8.119
2021-02-15 04:00:00,16.0284,37.5452,231.284,8.1176
2021-02-15 08:00:00,15.265,37.6125,234.025,8.12125
2021-02-15 12:00:00,16.66975,37.54925,228.0425,8.1085
2021-02-15 16:00:00,17.5443333333333,37.528,226.55,8.1195
2021-02-15 20:00:00,17.23575,37.47775,227.0925,8.11333333333333
2021-02-16 00:00:00,16.21,37.506,229.755,8.11166666666667
2021-02-16 04:00:00,16.061,37.563,231.122,8.1114
2021-02-16 08:00:00,15.1425,37.61775,235.7325,8.1195
2021-02-16 12:00:00,16.679,37.54325,231.565,8.11375
2021-02-16 16:00:00,17.3676666666667,37.5546666666667,228.773333333333,8.111
2021-02-16 20:00:00,17.103,37.50525,226.0225,8.11666666666667
2021-02-17 00:00:00,16.01875,37.501,229.8325,8.11233333333333
2021-02-17 04:00:00,16.0198,37.5738,230.45,8.1158
2021-02-17 08:00:00,15.11325,37.62125,237.075,8.1195
2021-02-17 12:00:00,16.55625,37.5595,228.625,8.1155
2021-02-17 16:00:00,17.3676666666667,37.5613333333333,229.113333333333,8.10233333333333
2021-02-17 20:00:00,17.02025,37.50725,228.22,8.117
2021-02-18 00:00:00,15.944,37.4995,229.4475,8.11666666666667
2021-02-18 04:00:00,16.0334,37.528,231.864,8.115
2021-02-18 08:00:00,15.1905,37.61675,237.5375,8.1175
2021-02-18 12:00:00,16.61175,37.55775,229.4225,8.1165
2021-02-18 16:00:00,17.384,37.5663333333333,229.226666666667,8.10766666666667
2021-02-18 20:00:00,16.98975,37.5165,226.835,8.11333333333334
2021-02-19 00:00:00,15.83525,37.47025,234.0225,8.11466666666667
2021-02-19 04:00:00,15.8424,37.561,229.058,8.11966666666667
2021-02-19 08:00:00,15.25825,37.62775,235.555,8.118
2021-02-19 12:00:00,16.6425,37.53275,227.7825,8.114
2021-02-19 16:00:00,17.289,37.571,227.96,8.105
2021-02-19 20:00:00,16.9085,37.525,227.29,8.124
2021-02-20 00:00:00,15.85025,37.46325,237.1125,8.11166666666667
2021-02-20 04:00:00,15.8388,37.5698,227.682,8.111
2021-02-20 08:00:00,15.211,37.624,233.4825,8.11725
2021-02-20 12:00:00,16.509,37.50375,229.9375,8.1165
2021-02-20 16:00:00,17.1963333333333,37.586,229.223333333333,8.11
2021-02-20 20:00:00,16.74575,37.555,228.8175,8.11866666666667
2021-02-21 00:00:00,15.65825,37.514,234.74,8.11733333333333
2021-02-21 04:00:00,15.7342,37.5346,227.518,8.11033333333334
2021-02-21 08:00:00,15.16925,37.6235,237.1525,8.1235
2021-02-21 12:00:00,16.48375,37.495,228.915,8.11225
2021-02-21 16:00:00,17.141,37.5953333333333,226.4,8.10766666666667
2021-02-21 20:00:00,16.803,37.543,229.585,8.10875
2021-02-22 00:00:00,15.58925,37.52175,235.2625,8.11966666666667
2021-02-22 04:00:00,15.7086,37.4896,227.43,8.112
2021-02-22 08:00:00,15.11825,37.58325,237.2675,8.131
2021-02-22 12:00:00,16.513,37.491,228.4625,8.11325
2021-02-22 16:00:00,17.288,37.5806666666667,226.36,8.10733333333333
2021-02-22 20:00:00,16.69975,37.53775,228.0525,8.10975
2021-02-23 00:00:00,15.57775,37.4755,235.8025,8.11766666666667
2021-02-23 04:00:00,15.6446,37.4604,234.332,8.11633333333333
2021-02-23 08:00:00,15.055,37.5815,231.6225,8.13
2021-02-23 12:00:00,16.4825,37.46225,228.9425,8.11375
2021-02-23 16:00:00,17.294,37.565,226.48,8.10866666666667
2021-02-23 20:00:00,16.697,37.5485,228.6875,8.10925
2021-02-24 00:00:00,15.5405,37.48175,237.6775,8.123
2021-02-24 04:00:00,15.6588,37.4762,236.692,8.11
2021-02-24 08:00:00,15.08525,37.599,228.1825,8.118
2021-02-24 12:00:00,16.4585,37.48425,230.88,8.116
2021-02-24 16:00:00,17.1113333333333,37.5233333333333,227.986666666667,8.112
2021-02-24 20:00:00,16.68175,37.543,232.3825,8.11275
2021-02-25 00:00:00,15.37325,37.517,236.4875,8.11933333333333
2021-02-25 04:00:00,15.5082,37.5138,234.482,8.11333333333333
2021-02-25 08:00:00,15.0665,37.54375,229.9375,8.1225
2021-02-25 12:00:00,16.4065,37.5005,231.065,8.11675
2021-02-25 16:00:00,17.036,37.525,226.4,8.10833333333333
2021-02-25 20:00:00,16.56575,37.56175,227.905,8.107
2021-02-26 00:00:00,15.406,37.51025,237.265,8.115
2021-02-26 04:00:00,15.4652,37.4858,237.018,8.117
2021-02-26 08:00:00,15.051,37.4945,235.2225,8.1175
2021-02-26 12:00:00,16.41325,37.455,231.41,8.11575
2021-02-26 16:00:00,17.0743333333333,37.5316666666667,225.61,8.10466666666667
2021-02-26 20:00:00,16.64525,37.564,227.1875,8.1105
2021-02-27 00:00:00,15.3135,37.5315,236.68,8.11366666666667
2021-02-27 04:00:00,15.461,37.4334,236.098,8.11933333333333
2021-02-27 08:00:00,15.05925,37.45575,240.0275,8.116
2021-02-27 12:00:00,16.2125,37.49775,229.335,8.12666666666667
2021-02-27 16:00:00,16.966,37.4846666666667,226.46,8.106
2021-02-27 20:00:00,16.67,37.5295,228.69,8.11475
2021-02-28 00:00:00,15.38425,37.54125,234.63,8.12066666666667
2021-02-28 04:00:00,15.427,37.4448,238.146,8.12433333333333
2021-02-28 08:00:00,15.03625,37.47375,239.82,8.115
2021-02-28 12:00:00,16.1405,37.54,226.87,8.109
2021-02-28 16:00:00,16.9723333333333,37.52,229.44,8.111
2021-02-28 20:00:00,17.093,37.5243333333333,227.606666666667,8.112
2021-03-01 00:00:00,15.40325,37.56675,236.415,8.119
2021-03-01 04:00:00,15.2846,37.483,236.136,8.11733333333333
2021-03-01 08:00:00,14.9795,37.52775,240.99,8.1205
2021-03-01 12:00:00,15.99475,37.501,230.19,8.11433333333333
2021-03-01 16:00:00,16.898,37.5356666666667,227.54,8.109
2021-03-01 20:00:00,16.50775,37.50475,229.9925,8.10975
2021-03-02 00:00:00,15.28725,37.59925,232.1525,8.115
2021-03-02 04:00:00,15.2972,37.4796,237.79,8.116
2021-03-02 08:00:00,14.987,37.50175,240.4975,8.12
2021-03-02 12:00:00,15.91625,37.481,229.0225,8.119
2021-03-02 16:00:00,16.957,37.5006666666667,228.726666666667,8.115
2021-03-02 20:00:00,16.52575,37.49425,228.3325,8.11275
2021-03-03 00:00:00,15.41675,37.54425,232.235,8.11866666666667
2021-03-03 04:00:00,15.2074,37.5046,236.1,8.11666666666667
2021-03-03 08:00:00,15.00075,37.43275,241.845,8.1235
2021-03-03 12:00:00,15.8125,37.47175,233.925,8.11933333333334
2021-03-03 16:00:00,16.6663333333333,37.5543333333333,227.44,8.122
2021-03-03 20:00:00,16.47275,37.46675,228.8,8.11
2021-03-04 00:00:00,15.43025,37.50125,234.73,8.12666666666667
2021-03-04 04:00:00,15.2884,37.5268,234.446,8.12
2021-03-04 08:00:00,14.94625,37.459,240.53,8.1335
2021-03-04 12:00:00,15.81375,37.45925,234.835,8.114
2021-03-04 16:00:00,16.5143333333333,37.5293333333333,225.226666666667,8.108
2021-03-04 20:00:00,16.4575,37.49025,230.82,8.1175
2021-03-05 00:00:00,15.29525,37.49475,238.4825,8.12633333333333
2021-03-05 04:00:00,15.2516,37.6014,235.828,8.119
2021-03-05 08:00:00,14.8355,37.49675,240.7725,8.1245
2021-03-05 12:00:00,15.66325,37.51575,233.675,8.116
2021-03-05 16:00:00,16.5043333333333,37.4916666666667,225.943333333333,8.1185
2021-03-05 20:00:00,16.3645,37.49825,229.7575,8.12
2021-03-06 00:00:00,15.297,37.49375,243.4825,8.12466666666667
2021-03-06 04:00:00,15.211,37.5762,233.398,8.11533333333333
2021-03-06 08:00:00,14.84825,37.49925,238.665,8.113
2021-03-06 12:00:00,15.58725,37.518,235.865,8.119
2021-03-06 16:00:00,16.3736666666667,37.452,224.13,8.1185
2021-03-06 20:00:00,16.3835,37.44875,231.0725,8.12233333333333
2021-03-07 00:00:00,15.377,37.4975,236.57,8.119
2021-03-07 04:00:00,15.3242,37.5074,234.892,8.12266666666667
2021-03-07 08:00:00,14.75425,37.52375,238.9825,8.1155
2021-03-07 12:00:00,15.56175,37.46775,235.5675,8.12033333333333
2021-03-07 16:00:00,16.3053333333333,37.43,231.626666666667,8.118
2021-03-07 20:00:00,16.197,37.50175,229.3725,8.12733333333333
2021-03-08 00:00:00,15.4015,37.4795,235.5425,8.12066666666667
2021-03-08 04:00:00,15.3408,37.4662,235.88,8.12666666666667
2021-03-08 08:00:00,14.88825,37.5585,237.7,8.117
2021-03-08 12:00:00,15.52925,37.482,236.8175,8.12566666666667
2021-03-08 16:00:00,16.265,37.4076666666667,237.04,8.1175
2021-03-08 20:00:00,16.12925,37.50375,226.7075,8.11166666666667
2021-03-09 00:00:00,15.405,37.456,236.7375,8.12333333333333
2021-03-09 04:00:00,15.2426,37.4528,237.616,8.12666666666667
2021-03-09 08:00:00,14.807,37.63475,239.3625,8.1185
2021-03-09 12:00:00,15.34525,37.5195,236.0075,8.12
2021-03-09 16:00:00,16.0673333333333,37.453,232.843333333333,8.1185
2021-03-09 20:00:00,16.00275,37.49975,231.3775,8.12166666666667
2021-03-10 00:00:00,15.261,37.48225,240.4375,8.129
2021-03-10 04:00:00,15.2304,37.4584,242.618,8.125
2021-03-10 08:00:00,14.78775,37.57825,236.18,8.122
2021-03-10 12:00:00,15.36125,37.51025,235.95,8.11766666666667
2021-03-10 16:00:00,15.9393333333333,37.4436666666667,236.573333333333,8.1275
2021-03-10 20:00:00,15.91875,37.47775,228.645,8.122
2021-03-11 00:00:00,15.36375,37.40675,239.47,8.136
2021-03-11 04:00:00,15.3156,37.4644,237.182,8.122
2021-03-11 08:00:00,14.8275,37.52975,239.9075,8.1235
2021-03-11 12:00:00,15.27325,37.5275,235.605,8.119
2021-03-11 16:00:00,15.8623333333333,37.407,236.003333333333,8.1215
2021-03-11 20:00:00,15.82075,37.47125,233.975,8.123
2021-03-12 00:00:00,15.2425,37.4615,237.42,8.139
2021-03-12 04:00:00,15.3142,37.426,235.732,8.12366666666667
2021-03-12 08:00:00,14.8805,37.47475,241.86,8.1315
2021-03-12 12:00:00,15.426,37.5475,233.045,8.11966666666667
2021-03-12 16:00:00,15.833,37.412,235.52,8.129
2021-03-12 20:00:00,15.7875,37.47575,237.1375,8.11933333333333
2021-03-13 00:00:00,15.312,37.453,235.6975,8.121
2021-03-13 04:00:00,15.3108,37.4048,237.422,8.124
2021-03-13 08:00:00,14.7845,37.463,243.335,8.1315
2021-03-13 12:00:00,15.35875,37.6045,235.0175,8.12433333333333
2021-03-13 16:00:00,15.7033333333333,37.4443333333333,233.863333333333,8.123
2021-03-13 20:00:00,15.64775,37.521,233.5075,8.11933333333333
2021-03-14 00:00:00,15.12475,37.4685,238.7425,8.1325
2021-03-14 04:00:00,15.1868,37.4458,240.638,8.12833333333333
2021-03-14 08:00:00,14.8065,37.472,245.22,8.128
2021-03-14 12:00:00,15.311,37.59725,232.965,8.12633333333333
2021-03-14 16:00:00,15.6966666666667,37.4246666666667,232.756666666667,8.1235
2021-03-14 20:00:00,15.59825,37.49525,236.21,8.12066666666667
2021-03-15 00:00:00,15.19275,37.4345,233.9875,8.13
2021-03-15 04:00:00,15.328,37.378,241.628,8.1355
2021-03-15 08:00:00,14.8475,37.46975,240.02,8.12
2021-03-15 12:00:00,15.406,37.54525,234.985,8.128
2021-03-15 16:00:00,15.573,37.4366666666667,235.18,8.1235
2021-03-15 20:00:00,15.55325,37.4695,236.4,8.123
2021-03-16 00:00:00,15.164,37.43675,238.81,8.12766666666667
2021-03-16 04:00:00,15.2454,37.423,239.726,8.138
2021-03-16 08:00:00,14.86,37.443,242.1025,8.1235
2021-03-16 12:00:00,15.4105,37.50175,237.0325,8.13
2021-03-16 16:00:00,15.7323333333333,37.4673333333333,232.36,8.121
2021-03-16 20:00:00,15.51875,37.48175,236.25,8.126
2021-03-17 00:00:00,15.2195,37.45225,240.315,8.12666666666667
2021-03-17 04:00:00,15.3124,37.4088,236.712,8.125
2021-03-17 08:00:00,14.89275,37.44725,241.1825,8.1325
2021-03-17 12:00:00,15.29625,37.4905,237.455,8.13033333333333
2021-03-17 16:00:00,15.636,37.5483333333333,232.866666666667,8.122
2021-03-17 20:00:00,15.3535,37.52275,236.8725,8.12
2021-03-18 00:00:00,15.0915,37.49575,238.44,8.124
2021-03-18 04:00:00,15.1582,37.4256,242.018,8.1335
2021-03-18 08:00:00,14.90575,37.453,244.0875,8.144
2021-03-18 12:00:00,15.27175,37.4965,241.6125,8.127
2021-03-18 16:00:00,15.552,37.5236666666667,233.806666666667,8.128
2021-03-18 20:00:00,15.35725,37.51,235.9,8.12233333333333
2021-03-19 00:00:00,15.0135,37.49025,240.9,8.12566666666667
2021-03-19 04:00:00,15.202,37.409,235.036,8.13766666666667
2021-03-19 08:00:00,15.03375,37.376,246.0625,8.147
2021-03-19 12:00:00,15.4045,37.50025,236.8225,8.129
2021-03-19 16:00:00,15.7086666666667,37.4393333333333,236.203333333333,8.1395
2021-03-19 20:00:00,15.283,37.52025,236.3625,8.123
2021-03-20 00:00:00,14.85175,37.47225,239.57,8.15333333333333
2021-03-20 04:00:00,15.2056,37.4038,238.194,8.13025
2021-03-20 08:00:00,14.94625,37.42775,241.9775,8.155
2021-03-20 12:00:00,15.37925,37.47675,235.655,8.12966666666667
2021-03-20 16:00:00,15.696,37.3946666666667,237.54,8.1385
2021-03-20 20:00:00,15.42125,37.545,234.59,8.12233333333333
2021-03-21 00:00:00,14.73775,37.488,241.5625,8.13033333333333
2021-03-21 04:00:00,15.2418,37.435,237.686,8.126
2021-03-21 08:00:00,15.02075,37.421,242.655,8.134
2021-03-21 12:00:00,15.44725,37.46775,235.025,8.128
2021-03-21 16:00:00,15.627,37.3886666666667,237.033333333333,8.139
2021-03-21 20:00:00,15.3455,37.62025,231.6525,8.12266666666667
2021-03-22 00:00:00,14.7,37.5085,239.935,8.12766666666667
2021-03-22 04:00:00,15.136,37.4632,237.044,8.12025
2021-03-22 08:00:00,14.972,37.4155,243.5375,8.141
2021-03-22 12:00:00,15.25275,37.484,238.9975,8.12433333333333
2021-03-22 16:00:00,15.589,37.386,241.366666666667,8.1335
2021-03-22 20:00:00,15.299,37.607,232.8275,8.12833333333333
2021-03-23 00:00:00,14.78,37.486,241.485,8.13266666666667
2021-03-23 04:00:00,14.9988,37.4726,239.386,8.122
2021-03-23 08:00:00,15.1105,37.38275,238.2125,8.16633333333333
2021-03-23 12:00:00,15.36425,37.417,240.1975,8.133
2021-03-23 16:00:00,15.769,37.387,236.93,8.1335
2021-03-23 20:00:00,15.3995,37.53775,234.69,8.12766666666667
2021-03-24 00:00:00,14.75275,37.486,243.76,8.137
2021-03-24 04:00:00,14.7942,37.4656,238.578,8.16075
2021-03-24 08:00:00,15.15275,37.395,242.68,8.13133333333333
2021-03-24 12:00:00,15.2235,37.46175,239.26,8.1455
2021-03-24 16:00:00,15.7793333333333,37.349,233.523333333333,8.1335
2021-03-24 20:00:00,15.39725,37.49475,239.3225,8.13566666666667
2021-03-25 00:00:00,14.85975,37.53675,239.265,8.12833333333333
2021-03-25 04:00:00,14.6352,37.4836,240.53,8.13125
2021-03-25 08:00:00,15.1405,37.44075,241.545,8.128
2021-03-25 12:00:00,15.23225,37.4665,235.58,8.118
2021-03-25 16:00:00,15.7873333333333,37.3253333333333,236.64,8.137
2021-03-25 20:00:00,15.29875,37.4915,238.555,8.132
2021-03-26 00:00:00,14.874,37.60425,235.54,8.13133333333333
2021-03-26 04:00:00,14.6696,37.4804,240.34,8.12475
2021-03-26 08:00:00,15.03375,37.49425,240.615,8.12166666666667
2021-03-26 12:00:00,15.13575,37.4685,239.69,8.134
2021-03-26 16:00:00,15.5366666666667,37.3553333333333,242.226666666667,8.1375
2021-03-26 20:00:00,15.25375,37.49575,241.82,8.13166666666667
2021-03-27 00:00:00,14.77675,37.595,235.8025,8.138
2021-03-27 04:00:00,14.7786,37.4524,242.114,8.135
2021-03-27 08:00:00,14.878,37.46275,241.8725,8.131
2021-03-27 12:00:00,15.17725,37.4335,234.3075,8.14866666666667
2021-03-27 16:00:00,15.5753333333333,37.3133333333333,243.62,8.1315
2021-03-27 20:00:00,15.40275,37.50375,238.5025,8.12733333333333
2021-03-28 00:00:00,14.86625,37.5315,238.79,8.13233333333333
2021-03-28 04:00:00,14.763,37.4834,241.718,8.1375
2021-03-28 08:00:00,14.71675,37.455,240.3375,8.152
2021-03-28 12:00:00,15.1565,37.43175,238.74,8.131
2021-03-28 16:00:00,15.5456666666667,37.337,244.52,8.141
2021-03-28 20:00:00,15.3975,37.4765,236.6725,8.12833333333333
2021-03-29 00:00:00,14.866,37.47475,243.345,8.14066666666667
2021-03-29 04:00:00,14.8466,37.5216,237.878,8.1335
2021-03-29 08:00:00,14.60125,37.47575,242.0875,8.12833333333333
2021-03-29 12:00:00,15.157,37.47925,237.3575,8.12433333333333
2021-03-29 16:00:00,15.4616666666667,37.3916666666667,239.45,8.1205
2021-03-29 20:00:00,15.43375,37.45625,237.56,8.12766666666667
2021-03-30 00:00:00,14.8345,37.46725,243.0375,8.133
2021-03-30 04:00:00,14.9326,37.562,237.504,8.13575
2021-03-30 08:00:00,14.68025,37.45575,244.9775,8.13433333333333
2021-03-30 12:00:00,15.09325,37.49825,237.065,8.11766666666667
2021-03-30 16:00:00,15.2913333333333,37.404,244.88,8.128
2021-03-30 20:00:00,15.22175,37.48425,239.58,8.12266666666667
2021-03-31 00:00:00,14.9175,37.44675,244.5575,8.129
2021-03-31 04:00:00,14.8914,37.5594,237.21,8.13175
2021-03-31 08:00:00,14.79925,37.44925,248.6175,8.14433333333333
2021-03-31 12:00:00,15.029,37.479,239.1275,8.12166666666667
2021-03-31 16:00:00,15.2706666666667,37.4213333333333,240.28,8.15066666666667
2021-03-31 20:00:00,15.34175,37.41725,240.5775,8.13
2021-04-01 00:00:00,15.0155,37.458,243.09,8.13333333333333
2021-04-01 04:00:00,14.9618,37.4806,240.034,8.1305
2021-04-01 08:00:00,14.85025,37.46825,248.5725,8.14933333333333
2021-04-01 12:00:00,14.87075,37.47225,237.9575,8.14266666666667
2021-04-01 16:00:00,15.2266666666667,37.4366666666667,239.953333333333,8.13166666666667
2021-04-01 20:00:00,15.25075,37.4555,239.495,8.1335
2021-04-02 00:00:00,15.05225,37.44,241.75,8.12866666666667
2021-04-02 04:00:00,14.9308,37.4398,243.266,8.13875
2021-04-02 08:00:00,14.88,37.5205,241.2625,8.143
2021-04-02 12:00:00,14.7205,37.493,241.9075,8.12833333333333
2021-04-02 16:00:00,15.217,37.4743333333333,237.083333333333,8.12366666666667
2021-04-02 20:00:00,15.2125,37.47575,235.4975,8.1135
2021-04-03 00:00:00,15.15925,37.428,242.21,8.133
2021-04-03 04:00:00,14.9328,37.437,242.062,8.1315
2021-04-03 08:00:00,14.82125,37.61875,239.435,8.149
2021-04-03 12:00:00,14.7055,37.512,241.345,8.135
2021-04-03 16:00:00,15.138,37.4883333333333,236.133333333333,8.12266666666667
2021-04-03 20:00:00,15.12075,37.47725,236.7125,8.1205
2021-04-04 00:00:00,15.0605,37.44525,242.955,8.13066666666667
2021-04-04 04:00:00,15.0552,37.401,243.46,8.12625
2021-04-04 08:00:00,14.8955,37.572,239.24,8.146
2021-04-04 12:00:00,14.7975,37.48275,242.2825,8.13833333333333
2021-04-04 16:00:00,15.0386666666667,37.5156666666667,237.923333333333,8.123
2021-04-04 20:00:00,15.14025,37.44775,235.5375,8.141
2021-04-05 00:00:00,15.2205,37.38325,243.665,8.13
2021-04-05 04:00:00,15.1588,37.4168,243.038,8.13625
2021-04-05 08:00:00,15.02325,37.4725,241.6225,8.13966666666667
2021-04-05 12:00:00,14.774,37.4905,242.27,8.13733333333333
2021-04-05 16:00:00,14.8373333333333,37.5323333333333,237.946666666667,8.136
2021-04-05 20:00:00,15.1615,37.41975,239.39,8.131
2021-04-06 00:00:00,15.2265,37.4075,243.1175,8.1365
2021-04-06 04:00:00,15.192,37.396,240.384,8.12925
2021-04-06 08:00:00,14.97075,37.4465,242.83,8.13666666666667
2021-04-06 12:00:00,14.848,37.54325,240.13,8.137
2021-04-06 16:00:00,14.611,37.564,242.066666666667,8.12733333333333
2021-04-06 20:00:00,15.11375,37.49375,240.16,8.12533333333333
2021-04-07 00:00:00,15.18975,37.42825,238.3675,8.121
2021-04-07 04:00:00,15.2172,37.3668,242.714,8.129
2021-04-07 08:00:00,15.07425,37.4155,243.01,8.12833333333333
2021-04-07 12:00:00,14.84875,37.60625,240.2575,8.14433333333333
2021-04-07 16:00:00,14.6983333333333,37.5626666666667,241.67,8.131
2021-04-07 20:00:00,15.06775,37.495,235.535,8.12166666666667
2021-04-08 00:00:00,14.98725,37.452,241.7475,8.1315
2021-04-08 04:00:00,15.3048,37.3844,243.094,8.1315
2021-04-08 08:00:00,15.116,37.4085,248.74,8.11566666666667
2021-04-08 12:00:00,14.87,37.55025,238.775,8.136
2021-04-08 16:00:00,14.7483333333333,37.5246666666667,243.35,8.13333333333333
2021-04-08 20:00:00,15.02175,37.472,238.9975,8.12333333333333
2021-04-09 00:00:00,15.08725,37.39775,248.11,8.14033333333333
2021-04-09 04:00:00,15.351,37.3684,240.468,8.125
2021-04-09 08:00:00,15.202,37.41125,243.85,8.13666666666667
2021-04-09 12:00:00,14.88225,37.515,237.9525,8.129
2021-04-09 16:00:00,14.7216666666667,37.5166666666667,242.916666666667,8.139
2021-04-09 20:00:00,14.864,37.475,238.3725,8.16266666666667
2021-04-10 00:00:00,15.16825,37.39075,242.895,8.12933333333333
2021-04-10 04:00:00,15.4252,37.3702,242.422,8.12833333333333
2021-04-10 08:00:00,15.3525,37.3955,244.585,8.12666666666667
2021-04-10 12:00:00,14.8595,37.4695,243.095,8.14133333333333
2021-04-10 16:00:00,14.852,37.57,238.333333333333,8.13166666666667
2021-04-10 20:00:00,14.67825,37.4985,242.3725,8.12533333333333
2021-04-11 00:00:00,15.14575,37.46725,241.4075,8.135
2021-04-11 04:00:00,15.275,37.4024,238.984,8.115
2021-04-11 08:00:00,15.455,37.369,247.3175,8.137
2021-04-11 12:00:00,14.84275,37.46975,241.3425,8.12866666666667
2021-04-11 16:00:00,14.91,37.5476666666667,241.97,8.13733333333333
2021-04-11 20:00:00,14.7795,37.49375,239.5825,8.12733333333333
2021-04-12 00:00:00,15.172,37.4725,240.62,8.14566666666667
2021-04-12 04:00:00,15.0886,37.4188,241.956,8.118
2021-04-12 08:00:00,15.3825,37.39575,245.3275,8.13433333333333
2021-04-12 12:00:00,14.9265,37.441,244.3575,8.12266666666667
2021-04-12 16:00:00,14.8586666666667,37.5726666666667,241.12,8.13633333333333
2021-04-12 20:00:00,14.77575,37.48425,242.2725,8.129
2021-04-13 00:00:00,15.13075,37.44425,242.6475,8.16566666666667
2021-04-13 04:00:00,15.196,37.3756,242.486,8.1315
2021-04-13 08:00:00,15.484,37.38925,247.4975,8.148
2021-04-13 12:00:00,15.014,37.45825,243.6575,8.13466666666667
2021-04-13 16:00:00,14.8676666666667,37.5673333333333,237.26,8.129
2021-04-13 20:00:00,14.75475,37.52,241.655,8.12933333333333
2021-04-14 00:00:00,15.19875,37.41875,240.25,8.15666666666667
2021-04-14 04:00:00,15.286,37.3758,240.888,8.1345
2021-04-14 08:00:00,15.5565,37.3745,245.4325,8.142
2021-04-14 12:00:00,15.077,37.433,240.0475,8.12666666666667
2021-04-14 16:00:00,14.8126666666667,37.5173333333333,244.526666666667,8.13866666666667
2021-04-14 20:00:00,14.85725,37.5375,240.335,8.13366666666667
2021-04-15 00:00:00,14.9695,37.46025,245.475,8.135
2021-04-15 04:00:00,15.2416,37.4408,238.458,8.145
2021-04-15 08:00:00,15.413,37.3715,241.2275,8.1365
2021-04-15 12:00:00,15.11075,37.43,244.9825,8.13366666666667
2021-04-15 16:00:00,14.791,37.5306666666667,242.703333333333,8.128
2021-04-15 20:00:00,14.88,37.582,240.73,8.132
2021-04-16 00:00:00,14.92775,37.4605,241.615,8.13033333333333
2021-04-16 04:00:00,15.3328,37.4378,241.902,8.1725
2021-04-16 08:00:00,15.33275,37.384,246.8375,8.14
2021-04-16 12:00:00,15.1405,37.444,244.795,8.13733333333333
2021-04-16 16:00:00,14.9193333333333,37.4826666666667,244.016666666667,8.12133333333333
2021-04-16 20:00:00,14.876,37.55125,241.57,8.134
2021-04-17 00:00:00,14.953,37.45425,244.0875,8.131
2021-04-17 04:00:00,15.2304,37.4344,242.388,8.15025
2021-04-17 08:00:00,15.36375,37.3525,244.5325,8.142
2021-04-17 12:00:00,15.156,37.41825,241.73,8.124
2021-04-17 16:00:00,15.0223333333333,37.4983333333333,244.95,8.135
2021-04-17 20:00:00,14.9045,37.51225,239.265,8.12833333333333
2021-04-18 00:00:00,14.95925,37.52475,242.3025,8.12866666666667
2021-04-18 04:00:00,15.4192,37.3894,239.39,8.14775
2021-04-18 08:00:00,15.52225,37.3215,240.635,8.13966666666667
2021-04-18 12:00:00,15.225,37.40525,242.6125,8.1315
2021-04-18 16:00:00,15.072,37.4906666666667,245.08,8.133
2021-04-18 20:00:00,14.85725,37.46675,242.8,8.12933333333333
2021-04-19 00:00:00,14.89575,37.4995,247.315,8.14733333333333
2021-04-19 04:00:00,15.173,37.4388,244.408,8.13525
2021-04-19 08:00:00,15.42125,37.3865,241.5775,8.18466666666667
2021-04-19 12:00:00,15.18725,37.42625,238.8175,8.12
2021-04-19 16:00:00,15.1156666666667,37.4953333333333,245.75,8.13566666666667
2021-04-19 20:00:00,14.8665,37.47075,240.88,8.128
2021-04-20 00:00:00,15.05,37.587,245.605,8.14266666666667
2021-04-20 04:00:00,15.0744,37.4216,241.734,8.1255
2021-04-20 08:00:00,15.47975,37.3815,248.5975,8.17566666666667
2021-04-20 12:00:00,15.02425,37.436,244.885,8.121
2021-04-20 16:00:00,15.23,37.4656666666667,245.556666666667,8.13533333333333
2021-04-20 20:00:00,14.9595,37.44025,243.095,8.124
2021-04-21 00:00:00,15.052,37.55,240.635,8.13533333333333
2021-04-21 04:00:00,15.0638,37.429,245.03,8.13175
2021-04-21 08:00:00,15.39375,37.38675,242.5275,8.14766666666667
2021-04-21 12:00:00,15.05925,37.4165,243.055,8.135
2021-04-21 16:00:00,15.1496666666667,37.4713333333333,238.663333333333,8.122
2021-04-21 20:00:00,15.02225,37.45775,242.215,8.12633333333333
2021-04-22 00:00:00,15.1825,37.49275,242.8475,8.131
2021-04-22 04:00:00,15.0106,37.4972,242.512,8.1315
2021-04-22 08:00:00,15.52125,37.33375,239.99,8.16966666666667
2021-04-22 12:00:00,15.20825,37.3875,241.9225,8.12933333333333
2021-04-22 16:00:00,15.2293333333333,37.4516666666667,240.053333333333,8.1235
2021-04-22 20:00:00,15.058,37.41575,240.825,8.12233333333333
2021-04-23 00:00:00,15.13275,37.44075,243.5175,8.136
2021-04-23 04:00:00,14.9712,37.4694,245.824,8.14725
2021-04-23 08:00:00,15.316,37.37275,245.5775,8.14566666666667
2021-04-23 12:00:00,15.174,37.455,239.325,8.12766666666667
2021-04-23 16:00:00,15.1453333333333,37.4833333333333,238.773333333333,8.115
2021-04-23 20:00:00,15.10525,37.435,244.5375,8.13033333333333
2021-04-24 00:00:00,15.20425,37.39375,241.4875,8.13666666666667
2021-04-24 04:00:00,15.1344,37.542,244.172,8.143
2021-04-24 08:00:00,15.26275,37.357,244.2925,8.13333333333333
2021-04-24 12:00:00,15.22675,37.458,240.53,8.133
2021-04-24 16:00:00,14.96,37.4873333333333,242.5,8.1145
2021-04-24 20:00:00,15.20225,37.40575,245.6325,8.1305
2021-04-25 00:00:00,15.27175,37.39525,243.195,8.12333333333333
2021-04-25 04:00:00,15.1598,37.5244,238.728,8.13775
2021-04-25 08:00:00,15.16625,37.32425,244.015,8.13766666666667
2021-04-25 12:00:00,15.09075,37.447,240.0075,8.12766666666667
2021-04-25 16:00:00,15.007,37.4516666666667,245.316666666667,8.126
2021-04-25 20:00:00,15.154,37.41675,242.7975,8.123
2021-04-26 00:00:00,15.243,37.418,243.2825,8.13066666666667
2021-04-26 04:00:00,15.2822,37.459,242.35,8.133
2021-04-26 08:00:00,15.15475,37.42325,245.8725,8.13366666666667
2021-04-26 12:00:00,15.12225,37.4155,238.74,8.14866666666667
2021-04-26 16:00:00,15.1663333333333,37.4176666666667,244.053333333333,8.1255
2021-04-26 20:00:00,15.2295,37.4,240.3525,8.1235
2021-04-27 00:00:00,15.42275,37.351,242.4525,8.13666666666667
2021-04-27 04:00:00,15.3244,37.3812,242.46,8.13125
2021-04-27 08:00:00,15.1545,37.43075,245.7225,8.15266666666667
2021-04-27 12:00:00,14.96725,37.467,243.8475,8.12433333333333
2021-04-27 16:00:00,15.0643333333333,37.4986666666667,238.656666666667,8.144
2021-04-27 20:00:00,15.18,37.4235,239.1875,8.115
2021-04-28 00:00:00,15.588,37.35825,241.79,8.119
2021-04-28 04:00:00,15.3634,37.3562,240.762,8.1395
2021-04-28 08:00:00,15.2365,37.48175,242.315,8.15466666666667
2021-04-28 12:00:00,14.95325,37.4625,244.3325,8.117
2021-04-28 16:00:00,15.1936666666667,37.506,241.93,8.1405
2021-04-28 20:00:00,15.04625,37.42675,240.815,8.1155
2021-04-29 00:00:00,15.9005,37.32875,244.125,8.143
2021-04-29 04:00:00,15.419,37.3596,243.374,8.12775
2021-04-29 08:00:00,15.3875,37.44025,242.75,8.14833333333333
2021-04-29 12:00:00,14.93725,37.43875,245.3075,8.13066666666667
2021-04-29 16:00:00,15.1513333333333,37.4543333333333,240.03,8.1385
2021-04-29 20:00:00,15.06175,37.42225,245.6975,8.12833333333333
2021-04-30 00:00:00,15.594,37.34175,245.0025,8.095
2021-04-30 04:00:00,15.417,37.3812,242.072,8.12725
2021-04-30 08:00:00,15.43825,37.371,244.2,8.14533333333333
2021-04-30 12:00:00,14.9305,37.513,245.09,8.12233333333333
2021-04-30 16:00:00,15.303,37.4103333333333,242.22,8.122
2021-04-30 20:00:00,15.2055,37.38475,243.46,8.134
2021-05-01 00:00:00,15.74275,37.30925,240.375,8.1375
2021-05-01 04:00:00,15.6222,37.2858,240.508,8.122
2021-05-01 08:00:00,15.56125,37.26825,241.39,8.14133333333333
2021-05-01 12:00:00,14.9265,37.517,248.0125,8.143
2021-05-01 16:00:00,15.2096666666667,37.4693333333333,244.34,8.1325
2021-05-01 20:00:00,15.18425,37.4535,239.055,8.142
2021-05-02 00:00:00,15.802,37.30375,237.555,8.1075
2021-05-02 04:00:00,15.8692,37.3006,238.03,8.11825
2021-05-02 08:00:00,15.654,37.24375,246.0125,8.144
2021-05-02 12:00:00,14.9955,37.5725,241.1375,8.13466666666667
2021-05-02 16:00:00,15.0933333333333,37.4943333333333,245.99,8.108
2021-05-02 20:00:00,15.24425,37.46325,241.045,8.132
2021-05-03 00:00:00,15.81375,37.2975,238.94,8.1135
2021-05-03 04:00:00,16.2442,37.262,238.782,8.118
2021-05-03 08:00:00,15.67375,37.251,247.3025,8.14366666666667
2021-05-03 12:00:00,15.0675,37.5355,239.005,8.12966666666667
2021-05-03 16:00:00,15.0183333333333,37.4883333333333,246.556666666667,8.131
2021-05-03 20:00:00,14.9995,37.46975,237.165,8.12766666666667
2021-05-04 00:00:00,15.68625,37.27125,242.8925,8.13633333333333
2021-05-04 04:00:00,15.8836,37.2714,242.456,8.12266666666667
2021-05-04 08:00:00,15.84875,37.26125,245.085,8.124
2021-05-04 12:00:00,15.173,37.4765,244.915,8.12966666666667
2021-05-04 16:00:00,14.919,37.528,245.776666666667,8.094
2021-05-04 20:00:00,15.13925,37.40925,240.6575,8.13733333333333
2021-05-05 00:00:00,15.8065,37.24925,246.0925,8.149
2021-05-05 04:00:00,16.1164,37.235,240.236,8.11166666666667
2021-05-05 08:00:00,16.00325,37.13625,241.205,8.123
2021-05-05 12:00:00,15.155,37.41175,242.555,8.13266666666667
2021-05-05 16:00:00,14.9336666666667,37.5173333333333,250.026666666667,8.141
2021-05-05 20:00:00,14.98375,37.4745,244.2975,8.124
2021-05-06 00:00:00,16.095,37.28175,238.505,8.14033333333333
2021-05-06 04:00:00,16.0488,37.2506,237.222,8.10633333333333
2021-05-06 08:00:00,16.369,37.1565,243.4425,8.116
2021-05-06 12:00:00,15.193,37.414,245.55,8.12566666666667
2021-05-06 16:00:00,14.935,37.6376666666667,242.22,8.1345
2021-05-06 20:00:00,14.95125,37.463,244.1075,8.11433333333333
2021-05-07 00:00:00,16.06725,37.30775,243.775,8.14233333333333
2021-05-07 04:00:00,16.0498,37.246,238.722,8.12
2021-05-07 08:00:00,16.71675,37.10425,242.2425,8.13
2021-05-07 12:00:00,15.255,37.405,245.125,8.129
2021-05-07 16:00:00,15.011,37.5723333333333,236.726666666667,8.149
2021-05-07 20:00:00,14.9805,37.44625,244.6425,8.13066666666667
2021-05-08 00:00:00,16.00025,37.30325,237.9825,8.14733333333333
2021-05-08 04:00:00,15.9832,37.221,239.084,8.1365
2021-05-08 08:00:00,16.2715,37.12125,245.265,8.12966666666667
2021-05-08 12:00:00,15.2405,37.4175,242.46,8.121
2021-05-08 16:00:00,15.1523333333333,37.5196666666667,245.473333333333,8.127
2021-05-08 20:00:00,14.8605,37.485,239.9425,8.12233333333333
2021-05-09 00:00:00,15.8075,37.2505,240.4125,8.16133333333333
2021-05-09 04:00:00,16.1094,37.2088,243.634,8.14425
2021-05-09 08:00:00,16.5595,37.116,245.78,8.121
2021-05-09 12:00:00,15.431,37.3405,238.7625,8.11833333333333
2021-05-09 16:00:00,15.148,37.44,245.03,8.1355
2021-05-09 20:00:00,14.93175,37.51625,246.3825,8.13933333333333
2021-05-10 00:00:00,16.005,37.29075,242.8525,8.14233333333333
2021-05-10 04:00:00,16.3502,37.2396,239.648,8.15625
2021-05-10 08:00:00,16.60225,37.1395,242.195,8.10166666666667
2021-05-10 12:00:00,15.59025,37.36175,242.28,8.112
2021-05-10 16:00:00,15.1606666666667,37.4506666666667,245.34,8.129
2021-05-10 20:00:00,14.9975,37.5775,241.4775,8.144
2021-05-11 00:00:00,15.954,37.24425,241.2925,8.11866666666667
2021-05-11 04:00:00,16.447,37.262,241.568,8.14525
2021-05-11 08:00:00,16.29675,37.15525,245,8.13433333333333
2021-05-11 12:00:00,15.916,37.31725,242.29,8.1375
2021-05-11 16:00:00,15.171,37.468,243.846666666667,8.1285
2021-05-11 20:00:00,15.09375,37.52625,237.5775,8.128
2021-05-12 00:00:00,15.96975,37.243,241.6725,8.12066666666667
2021-05-12 04:00:00,16.4348,37.255,241.292,8.15825
2021-05-12 08:00:00,16.18475,37.16325,238.0025,8.13325
2021-05-12 12:00:00,15.601,37.3405,242.71,8.1225
2021-05-12 16:00:00,15.1156666666667,37.4713333333333,241.916666666667,8.1155
2021-05-12 20:00:00,15.1805,37.4675,242.4025,8.13
2021-05-13 00:00:00,15.8435,37.286,240.1075,8.12566666666667
2021-05-13 04:00:00,16.1396,37.2108,239.128,8.16925
2021-05-13 08:00:00,16.62275,37.1675,244.985,8.14975
2021-05-13 12:00:00,15.985,37.3095,241.895,8.124
2021-05-13 16:00:00,15.3583333333333,37.389,239.276666666667,8.116
2021-05-13 20:00:00,15.1665,37.4025,245.385,8.133
2021-05-14 00:00:00,15.9275,37.268,242.555,8.14
2021-05-14 04:00:00,16.5004,37.231,238.45,8.126
2021-05-14 08:00:00,16.8815,37.17825,240.085,8.156
2021-05-14 12:00:00,15.744,37.31125,239.6225,8.1045
2021-05-14 16:00:00,15.5463333333333,37.403,241.786666666667,8.0955
2021-05-14 20:00:00,15.219,37.4125,243.1775,8.1225
2021-05-15 00:00:00,16.02875,37.365,240.5725,8.14833333333333
2021-05-15 04:00:00,16.4434,37.18,238.78,8.09875
2021-05-15 08:00:00,16.95925,37.21125,238.2725,8.13775
2021-05-15 12:00:00,15.79225,37.28875,238.75,8.135
2021-05-15 16:00:00,15.7963333333333,37.3716666666667,243.086666666667,8.14966666666667
2021-05-15 20:00:00,15.2695,37.40625,240.9175,8.12433333333333
2021-05-16 00:00:00,16.0755,37.30225,241.5775,8.14333333333333
2021-05-16 04:00:00,16.444,37.1882,238.952,8.112
2021-05-16 08:00:00,16.60175,37.23725,238.0675,8.1615
2021-05-16 12:00:00,15.746,37.2655,240.665,8.13166666666667
2021-05-16 16:00:00,15.4393333333333,37.3753333333333,247.363333333333,8.122
2021-05-16 20:00:00,15.26525,37.4125,242.61,8.12366666666667
2021-05-17 00:00:00,16.21825,37.25275,241.395,8.11033333333333
2021-05-17 04:00:00,16.3374,37.2332,238.998,8.1435
2021-05-17 08:00:00,16.60725,37.18825,237.165,8.15425
2021-05-17 12:00:00,15.9175,37.25025,243.6575,8.13766666666667
2021-05-17 16:00:00,15.9383333333333,37.341,238.296666666667,8.12
2021-05-17 20:00:00,15.45375,37.35725,238.955,8.118
2021-05-18 00:00:00,16.12275,37.199,243.545,8.144
2021-05-18 04:00:00,16.5,37.218,239.776,8.13125
2021-05-18 08:00:00,16.85475,37.194,237.125,8.145
2021-05-18 12:00:00,16.1085,37.29575,241.31,8.164
2021-05-18 16:00:00,15.735,37.318,240.03,8.096
2021-05-18 20:00:00,15.6045,37.36075,241.5825,8.12066666666667
2021-05-19 00:00:00,16.265,37.20625,243.4375,8.147
2021-05-19 04:00:00,16.5162,37.2844,237.908,8.14575
2021-05-19 08:00:00,16.84975,37.13425,236.1,8.1065
2021-05-19 12:00:00,16.00975,37.315,243.545,8.16666666666667
2021-05-19 16:00:00,15.778,37.284,237.793333333333,8.129
2021-05-19 20:00:00,15.94125,37.3035,242.49,8.1335
2021-05-20 00:00:00,16.27125,37.19275,240.17,8.141
2021-05-20 04:00:00,16.569,37.2334,239.342,8.1405
2021-05-20 08:00:00,16.86625,37.13975,241.3975,8.1135
2021-05-20 12:00:00,15.889,37.304,242.5625,8.177
2021-05-20 16:00:00,15.777,37.2433333333333,241.69,8.134
2021-05-20 20:00:00,15.591,37.337,245.98,8.125
2021-05-21 00:00:00,16.4355,37.19625,240.8775,8.14566666666667
2021-05-21 04:00:00,16.2305,37.2465,242.2175,8.14966666666667
2021-05-21 08:00:00,16.6715,37.17,246.4775,8.14675
2021-05-21 12:00:00,15.7385,37.27575,242.105,8.16466666666667
2021-05-21 16:00:00,16.0196666666667,37.2246666666667,243.736666666667,8.1275
2021-05-21 20:00:00,16.0175,37.31025,238.4225,8.1205
2021-05-22 00:00:00,16.5145,37.136,241.305,8.10033333333333
2021-05-22 04:00:00,16.5534,37.1484,240.814,8.1585
2021-05-22 08:00:00,16.9485,37.1535,241.2275,8.1425
2021-05-22 12:00:00,15.99525,37.2945,239.9925,8.148
2021-05-22 16:00:00,16.2623333333333,37.2783333333333,243.406666666667,8.1275
2021-05-22 20:00:00,15.711,37.31025,237.555,8.1005
2021-05-23 00:00:00,16.672,37.14875,242.68,8.10433333333333
2021-05-23 04:00:00,16.7222,37.1344,242.02,8.15675
2021-05-23 08:00:00,16.92175,37.1905,240.065,8.152
2021-05-23 12:00:00,15.94525,37.229,239.8725,8.12366666666667
2021-05-23 16:00:00,16.0266666666667,37.3163333333333,243.19,8.1505
2021-05-23 20:00:00,15.7846666666667,37.284,238.113333333333,8.136
2021-05-24 00:00:00,16.9795,37.1065,239.915,8.11875
2021-05-24 04:00:00,16.7146,37.1466,239.6,8.15325
2021-05-24 08:00:00,17.06675,37.19425,238.19,8.17125
2021-05-24 12:00:00,15.98825,37.25125,242.82,8.11166666666667
2021-05-24 16:00:00,15.88,37.285,242.04,8.192
2021-05-24 20:00:00,15.734,37.2585,241.0425,8.12833333333333
2021-05-25 00:00:00,16.84225,37.08525,246.165,8.11833333333333
2021-05-25 04:00:00,16.9254,37.1542,240.424,8.1395
2021-05-25 08:00:00,17.018,37.152,241.8275,8.1615
2021-05-25 12:00:00,15.8235,37.2825,241.7375,8.131
2021-05-25 16:00:00,15.5333333333333,37.276,244.04,8.158
2021-05-25 20:00:00,15.92925,37.249,242.2625,8.12666666666667
2021-05-26 00:00:00,17.04625,37.12175,241.09,8.127
2021-05-26 04:00:00,16.9916,37.1128,240.696,8.12125
2021-05-26 08:00:00,16.99675,37.0995,242.2475,8.15925
2021-05-26 12:00:00,15.95175,37.2875,243.0775,8.13533333333333
2021-05-26 16:00:00,15.995,37.2763333333333,240.79,8.138
2021-05-26 20:00:00,16.0765,37.29025,243.1725,8.18166666666667
2021-05-27 00:00:00,16.721,37.145,241.0525,8.12133333333333
2021-05-27 04:00:00,17.0732,37.1306,238.754,8.119
2021-05-27 08:00:00,17.0975,37.09375,242.68,8.1625
2021-05-27 12:00:00,16.02975,37.36,238.75,8.146
2021-05-27 16:00:00,16.073,37.2203333333333,239.483333333333,8.1055
2021-05-27 20:00:00,15.97075,37.32475,241.155,8.146
2021-05-28 00:00:00,16.7575,37.14825,243.25,8.16333333333333
2021-05-28 04:00:00,17.2128,37.0004,238.212,8.1174
2021-05-28 08:00:00,17.2645,37.1055,244.86,8.139
2021-05-28 12:00:00,16.078,37.3035,240.2725,8.16166666666667
2021-05-28 16:00:00,16.1486666666667,37.2616666666667,245.76,8.109
2021-05-28 20:00:00,15.734,37.29875,242.23,8.164
2021-05-29 00:00:00,16.76525,37.16225,240.4775,8.14975
2021-05-29 04:00:00,17.215,37.0568,241.926,8.1455
2021-05-29 08:00:00,17.30375,37.12225,241.77,8.1475
2021-05-29 12:00:00,16.179,37.2455,243.625,8.166
2021-05-29 16:00:00,16.0293333333333,37.2616666666667,240.113333333333,8.129
2021-05-29 20:00:00,15.80175,37.26575,241.815,8.14866666666667
2021-05-30 00:00:00,17.2925,37.179,236.67,8.119
2021-05-30 04:00:00,17.293,37.0968,240.198,8.12425
2021-05-30 08:00:00,17.49525,37.0825,238.59,8.1375
2021-05-30 12:00:00,16.13,37.19775,243.8,8.15966666666667
2021-05-30 16:00:00,16.18,37.2836666666667,239.606666666667,8.1325
2021-05-30 20:00:00,16.00975,37.29325,239.7,8.14266666666667
2021-05-31 00:00:00,17.5875,37.1795,239.6,8.155
2021-05-31 04:00:00,17.2078,37.1156,240.752,8.1265
2021-05-31 08:00:00,17.497,37.10025,239.9325,8.12125
2021-05-31 12:00:00,16.2635,37.1915,243.98,8.165
2021-05-31 16:00:00,16.192,37.3503333333333,238.73,8.148
2021-05-31 20:00:00,15.9805,37.229,239.435,8.10966666666667
2021-06-01 00:00:00,17.128,37.199,237.6475,8.16375
2021-06-01 04:00:00,17.1592,37.1256,240.476,8.15525
2021-06-01 08:00:00,17.793,37.00875,235.5575,8.112
2021-06-01 12:00:00,16.28275,37.192,245.2225,8.14266666666667
2021-06-01 16:00:00,16.247,37.2616666666667,242.02,8.145
2021-06-01 20:00:00,15.98,37.2685,243.6875,8.113
2021-06-02 00:00:00,17.06175,37.22375,241.0225,8.16825
2021-06-02 04:00:00,17.3146,37.1408,239.984,8.1462
2021-06-02 08:00:00,17.62075,37.0405,238.525,8.129
2021-06-02 12:00:00,16.43575,37.191,242.6425,8.153
2021-06-02 16:00:00,16.308,37.2026666666667,243.266666666667,8.155
2021-06-02 20:00:00,15.8475,37.28575,240.1775,8.13533333333333
2021-06-03 00:00:00,16.97775,37.197,241.4175,8.135
2021-06-03 04:00:00,17.7606,37.1544,239.614,8.113
2021-06-03 08:00:00,17.76925,37.058,238.865,8.14825
2021-06-03 12:00:00,16.56475,37.13625,243.5125,8.09666666666667
2021-06-03 16:00:00,16.1016666666667,37.225,243.463333333333,8.1565
2021-06-03 20:00:00,16.0575,37.30975,241.2975,8.14233333333333
2021-06-04 00:00:00,17.19175,37.21025,236.5575,8.13175
2021-06-04 04:00:00,17.8584,37.1566,239.698,8.1386
2021-06-04 08:00:00,17.71975,37.0795,239.2325,8.14125
2021-06-04 12:00:00,16.64825,37.1615,242.025,8.10866666666667
2021-06-04 16:00:00,16.34,37.1793333333333,247.266666666667,8.1545
2021-06-04 20:00:00,16.03425,37.36225,241.935,8.157
2021-06-05 00:00:00,17.3075,37.1475,234.4625,8.1215
2021-06-05 04:00:00,17.5888,37.1708,236.794,8.156
2021-06-05 08:00:00,17.66025,37.10225,241.15,8.16475
2021-06-05 12:00:00,16.86325,37.0635,239.94,8.13875
2021-06-05 16:00:00,16.367,37.1886666666667,245.403333333333,8.154
2021-06-05 20:00:00,16.07575,37.302,241.1725,8.163
2021-06-06 00:00:00,17.3325,37.1465,234.095,8.116
2021-06-06 04:00:00,17.6768,37.1724,239.252,8.1528
2021-06-06 08:00:00,18.04475,37.1125,236.6175,8.138
2021-06-06 12:00:00,16.87875,37.09125,244.1,8.12666666666667
2021-06-06 16:00:00,16.578,37.1653333333333,245.843333333333,8.161
2021-06-06 20:00:00,16.15375,37.2465,241.3975,8.15333333333333
2021-06-07 00:00:00,17.2465,37.14975,243.52,8.14875
2021-06-07 04:00:00,17.6352,37.1524,239.618,8.1424
2021-06-07 08:00:00,18.74925,37.12375,232.6575,8.1165
2021-06-07 12:00:00,16.95725,37.11875,239.645,8.09633333333333
2021-06-07 16:00:00,16.6413333333333,37.158,246.46,8.1055
2021-06-07 20:00:00,16.0975,37.2105,241.955,8.14933333333333
2021-06-08 00:00:00,17.7875,37.1315,237.79,8.15825
2021-06-08 04:00:00,17.771,37.1656,234.148,8.1324
2021-06-08 08:00:00,18.3715,37.1135,237.6225,8.1115
2021-06-08 12:00:00,16.809,37.1455,244.94,8.11166666666667
2021-06-08 16:00:00,16.5696666666667,37.193,245.566666666667,8.1375
2021-06-08 20:00:00,16.2815,37.181,245.035,8.15833333333333
2021-06-09 00:00:00,17.5485,37.2,240.45,8.14275
2021-06-09 04:00:00,17.974,37.118,233.178,8.1084
2021-06-09 08:00:00,18.1995,37.12075,240.32,8.16975
2021-06-09 12:00:00,16.77625,37.15025,241.4525,8.16333333333333
2021-06-09 16:00:00,16.6836666666667,37.1226666666667,241.516666666667,8.153
2021-06-09 20:00:00,16.28175,37.198,245.2475,8.13666666666667
2021-06-10 00:00:00,17.72975,37.1905,238.9825,8.1445
2021-06-10 04:00:00,17.9248,37.0958,234.954,8.1382
2021-06-10 08:00:00,18.49275,37.11,241.415,8.142
2021-06-10 12:00:00,16.79775,37.17025,242.2825,8.14925
2021-06-10 16:00:00,16.754,37.118,246.596666666667,8.1385
2021-06-10 20:00:00,16.48,37.18075,243.0125,8.13833333333333
2021-06-11 00:00:00,17.9045,37.1485,239.045,8.114
2021-06-11 04:00:00,18.093,37.079,237.564,8.147
2021-06-11 08:00:00,18.44075,37.07875,238.775,8.145
2021-06-11 12:00:00,17.30725,37.17975,240.1375,8.119
2021-06-11 16:00:00,16.884,37.163,244.86,8.1375
2021-06-11 20:00:00,16.577,37.1355,242.535,8.104
2021-06-12 00:00:00,17.92625,37.12525,237.4525,8.133
2021-06-12 04:00:00,18.4994,37.0946,234.252,8.1458
2021-06-12 08:00:00,18.62875,37.087,230.7325,8.1465
2021-06-12 12:00:00,17.30025,37.1915,244.3275,8.153
2021-06-12 16:00:00,16.6223333333333,37.193,245.403333333333,8.115
2021-06-12 20:00:00,16.69275,37.156,240.4,8.12133333333333
2021-06-13 00:00:00,17.91675,37.09825,237.61,8.125
2021-06-13 04:00:00,18.4288,37.147,234.424,8.1526
2021-06-13 08:00:00,18.61575,37.05925,230.67,8.121
2021-06-13 12:00:00,17.02925,37.229,240.6,8.15625
2021-06-13 16:00:00,16.718,37.1833333333333,243.193333333333,8.1745
2021-06-13 20:00:00,16.75875,37.104,238.32,8.14925
2021-06-14 00:00:00,18.44425,37.06425,236.43,8.121
2021-06-14 04:00:00,18.547,37.1416,237.978,8.1184
2021-06-14 08:00:00,18.67875,37.0625,235.735,8.14075
2021-06-14 12:00:00,17.1325,37.21925,242.6425,8.16625
2021-06-14 16:00:00,16.699,37.2243333333333,242.793333333333,8.141
2021-06-14 20:00:00,16.9045,37.09275,241.865,8.12666666666667
2021-06-15 00:00:00,18.3725,37.089,232.9725,8.1055
2021-06-15 04:00:00,18.756,37.1174,233.002,8.1282
2021-06-15 08:00:00,18.88475,37.01975,235.1875,8.16325
2021-06-15 12:00:00,17.0105,37.1995,238.48,8.14475
2021-06-15 16:00:00,17.316,37.2253333333333,240.933333333333,8.11533333333333
2021-06-15 20:00:00,16.9925,37.10325,246.115,8.113
2021-06-16 00:00:00,18.44975,37.06125,238.785,8.0945
2021-06-16 04:00:00,18.8322,37.0888,232.634,8.1046
2021-06-16 08:00:00,19.23625,37.066,236.41,8.1405
2021-06-16 12:00:00,17.19325,37.204,235.965,8.13875
2021-06-16 16:00:00,17.148,37.2366666666667,244.933333333333,8.15566666666667
2021-06-16 20:00:00,16.69825,37.155,242.335,8.11966666666667
2021-06-17 00:00:00,18.63725,37.0365,233.35,8.0895
2021-06-17 04:00:00,18.9464,37.0694,232.33,8.1072
2021-06-17 08:00:00,19.11675,37.07375,233.15,8.13475
2021-06-17 12:00:00,17.33475,37.1415,238.3125,8.11925
2021-06-17 16:00:00,16.7006666666667,37.2846666666667,240.526666666667,8.18433333333333
2021-06-17 20:00:00,16.80375,37.15075,243.8775,8.15666666666667
2021-06-18 00:00:00,19.04925,36.989,225.985,8.135
2021-06-18 04:00:00,19.444,37.0194,225.568,8.101
2021-06-18 08:00:00,19.48275,37.069,232.68,8.0925
2021-06-18 12:00:00,17.283,37.14625,237.1275,8.1215
2021-06-18 16:00:00,16.7403333333333,37.2736666666667,240.816666666667,8.15266666666667
2021-06-18 20:00:00,16.79225,37.1775,239.555,8.1335
2021-06-19 00:00:00,19.05725,36.9855,232.335,8.15033333333333
2021-06-19 04:00:00,19.6196,37.0258,225.94,8.0694
2021-06-19 08:00:00,19.42075,37.07025,233.665,8.1065
2021-06-19 12:00:00,17.425,37.14475,241.08,8.156
2021-06-19 16:00:00,16.8303333333333,37.2653333333333,239.35,8.14466666666667
2021-06-19 20:00:00,17.31025,37.1825,240.25,8.13375
2021-06-20 00:00:00,19.13225,36.99225,234.9325,8.11033333333334
2021-06-20 04:00:00,19.4814,37.0142,232.958,8.0832
2021-06-20 08:00:00,19.5455,37.021,232.935,8.11725
2021-06-20 12:00:00,17.8285,37.1575,244.505,8.14725
2021-06-20 16:00:00,16.7923333333333,37.2723333333333,239.253333333333,8.12133333333333
2021-06-20 20:00:00,17.162,37.19125,245.8275,8.161
2021-06-21 00:00:00,18.9405,37.0395,234.6375,8.128
2021-06-21 04:00:00,18.7025,37.03675,233.5675,8.111
2021-06-21 08:00:00,20.10275,36.99575,229.6475,8.08675
2021-06-21 12:00:00,17.57775,37.20325,237.1125,8.1625
2021-06-21 16:00:00,16.9956666666667,37.201,241.346666666667,8.15
2021-06-21 20:00:00,17.08725,37.229,237.9,8.17375
2021-06-22 00:00:00,18.86525,37.04675,237.735,8.154
2021-06-22 04:00:00,20.0842,36.9428,223.974,8.10633333333333
2021-06-22 08:00:00,20.46275,36.97025,224.355,8.08625
2021-06-22 12:00:00,17.7695,37.18675,237.9225,8.1265
2021-06-22 16:00:00,16.927,37.2066666666667,241.543333333333,8.13233333333333
2021-06-22 20:00:00,17.0715,37.2185,240.96,8.17175
2021-06-23 00:00:00,18.8345,37.059,233.16,8.14566666666667
2021-06-23 04:00:00,20.0176,36.9486,229.678,8.135
2021-06-23 08:00:00,19.80625,37.0555,231.115,8.09775
2021-06-23 12:00:00,17.8225,37.16025,238.6075,8.12
2021-06-23 16:00:00,17.0973333333333,37.2076666666667,245.56,8.15966666666667
2021-06-23 20:00:00,17.058,37.203,238.38,8.13275
2021-06-24 00:00:00,18.8855,37.056,236.3325,8.11233333333333
2021-06-24 04:00:00,20.0828,36.9614,225.548,8.14333333333333
2021-06-24 08:00:00,20.03025,36.9725,230.1725,8.0615
2021-06-24 12:00:00,17.99575,37.10475,239.455,8.1285
2021-06-24 16:00:00,17.4843333333333,37.2243333333333,247.336666666667,8.16733333333333
2021-06-24 20:00:00,17.23075,37.18925,235.785,8.12325
2021-06-25 00:00:00,19.0605,37.05725,238.43,8.18
2021-06-25 04:00:00,20.003,36.9968,227.18,8.13533333333333
2021-06-25 08:00:00,20.757,36.93325,224.475,8.06666666666667
2021-06-25 12:00:00,18.14,37.08975,236.18,8.12225
2021-06-25 16:00:00,17.2903333333333,37.2876666666667,238.616666666667,8.14566666666667
2021-06-25 20:00:00,17.375,37.1435,239.575,8.11325
2021-06-26 00:00:00,19.025,37.078,231.5575,8.16833333333334
2021-06-26 04:00:00,19.888,37.0052,233.126,8.15733333333333
2021-06-26 08:00:00,21.03525,36.84825,220.3525,8.0875
2021-06-26 12:00:00,18.4495,37.06225,234.16,8.11625
2021-06-26 16:00:00,17.5373333333333,37.2623333333333,239.156666666667,8.12266666666667
2021-06-26 20:00:00,17.298,37.1445,239.07,8.1195
2021-06-27 00:00:00,19.21075,37.071,234.0925,8.14933333333333
2021-06-27 04:00:00,19.8252,37.01,226.22,8.16433333333333
2021-06-27 08:00:00,21.0405,36.87525,223.8375,8.144
2021-06-27 12:00:00,18.33,37.09775,241.9275,8.1185
2021-06-27 16:00:00,17.7626666666667,37.2243333333333,237.23,8.108
2021-06-27 20:00:00,17.3925,37.15675,242.6475,8.15725
2021-06-28 00:00:00,19.5405,37.067,232.7725,8.15066666666667
2021-06-28 04:00:00,19.8924,37.006,232.8,8.139
2021-06-28 08:00:00,21.05225,36.90325,222.61,8.1295
2021-06-28 12:00:00,18.625,37.05275,237.9625,8.0955
2021-06-28 16:00:00,17.9103333333333,37.1523333333333,240.346666666667,8.11633333333333
2021-06-28 20:00:00,17.78325,37.16325,242.0775,8.1475
2021-06-29 00:00:00,19.8415,37.04675,227.11,8.13066666666667
2021-06-29 04:00:00,19.9564,37.011,231.654,8.17533333333333
2021-06-29 08:00:00,20.96225,36.91925,223.9375,8.1555
2021-06-29 12:00:00,18.79575,37.035,236.57,8.0795
2021-06-29 16:00:00,18.0156666666667,37.1413333333333,238.54,8.115
2021-06-29 20:00:00,17.58575,37.20825,234.02,8.1405
2021-06-30 00:00:00,19.62775,37.0275,229.5775,8.109
2021-06-30 04:00:00,19.8714,37.0244,227.946,8.16633333333333
2021-06-30 08:00:00,20.8285,36.926,227.41,8.1665
2021-06-30 12:00:00,19.1965,36.9405,229.01,8.11633333333333
2021-06-30 16:00:00,18.4603333333333,37.093,232.366666666667,8.09566666666667
2021-06-30 20:00:00,17.79725,37.18175,237.84,8.12825
2021-07-01 00:00:00,19.50825,37.03575,231.7825,8.102
2021-07-01 04:00:00,20.093,37.0242,228.854,8.12766666666667
2021-07-01 08:00:00,20.9525,36.92575,231.0075,8.178
2021-07-01 12:00:00,19.05325,36.98175,237.6775,8.14666666666667
2021-07-01 16:00:00,18.225,37.1323333333333,244.43,8.08933333333333
2021-07-01 20:00:00,17.80175,37.167,239.4025,8.11475
2021-07-02 00:00:00,19.76825,37.03,237.105,8.15933333333333
2021-07-02 04:00:00,20.5352,37.0236,227.254,8.152
2021-07-02 08:00:00,20.23475,36.935,238.04,8.101
2021-07-02 12:00:00,19.15025,36.988,232.14,8.135
2021-07-02 16:00:00,18.5863333333333,37.0523333333333,238.94,8.09066666666667
2021-07-02 20:00:00,18.0245,37.097,236.985,8.1355
2021-07-03 00:00:00,20.08175,37.05975,236.5525,8.15233333333333
2021-07-03 04:00:00,20.751,37.0124,224.712,8.12833333333333
2021-07-03 08:00:00,20.70075,36.919,225.8725,8.1375
2021-07-03 12:00:00,19.078,37.04025,232.7925,8.141
2021-07-03 16:00:00,18.7803333333333,37.03,239.11,8.082
2021-07-03 20:00:00,18.14825,37.08475,236.2475,8.13225
2021-07-04 00:00:00,20.22925,37.07125,226.4825,8.13233333333333
2021-07-04 04:00:00,20.5386,37.0046,226.07,8.115
2021-07-04 08:00:00,20.97275,36.91625,224.525,8.1175
2021-07-04 12:00:00,18.8615,37.0485,237.765,8.139
2021-07-04 16:00:00,19.3786666666667,36.9866666666667,228.37,8.118
2021-07-04 20:00:00,18.464,37.0595,231.295,8.1125
2021-07-05 00:00:00,20.45625,37.04725,229.785,8.095
2021-07-05 04:00:00,20.4504,37.0058,226.91,8.13033333333333
2021-07-05 08:00:00,21.27425,36.93375,223.595,8.166
2021-07-05 12:00:00,18.95725,37.0565,234.9925,8.15866666666667
2021-07-05 16:00:00,19.1673333333333,36.9996666666667,237.646666666667,8.1295
2021-07-05 20:00:00,18.73275,37.073,235.5475,8.09925
2021-07-06 00:00:00,20.2895,37.061,229.4375,8.104
2021-07-06 04:00:00,20.6348,37.0124,230.334,8.16233333333333
2021-07-06 08:00:00,21.836,36.93025,223.36,8.134
2021-07-06 12:00:00,19.26375,37.0555,241.4125,8.145
2021-07-06 16:00:00,19.324,36.989,229.446666666667,8.096
2021-07-06 20:00:00,18.72825,37.04675,238.1,8.1205
2021-07-07 00:00:00,20.75925,37.00675,226.025,8.12566666666667
2021-07-07 04:00:00,21.1004,37.0338,230.156,8.129
2021-07-07 08:00:00,21.7985,36.923,218.81,8.0995
2021-07-07 12:00:00,19.181,37.064,232.59,8.156
2021-07-07 16:00:00,19.1213333333333,37.0506666666667,229.633333333333,8.092
2021-07-07 20:00:00,18.75425,37.03525,236.04,8.07875
2021-07-08 00:00:00,20.56325,37.012,226.4425,8.13833333333333
2021-07-08 04:00:00,21.337,37.0434,223.932,8.156
2021-07-08 08:00:00,21.71825,36.938,218.8925,8.0835
2021-07-08 12:00:00,19.19925,37.06025,235.4625,8.16633333333333
2021-07-08 16:00:00,18.8323333333333,37.0573333333333,239.916666666667,8.1545
2021-07-08 20:00:00,19.14775,36.89225,227.135,8.08966666666667
2021-07-09 00:00:00,20.93525,36.9925,222.4125,8.11233333333333
2021-07-09 04:00:00,21.3298,37.025,229.066,8.138
2021-07-09 08:00:00,21.756,36.89525,222.6375,8.107
2021-07-09 12:00:00,19.33925,37.06425,232.6875,8.16533333333333
2021-07-09 16:00:00,18.8363333333333,37.0603333333333,237.663333333333,8.1525
2021-07-09 20:00:00,19.127,36.978,232.3825,8.14666666666667
2021-07-10 00:00:00,21.09675,37.02575,225.36,8.09633333333333
2021-07-10 04:00:00,21.2542,37.0358,224.62,8.108
2021-07-10 08:00:00,22.021,36.925,227.0775,8.1695
2021-07-10 12:00:00,19.613,37.065,238.49,8.15533333333333
2021-07-10 16:00:00,19.042,37.062,236.67,8.157
2021-07-10 20:00:00,19.17575,36.997,229.1025,8.11033333333333
2021-07-11 00:00:00,21.0065,36.9925,228.8275,8.128
2021-07-11 04:00:00,21.7374,36.9934,218.916,8.11933333333333
2021-07-11 08:00:00,22.686,36.92425,221.7,8.103
2021-07-11 12:00:00,19.84875,37.04575,225.825,8.12666666666667
2021-07-11 16:00:00,18.9463333333333,37.0763333333333,231.406666666667,8.178
2021-07-11 20:00:00,18.63775,37.0335,234.84,8.13766666666667
2021-07-12 00:00:00,21.1225,36.984,225.4125,8.04966666666667
2021-07-12 04:00:00,21.5404,37.0036,224.12,8.12533333333333
2021-07-12 08:00:00,22.89925,36.936,221.6725,8.156
2021-07-12 12:00:00,19.69575,37.0465,226.675,8.11466666666667
2021-07-12 16:00:00,19.183,37.076,234.73,8.1355
2021-07-12 20:00:00,18.8515,37.04875,236.7025,8.15433333333333
2021-07-13 00:00:00,21.62575,36.85675,217.665,8.0305
2021-07-13 04:00:00,21.4842,37.024,222.21,8.11733333333333
2021-07-13 08:00:00,22.915,36.9315,220.7925,8.1175
2021-07-13 12:00:00,19.4715,36.97625,231.5425,8.12166666666667
2021-07-13 16:00:00,19.1576666666667,37.1043333333333,235.63,8.1635
2021-07-13 20:00:00,19.03625,37.0555,234.6825,8.136
2021-07-14 00:00:00,21.4575,36.933,219.735,8.117
2021-07-14 04:00:00,21.9118,37.0236,220.314,8.10933333333333
2021-07-14 08:00:00,22.89025,36.96,221.6125,8.0785
2021-07-14 12:00:00,19.755,37.041,236.1075,8.15666666666667
2021-07-14 16:00:00,19.2736666666667,37.092,238.763333333333,8.1945
2021-07-14 20:00:00,19.2215,37.05625,235.9225,8.153
2021-07-15 00:00:00,21.4275,36.962,220.6575,8.105
2021-07-15 04:00:00,21.9006,36.996,224.596,8.11466666666667
2021-07-15 08:00:00,23.1235,36.95175,216.3625,8.12
2021-07-15 12:00:00,20.168,37.06625,230.505,8.14933333333333
2021-07-15 16:00:00,19.7563333333333,37.0556666666667,224.496666666667,8.1225
2021-07-15 20:00:00,19.1565,37.06675,236.3875,8.158
2021-07-16 00:00:00,20.72025,36.95625,227.5925,8.151
2021-07-16 04:00:00,22.1472,36.989,217.602,8.03566666666667
2021-07-16 08:00:00,22.8965,36.95825,220.2125,8.1085
2021-07-16 12:00:00,20.30475,37.07675,231.28,8.16733333333333
2021-07-16 16:00:00,19.453,37.0616666666667,229.64,8.117
2021-07-16 20:00:00,19.3195,37.05575,232.7125,8.17133333333333
2021-07-17 00:00:00,21.20225,36.973,226.18,8.09233333333333
2021-07-17 04:00:00,22.3822,36.912,215.586,8.0855
2021-07-17 08:00:00,22.757,36.9775,220.1825,8.1215
2021-07-17 12:00:00,20.5345,37.0555,231.425,8.12633333333333
2021-07-17 16:00:00,19.2366666666667,37.0503333333333,230.48,8.114
2021-07-17 20:00:00,19.31225,37.0505,234.8625,8.15433333333333
2021-07-18 00:00:00,21.43475,36.98825,223.4775,8.075
2021-07-18 04:00:00,22.2372,36.9542,214.47,8.0855
2021-07-18 08:00:00,23.1765,36.9675,214.88,8.0985
2021-07-18 12:00:00,20.3,37.0565,230.8225,8.11133333333333
2021-07-18 16:00:00,19.402,37.0876666666667,241.446666666667,8.1185
2021-07-18 20:00:00,19.60675,37.05675,237.8625,8.162
2021-07-19 00:00:00,21.89525,36.96425,230.145,8.08866666666667
2021-07-19 04:00:00,22.2494,36.9748,215.56,8.1115
2021-07-19 08:00:00,23.17575,36.972,218.2625,8.119
2021-07-19 12:00:00,20.75425,37.01125,225.55,8.13166666666667
2021-07-19 16:00:00,19.818,37.116,232.663333333333,8.092
2021-07-19 20:00:00,19.83425,37.0465,224.62,8.10366666666667
2021-07-20 00:00:00,21.8575,36.965,230.6075,8.082
2021-07-20 04:00:00,21.35475,36.95,221.555,8.1485
2021-07-20 08:00:00,23.32275,36.9815,214.1925,8.0215
2021-07-20 12:00:00,20.61525,37.011,230.19,8.13833333333333
2021-07-20 16:00:00,19.8383333333333,37.1136666666667,233.323333333333,8.166
2021-07-20 20:00:00,19.76525,37.05425,226.545,8.11433333333333
2021-07-21 00:00:00,21.92125,36.9585,222.2325,8.082
2021-07-21 04:00:00,22.0854,36.9874,224.362,8.06975
2021-07-21 08:00:00,23.622,36.93325,209.095,8.106
2021-07-21 12:00:00,20.7515,37.006,223.74,8.115
2021-07-21 16:00:00,20.113,37.0963333333333,231.26,8.147
2021-07-21 20:00:00,19.58275,37.02675,228.4575,8.135
2021-07-22 00:00:00,21.884,36.95925,220.6875,8.09066666666667
2021-07-22 04:00:00,22.3424,36.9912,218.612,8.04475
2021-07-22 08:00:00,23.50325,36.94225,211.2825,8.1
2021-07-22 12:00:00,21.06,37.0265,225.815,8.10033333333333
2021-07-22 16:00:00,19.627,37.0923333333333,233.33,8.1035
2021-07-22 20:00:00,19.83525,37.0185,236.3,8.16133333333333
2021-07-23 00:00:00,22.1865,36.94125,223.5175,8.08333333333333
2021-07-23 04:00:00,22.763,36.973,226.236,8.0515
2021-07-23 08:00:00,23.2395,36.966,210.845,8.115
2021-07-23 12:00:00,21.173,36.986,227.785,8.11866666666667
2021-07-23 16:00:00,20.214,37.0236666666667,230.283333333333,8.163
2021-07-23 20:00:00,20.11175,37.08225,233.3325,8.15966666666667
2021-07-24 00:00:00,22.34625,36.9415,215.74,8.05833333333333
2021-07-24 04:00:00,22.6342,36.9662,222.814,8.042
2021-07-24 08:00:00,23.2685,36.96025,213.6925,8.0825
2021-07-24 12:00:00,21.283,36.98225,221.32,8.041
2021-07-24 16:00:00,20.0173333333333,37.0233333333333,234.573333333333,8.1635
2021-07-24 20:00:00,20.28625,37.07025,230.315,8.17533333333333
2021-07-25 00:00:00,22.65525,36.95475,215.755,8.055
2021-07-25 04:00:00,22.9066,36.9658,217.658,8.03925
2021-07-25 08:00:00,23.40375,36.976,219.77,8.053
2021-07-25 12:00:00,21.5075,36.89175,223.165,8.1135
2021-07-25 16:00:00,19.93,37.063,233.346666666667,8.1635
2021-07-25 20:00:00,20.3205,37.0585,230.09,8.12566666666667
2021-07-26 00:00:00,22.3465,36.94,224.1525,8.06466666666667
2021-07-26 04:00:00,22.6794,36.962,216.248,8.0445
2021-07-26 08:00:00,23.93875,36.966,216.2275,8.00433333333333
2021-07-26 12:00:00,21.3115,36.93525,218.9825,8.1265
2021-07-26 16:00:00,20.1213333333333,37.066,230.553333333333,8.1465
2021-07-26 20:00:00,20.18775,37.051,228.92,8.11533333333333
2021-07-27 00:00:00,22.485,36.94925,223.5,8.08133333333333
2021-07-27 04:00:00,23.0042,36.9536,216.276,8.024
2021-07-27 08:00:00,23.9955,36.9625,226.81,8.03766666666667
2021-07-27 12:00:00,21.39075,36.96875,219.4725,8.1175
2021-07-27 16:00:00,20.441,37.0263333333333,230.453333333333,8.137
2021-07-27 20:00:00,20.6055,37.0115,228.2375,8.11033333333333
2021-07-28 00:00:00,22.775,36.9615,221.1025,8.08966666666667
2021-07-28 04:00:00,23.195,36.9438,211.69,8.03825
2021-07-28 08:00:00,23.743,36.9465,220.67,8.01766666666667
2021-07-28 12:00:00,21.45075,36.9635,221.52,8.1615
2021-07-28 16:00:00,20.536,37.023,223.656666666667,8.087
2021-07-28 20:00:00,20.631,37.01175,226.7725,8.14166666666667
2021-07-29 00:00:00,22.899,36.97075,218.11,8.06333333333333
2021-07-29 04:00:00,23.4296,36.954,212.284,8.03125
2021-07-29 08:00:00,23.77925,36.935,213.5225,8.01833333333333
2021-07-29 12:00:00,21.22675,36.98575,230.5675,8.11733333333333
2021-07-29 16:00:00,20.71,36.9093333333333,230.993333333333,8.117
2021-07-29 20:00:00,20.5985,37.03475,224.125,8.1
2021-07-30 00:00:00,22.974,36.97425,218.9925,8.06133333333333
2021-07-30 04:00:00,23.1212,36.9618,215.676,8.04125
2021-07-30 08:00:00,23.8315,36.9465,216.265,8.001
2021-07-30 12:00:00,21.457,36.98675,222.79,8.081
2021-07-30 16:00:00,20.3173333333333,36.9946666666667,223.636666666667,8.1525
2021-07-30 20:00:00,20.9605,37.0155,223.3725,8.1
2021-07-31 00:00:00,23.00875,36.98175,217.65,8.05533333333333
2021-07-31 04:00:00,23.1204,36.9672,218.918,8.04625
2021-07-31 08:00:00,24.044,36.937,210.715,7.99766666666667
2021-07-31 12:00:00,21.92325,36.967,228.2725,8.08433333333333
2021-07-31 16:00:00,20.5323333333333,37.0196666666667,227.71,8.1115
2021-07-31 20:00:00,21.164,36.988,227.6,8.09366666666667
2021-08-01 00:00:00,23.43075,36.98775,217.2425,8.061
2021-08-01 04:00:00,23.4662,36.9862,216.398,8.0515
2021-08-01 08:00:00,24.42225,36.937,205.7975,8.017
2021-08-01 12:00:00,21.8155,36.96175,226.5475,8.07133333333333
2021-08-01 16:00:00,20.6486666666667,37.0076666666667,226.72,8.139
2021-08-01 20:00:00,21.191,36.99225,219.035,8.0895
2021-08-02 00:00:00,23.403,36.976,213.9175,8.06
2021-08-02 04:00:00,23.5714,36.994,213.952,7.97566666666667
2021-08-02 08:00:00,24.529,36.96,210.565,8.01633333333333
2021-08-02 12:00:00,21.97675,36.959,220.685,8.06766666666667
2021-08-02 16:00:00,20.3863333333333,37.0353333333333,234.993333333333,8.109
2021-08-02 20:00:00,21.56925,36.904,221.2225,8.1035
2021-08-03 00:00:00,23.17125,36.9705,217.085,8.06166666666667
2021-08-03 04:00:00,23.6706,37.0002,214.726,8.038
2021-08-03 08:00:00,24.26925,36.96175,211.535,8.033
2021-08-03 12:00:00,21.85625,36.97575,223.6175,8.075
2021-08-03 16:00:00,20.9523333333333,37.0373333333333,235.41,8.07433333333333
2021-08-03 20:00:00,21.2425,36.946,219.1425,8.155
2021-08-04 00:00:00,23.45575,36.96575,210.4775,8.04666666666667
2021-08-04 04:00:00,23.76,37.0096,213.294,8.026
2021-08-04 08:00:00,24.305,36.96525,208.4925,8.02266666666667
2021-08-04 12:00:00,22.23,36.94375,220.2925,8.048
2021-08-04 16:00:00,21.309,37.0223333333333,233.976666666667,8.07766666666667
2021-08-04 20:00:00,21.26075,36.975,220.4975,8.1135
2021-08-05 00:00:00,23.44075,36.97675,215.01,8.03033333333333
2021-08-05 04:00:00,24.17,36.9938,211.194,8.02575
2021-08-05 08:00:00,24.54575,36.9985,209.88,8.03566666666667
2021-08-05 12:00:00,22.32975,36.938,214.7925,8.04433333333333
2021-08-05 16:00:00,21.315,37.0113333333333,228.04,8.07233333333333
2021-08-05 20:00:00,21.22175,36.9615,222.78,8.131
2021-08-06 00:00:00,23.587,36.971,211.8675,7.996
2021-08-06 04:00:00,24.1496,36.985,209.608,8.029
2021-08-06 08:00:00,24.9215,37.001,208.34,7.99033333333333
2021-08-06 12:00:00,22.622,36.95675,218.585,8.05
2021-08-06 16:00:00,21.5626666666667,37.0106666666667,223.543333333333,8.07533333333333
2021-08-06 20:00:00,21.30925,36.98125,227.205,8.11266666666667
2021-08-07 00:00:00,23.83675,36.89325,208.6375,8.023
2021-08-07 04:00:00,23.8654,36.9794,213.344,8.0315
2021-08-07 08:00:00,24.932,37.018,215.295,7.98833333333333
2021-08-07 12:00:00,22.3225,36.95675,222.6675,8.08166666666667
2021-08-07 16:00:00,21.2723333333333,37.0236666666667,225.826666666667,8.06
2021-08-07 20:00:00,21.766,36.982,224.1625,8.07666666666667
2021-08-08 00:00:00,23.8645,36.9615,208.4575,8.0375
2021-08-08 04:00:00,24.0548,36.965,208.222,8.0195
2021-08-08 08:00:00,25.1685,37.0135,208.6625,7.977
2021-08-08 12:00:00,22.3275,36.9595,220.49,8.10066666666667
2021-08-08 16:00:00,21.5253333333333,36.975,229.813333333333,8.06433333333333
2021-08-08 20:00:00,22.17525,36.963,230.565,8.05866666666667
2021-08-09 00:00:00,23.37925,36.97275,212.155,8.0555
2021-08-09 04:00:00,23.9142,36.985,211.372,8.00525
2021-08-09 08:00:00,25.529,37.00275,210.4725,7.98733333333333
2021-08-09 12:00:00,22.7905,36.96475,222.32,8.081
2021-08-09 16:00:00,21.676,36.9646666666667,217.573333333333,8.083
2021-08-09 20:00:00,21.7845,36.95625,221.575,8.06933333333333
2021-08-10 00:00:00,23.33,36.96325,214.6175,8.065
2021-08-10 04:00:00,24.1524,36.9674,209.308,7.98166666666667
2021-08-10 08:00:00,25.49725,36.98825,204.285,7.96
2021-08-10 12:00:00,22.95975,36.97675,221.3225,8.068
2021-08-10 16:00:00,22.0513333333333,36.9733333333333,217.753333333333,8.05866666666667
2021-08-10 20:00:00,21.98975,36.95575,221.8725,8.08966666666667
2021-08-11 00:00:00,23.686,36.9975,216.495,8.047
2021-08-11 04:00:00,24.4102,36.9204,208.222,7.99066666666667
2021-08-11 08:00:00,25.20625,36.97525,204.3275,7.981
2021-08-11 12:00:00,22.8345,36.977,225.0925,8.04366666666667
2021-08-11 16:00:00,21.6793333333333,36.9856666666667,224.826666666667,8.07433333333333
2021-08-11 20:00:00,21.82625,36.97875,220.1125,8.06233333333333
2021-08-12 00:00:00,24.14575,37.005,211.6925,8.001
2021-08-12 04:00:00,24.37,36.9718,205.208,8.00766666666667
2021-08-12 08:00:00,25.46375,36.9535,201.08,7.98033333333333
2021-08-12 12:00:00,22.88875,36.991,216.8675,8.04533333333333
2021-08-12 16:00:00,21.853,36.9696666666667,225.31,8.091
2021-08-12 20:00:00,22.2605,36.9455,224.4525,8.06033333333333
2021-08-13 00:00:00,24.52925,36.99025,209.8925,7.99166666666667
2021-08-13 04:00:00,24.0312,36.9802,207.224,8.00833333333333
2021-08-13 08:00:00,25.29825,36.97325,207.2925,7.95933333333333
2021-08-13 12:00:00,23.27475,36.9725,216.35,8.04666666666667
2021-08-13 16:00:00,22.0196666666667,36.9726666666667,223.09,8.088
2021-08-13 20:00:00,22.357,36.937,216.91,8.06666666666667
2021-08-14 00:00:00,23.8905,36.966,212.455,7.999
2021-08-14 04:00:00,23.9204,36.9856,209.598,8.001
2021-08-14 08:00:00,25.56825,36.94325,203.445,7.9465
2021-08-14 12:00:00,23.37,36.98075,216.9875,8.04133333333333
2021-08-14 16:00:00,22.08,36.9926666666667,224.476666666667,8.057
2021-08-14 20:00:00,22.5315,36.9535,215.94,8.051
2021-08-15 00:00:00,24.091,36.96775,211.165,7.99133333333333
2021-08-15 04:00:00,24.2246,37.0156,210.67,8.0235
2021-08-15 08:00:00,25.92725,36.949,201.87,7.9445
2021-08-15 12:00:00,23.28,36.98225,213.9825,8.03533333333333
2021-08-15 16:00:00,22.2903333333333,36.9933333333333,221.233333333333,8.05833333333333
2021-08-15 20:00:00,22.33825,36.955,218.66,8.06
2021-08-16 00:00:00,24.23725,36.98325,208.4875,8.00466666666667
2021-08-16 04:00:00,24.6058,37.027,206.052,7.98575
2021-08-16 08:00:00,25.61475,36.9675,200.335,7.947
2021-08-16 12:00:00,23.3055,36.97775,211.6525,8.03
2021-08-16 16:00:00,22.1553333333333,37.0176666666667,220.36,8.043
2021-08-16 20:00:00,22.71,36.94525,219.7025,8.073
2021-08-17 00:00:00,24.34725,36.96075,212.0875,7.99133333333333
2021-08-17 04:00:00,24.8806,37.0116,204.43,7.97175
2021-08-17 08:00:00,25.416,36.97525,200.685,7.947
2021-08-17 12:00:00,23.2265,36.98875,217.95,8.02733333333333
2021-08-17 16:00:00,22.3463333333333,36.973,220.703333333333,8.042
2021-08-17 20:00:00,22.755,36.97025,221.3525,8.105
2021-08-18 00:00:00,24.29325,36.953,209.385,8.00466666666667
2021-08-18 04:00:00,24.4774,36.9902,210.488,7.97425
2021-08-18 08:00:00,25.1995,36.9845,201.8825,7.9345
2021-08-18 12:00:00,23.717,36.9715,214.6875,8.0055
2021-08-18 16:00:00,22.5296666666667,36.9833333333333,218.3,8.02966666666667
2021-08-18 20:00:00,22.999,36.97825,217.435,8.056
2021-08-19 00:00:00,24.58525,36.9745,208.3875,8.006
2021-08-19 04:00:00,24.6538,36.9882,208.01,7.9925
2021-08-19 08:00:00,25.5535,37.01575,204.025,7.95833333333333
2021-08-19 12:00:00,23.81775,36.9015,213.2875,8.028
2021-08-19 16:00:00,23.0793333333333,36.9513333333333,214.243333333333,8.028
2021-08-19 20:00:00,22.967,36.97375,220.835,8.04533333333333
2021-08-20 00:00:00,24.40175,36.96975,206.7675,8.01766666666667
2021-08-20 04:00:00,24.955,36.9958,205.34,7.987
2021-08-20 08:00:00,25.6615,37.01775,204.8875,7.959
2021-08-20 12:00:00,23.596,36.98475,206.595,8.037
2021-08-20 16:00:00,22.6443333333333,36.9716666666667,215.526666666667,8.029
2021-08-20 20:00:00,22.99,36.9965,215.2375,8.04033333333333
2021-08-21 00:00:00,24.708,36.96375,209.515,8.01366666666667
2021-08-21 04:00:00,24.829,36.9862,209.818,7.99233333333333
2021-08-21 08:00:00,25.75425,36.99275,201.5375,7.94366666666667
2021-08-21 12:00:00,23.57425,36.9715,207.645,8.0445
2021-08-21 16:00:00,22.4986666666667,36.9833333333333,222.313333333333,8.03066666666667
2021-08-21 20:00:00,23.134,36.962,216.0225,8.04966666666667
2021-08-22 00:00:00,24.70975,36.988,209.1675,8.02633333333333
2021-08-22 04:00:00,24.8054,36.9672,207.812,7.98775
2021-08-22 08:00:00,25.601,36.9945,207.4175,7.94266666666667
2021-08-22 12:00:00,23.5295,36.98,215.39,8.0635
2021-08-22 16:00:00,23.0763333333333,36.9613333333333,219.143333333333,8.0165
2021-08-22 20:00:00,23.2855,36.97825,214.5375,8.05466666666667
2021-08-23 00:00:00,25.13025,36.986,206.365,7.98566666666667
2021-08-23 04:00:00,25.0768,36.982,203.76,7.9885
2021-08-23 08:00:00,25.76775,36.97725,200.81,7.93333333333333
2021-08-23 12:00:00,23.64575,36.9975,213.8525,8.04066666666667
2021-08-23 16:00:00,23.1193333333333,36.8616666666667,216.54,8.052
2021-08-23 20:00:00,23.7175,36.9555,210.0275,8.021
2021-08-24 00:00:00,25.01575,36.97975,209.905,7.98633333333333
2021-08-24 04:00:00,24.8856,36.9796,203.222,7.99
2021-08-24 08:00:00,26.03625,36.991,199.025,7.93333333333333
2021-08-24 12:00:00,24.22875,37.008,209.635,7.99533333333333
2021-08-24 16:00:00,22.9933333333333,36.9593333333333,214.933333333333,8.0225
2021-08-24 20:00:00,23.343,36.976,211.8025,8.03466666666667
2021-08-25 00:00:00,25.15,37.0065,207.2875,7.98266666666667
2021-08-25 04:00:00,25.0948,36.9776,203.864,7.991
2021-08-25 08:00:00,25.9325,36.97425,203.28,7.94
2021-08-25 12:00:00,24.471,36.981,208.5375,7.98566666666667
2021-08-25 16:00:00,22.9626666666667,36.951,213.82,8.0405
2021-08-25 20:00:00,23.22975,36.98775,220.02,7.974
2021-08-26 00:00:00,25.2025,36.9855,200.7975,7.978
2021-08-26 04:00:00,25.0842,36.991,204.328,8.0005
2021-08-26 08:00:00,26.06975,36.95925,206.855,7.94633333333333
2021-08-26 12:00:00,23.5735,36.96725,215.2325,7.998
2021-08-26 16:00:00,22.8993333333333,36.955,214.94,8.0525
2021-08-26 20:00:00,23.8065,36.97525,213.0775,8.0205
2021-08-27 00:00:00,25.39725,37.005,206.825,7.967
2021-08-27 04:00:00,25.4868,36.9918,204.258,7.97175
2021-08-27 08:00:00,26.22075,36.96975,197.1125,7.93166666666667
2021-08-27 12:00:00,23.7115,36.963,213.825,8.01033333333333
2021-08-27 16:00:00,23.075,36.9843333333333,215.13,8.0745
2021-08-27 20:00:00,23.8255,36.91275,209.7425,8.044
2021-08-28 00:00:00,25.75825,36.9765,201.7425,7.95233333333333
2021-08-28 04:00:00,25.3328,36.9888,204.106,7.9505
2021-08-28 08:00:00,25.9955,36.98075,198.66,7.94
2021-08-28 12:00:00,24.36075,36.9805,210.9475,7.99033333333333
2021-08-28 16:00:00,23.736,36.9936666666667,209.363333333333,8.0045
2021-08-28 20:00:00,23.679,36.976,211.08,8.032
2021-08-29 00:00:00,25.18175,37.00575,209.3975,7.989
2021-08-29 04:00:00,25.5256,37.009,201.942,7.96775
2021-08-29 08:00:00,26.01075,36.98975,196.92,7.92966666666667
2021-08-29 12:00:00,24.428,36.972,211.965,7.996
2021-08-29 16:00:00,23.8073333333333,36.9873333333333,211.77,8.0075
2021-08-29 20:00:00,23.5445,36.975,205.8675,8.0115
2021-08-30 00:00:00,25.208,36.9625,206.0925,7.951
2021-08-30 04:00:00,25.446,36.9992,202.05,7.974
2021-08-30 08:00:00,26.06075,36.9885,198.7225,7.93733333333333
2021-08-30 12:00:00,24.3845,36.95175,210.35,8.001
2021-08-30 16:00:00,22.809,36.9516666666667,215.56,8.006
2021-08-30 20:00:00,23.56875,36.96925,210.05,8.02366666666667
2021-08-31 00:00:00,25.83,36.976,200.1575,7.925
2021-08-31 04:00:00,25.6804,37.0158,206.434,7.969
2021-08-31 08:00:00,26.44875,37.0005,200.375,7.94766666666667
2021-08-31 12:00:00,24.399,36.96875,202.8675,7.98866666666667
2021-08-31 16:00:00,22.8483333333333,36.9566666666667,218.576666666667,8.0275
2021-08-31 20:00:00,23.71,36.99925,211.4775,8.02666666666667
2021-09-01 00:00:00,25.735,36.9605,199.865,7.942
2021-09-01 04:00:00,26.0316,36.9962,199.55,7.969
2021-09-01 08:00:00,26.13475,37.0045,201.265,7.93366666666667
2021-09-01 12:00:00,24.419,36.979,209.625,8.01233333333333
2021-09-01 16:00:00,23.802,36.9776666666667,218.89,8.0255
2021-09-01 20:00:00,24.296,36.997,208.0975,7.979
2021-09-02 00:00:00,25.782,36.981,199.0425,7.9295
2021-09-02 04:00:00,25.4092,37.0176,201.368,7.968
2021-09-02 08:00:00,26.57,37.02025,196.075,7.941
2021-09-02 12:00:00,24.55425,36.96525,203.8075,8.01566666666667
2021-09-02 16:00:00,23.7843333333333,36.9713333333333,215.036666666667,8.0335
2021-09-02 20:00:00,24.20875,36.98075,209.0975,7.983
2021-09-03 00:00:00,25.53525,36.985,198.2125,7.9465
2021-09-03 04:00:00,25.5012,37.0184,198.954,7.946
2021-09-03 08:00:00,26.54275,37.009,199.1375,7.93233333333333
2021-09-03 12:00:00,24.706,36.99125,209.3775,7.99866666666667
2021-09-03 16:00:00,23.6336666666667,36.958,212.666666666667,8.03
2021-09-03 20:00:00,23.805,36.95675,211.885,7.987
2021-09-04 00:00:00,25.56975,36.98425,198.0925,7.94533333333333
2021-09-04 04:00:00,25.9932,36.9898,196.012,7.931
2021-09-04 08:00:00,26.55275,37.02625,200.825,7.939
2021-09-04 12:00:00,25.07425,36.9915,206.48,7.98633333333333
2021-09-04 16:00:00,23.603,36.9803333333333,205.28,8.025
2021-09-04 20:00:00,23.93175,36.963,212.8625,8.011
2021-09-05 00:00:00,25.61625,37.00325,200.5675,7.94266666666667
2021-09-05 04:00:00,25.8794,36.9822,195.734,7.93
2021-09-05 08:00:00,26.519,37.02625,198.2875,7.947
2021-09-05 12:00:00,25.03875,36.98225,207.4,7.977
2021-09-05 16:00:00,23.7846666666667,36.9703333333333,213.046666666667,8.064
2021-09-05 20:00:00,24.28075,36.97325,213.18,8.00266666666667
2021-09-06 00:00:00,25.8255,36.9955,197.0425,7.93533333333333
2021-09-06 04:00:00,25.919,36.9956,195.736,7.93266666666667
2021-09-06 08:00:00,26.358,37.02625,195.985,7.93066666666667
2021-09-06 12:00:00,25.358,36.99975,203.7875,7.96766666666667
2021-09-06 16:00:00,24.208,36.945,211.62,8.06
2021-09-06 20:00:00,24.29125,36.978,214.9225,7.99066666666667
2021-09-07 00:00:00,25.2145,36.99575,201.395,7.94633333333333
2021-09-07 04:00:00,25.7376,36.9984,193.68,7.93633333333333
2021-09-07 08:00:00,26.441,37.03125,197.135,7.93533333333333
2021-09-07 12:00:00,25.179,36.989,203.0875,7.96666666666667
2021-09-07 16:00:00,24.4653333333333,36.97,215.01,8.0455
2021-09-07 20:00:00,24.36,36.9495,208.665,8.004
2021-09-08 00:00:00,25.44,36.98275,203.44,7.93533333333333
2021-09-08 04:00:00,25.863,37.0028,193.778,7.942
2021-09-08 08:00:00,26.47625,37.028,193.8675,7.929
2021-09-08 12:00:00,25.65425,36.96975,203.07,7.96533333333333
2021-09-08 16:00:00,24.6863333333333,36.9623333333333,208.443333333333,7.988
2021-09-08 20:00:00,24.445,36.965,201.8375,8.00466666666667
2021-09-09 00:00:00,25.70575,36.994,200.875,7.94166666666667
2021-09-09 04:00:00,25.8438,37.016,200.002,7.952
2021-09-09 08:00:00,26.40325,37.031,191.4375,7.93833333333333
2021-09-09 12:00:00,25.63875,36.982,201.7625,7.97466666666667
2021-09-09 16:00:00,24.5036666666667,36.9463333333333,212.403333333333,8.008
2021-09-09 20:00:00,24.41975,36.97875,207.325,8.027
2021-09-10 00:00:00,26.126,37.00725,198.4525,7.94066666666667
2021-09-10 04:00:00,26.0242,37.0074,194.124,7.93825
2021-09-10 08:00:00,26.405,37.042,193.68,7.933
2021-09-10 12:00:00,25.09775,37.00075,207.165,7.98466666666667
2021-09-10 16:00:00,24.7133333333333,36.9673333333333,216.323333333333,7.9825
2021-09-10 20:00:00,24.78075,36.96525,206.555,8.00533333333333
2021-09-11 00:00:00,26.11125,37.00575,204.145,7.95333333333333
2021-09-11 04:00:00,25.5082,37.0202,201.866,7.9485
2021-09-11 08:00:00,26.17225,37.03925,193.3625,7.93833333333333
2021-09-11 12:00:00,25.2005,36.83775,205.995,7.94433333333333
2021-09-11 16:00:00,24.5633333333333,36.9826666666667,209.516666666667,7.991
2021-09-11 20:00:00,24.976,36.99375,209.9925,8.014
2021-09-12 00:00:00,25.92475,36.98375,198.94,7.93366666666667
2021-09-12 04:00:00,25.5904,37.0038,199.182,7.9395
2021-09-12 08:00:00,26.3595,37.04825,195.0575,7.937
2021-09-12 12:00:00,25.8045,36.96975,198.4075,7.9135
2021-09-12 16:00:00,25.2216666666667,36.9483333333333,206.37,7.9835
2021-09-12 20:00:00,25.14225,36.994,206.4475,7.991
2021-09-13 00:00:00,26.00175,37.002,194.195,7.93466666666667
2021-09-13 04:00:00,25.9376,37.0164,199.278,7.93025
2021-09-13 08:00:00,26.4,37.0675,194.33,7.94275
2021-09-13 12:00:00,25.74975,36.9765,199.865,7.934
2021-09-13 16:00:00,25.2706666666667,36.9823333333333,203.55,7.9725
2021-09-13 20:00:00,25.05675,36.9925,211.8275,7.99033333333333
2021-09-14 00:00:00,25.96125,37.016,194.0825,7.93266666666667
2021-09-14 04:00:00,26.2842,37.0324,195.31,7.92875
2021-09-14 08:00:00,26.5075,37.05475,189.65,7.9325
2021-09-14 12:00:00,25.767,36.9775,198.3425,7.934
2021-09-14 16:00:00,24.7913333333333,37.0103333333333,212.753333333333,7.987
2021-09-14 20:00:00,25.38775,36.9995,216.795,7.975
2021-09-15 00:00:00,25.92325,37.0295,195.21,7.936
2021-09-15 04:00:00,26.2454,37.0316,194.954,7.92925
2021-09-15 08:00:00,26.606,37.05875,196.53,7.94425
2021-09-15 12:00:00,25.49975,36.98,198.7775,7.942
2021-09-15 16:00:00,24.7176666666667,37.0076666666667,207.6,7.9505
2021-09-15 20:00:00,25.12,36.98775,206.79,7.977
2021-09-16 00:00:00,26.3,37.05525,198.0175,7.95133333333333
2021-09-16 04:00:00,26.084,37.0154,197.7,7.943
2021-09-16 08:00:00,26.492,37.05925,196.8875,7.94625
2021-09-16 12:00:00,25.619,36.98675,200.99,7.94333333333333
2021-09-16 16:00:00,25.4903333333333,36.966,202.213333333333,7.89
2021-09-16 20:00:00,25.71925,36.963,201.87,7.96366666666667
2021-09-17 00:00:00,26.413,37.061,197.5875,7.941
2021-09-17 04:00:00,26.093,37.0316,193.716,7.93425
2021-09-17 08:00:00,26.727,37.0705,195.62,7.93775
2021-09-17 12:00:00,25.6635,37.004,198.725,7.94266666666667
2021-09-17 16:00:00,25.493,36.9703333333333,200.003333333333,7.94
2021-09-17 20:00:00,25.58375,36.98175,202.385,7.967
2021-09-18 00:00:00,26.24525,37.06025,195.8075,7.938
2021-09-18 04:00:00,26.0778,37.0432,191.068,7.93475
2021-09-18 08:00:00,26.85625,37.0645,194.6275,7.93675
2021-09-18 12:00:00,25.29275,36.98875,203.275,7.93133333333333
2021-09-18 16:00:00,25.4876666666667,36.9706666666667,202.696666666667,7.932
2021-09-18 20:00:00,25.31225,36.99175,206.33,7.969
2021-09-19 00:00:00,26.54,37.072,194.1575,7.93733333333333
2021-09-19 04:00:00,26.075,37.0608,194.328,7.94375
2021-09-19 08:00:00,26.5365,37.0745,195.03,7.9435
2021-09-19 12:00:00,25.3335,36.98975,202.45,7.93533333333333
2021-09-19 16:00:00,25.3013333333333,36.9576666666667,199.523333333333,7.948
2021-09-19 20:00:00,25.355,36.99075,201.8525,7.93966666666667
2021-09-20 00:00:00,26.38,37.04525,197.11,7.937
2021-09-20 04:00:00,26.314,37.0886,196.57,7.9365
2021-09-20 08:00:00,26.6585,37.05175,193.5075,7.937
2021-09-20 12:00:00,25.358,36.986,204.6075,7.938
2021-09-20 16:00:00,25.3923333333333,36.9663333333333,209.743333333333,7.9535
2021-09-20 20:00:00,25.8045,36.96275,202.3475,7.925
2021-09-21 00:00:00,26.33075,37.06075,197.2625,7.925
2021-09-21 04:00:00,26.369,37.0938,193.612,7.93825
2021-09-21 08:00:00,26.61325,37.06475,189.675,7.9335
2021-09-21 12:00:00,25.7395,36.99625,200.325,7.93766666666667
2021-09-21 16:00:00,25.4123333333333,36.9723333333333,204.836666666667,7.942
2021-09-21 20:00:00,25.82125,36.977,200.405,7.9405
2021-09-22 00:00:00,26.17225,37.0785,194.945,7.93933333333333
2021-09-22 04:00:00,26.2788,37.0922,192.928,7.93375
2021-09-22 08:00:00,26.515,37.08475,188.4,7.92875
2021-09-22 12:00:00,26.06275,37.0055,195.6025,7.923
2021-09-22 16:00:00,25.4776666666667,36.956,207.23,7.954
2021-09-22 20:00:00,25.621,36.97375,200.4775,7.9285
2021-09-23 00:00:00,26.06275,37.0625,194.07,7.934
2021-09-23 04:00:00,26.4778,37.0966,192.862,7.93475
2021-09-23 08:00:00,26.473,37.101,186.615,7.9215
2021-09-23 12:00:00,26.1205,37.00575,200.1775,7.94733333333333
2021-09-23 16:00:00,25.365,36.9443333333333,205.193333333333,7.943
2021-09-23 20:00:00,25.449,36.96925,197.4975,7.932
2021-09-24 00:00:00,26.1295,37.0705,192.3975,7.934
2021-09-24 04:00:00,26.3668,37.0818,192.878,7.93525
2021-09-24 08:00:00,26.516,37.13075,194.8475,7.941
2021-09-24 12:00:00,25.94475,36.98375,200.6175,7.93433333333333
2021-09-24 16:00:00,24.9903333333333,36.957,203.586666666667,7.933
2021-09-24 20:00:00,25.561,36.988,204.98,7.96566666666667
2021-09-25 00:00:00,26.186,37.074,194.0325,7.931
2021-09-25 04:00:00,26.2614,37.0884,192.888,7.9325
2021-09-25 08:00:00,26.499,37.13575,191.58,7.936
2021-09-25 12:00:00,25.91325,37.0025,196.89,7.93533333333333
2021-09-25 16:00:00,25.288,36.966,200.003333333333,7.945
2021-09-25 20:00:00,25.67475,37.00475,205.8575,7.94933333333333
2021-09-26 00:00:00,26.30575,37.096,193.67,7.93066666666667
2021-09-26 04:00:00,26.0624,37.103,193.38,7.92175
2021-09-26 08:00:00,26.56375,37.137,190.4375,7.9335
2021-09-26 12:00:00,25.93375,37.021,194.385,7.928
2021-09-26 16:00:00,25.5303333333333,36.9836666666667,202.273333333333,7.9585
2021-09-26 20:00:00,25.55475,36.98,205.1225,7.93733333333333
2021-09-27 00:00:00,26.05425,37.0915,196.555,7.93766666666667
2021-09-27 04:00:00,25.9328,37.092,192.134,7.9355
2021-09-27 08:00:00,26.5135,37.13225,188.7175,7.9335
2021-09-27 12:00:00,25.95475,37.03475,198.91,7.93966666666667
2021-09-27 16:00:00,25.977,36.9896666666667,202.06,7.93
2021-09-27 20:00:00,25.7295,36.98375,201.75,7.936
2021-09-28 00:00:00,25.93775,37.07975,192.5825,7.947
2021-09-28 04:00:00,25.9596,37.1044,191.5,7.935
2021-09-28 08:00:00,26.62,37.12725,191.74,7.93575
2021-09-28 12:00:00,26.295,37.05125,200.7475,7.942
2021-09-28 16:00:00,25.7416666666667,36.987,202.156666666667,7.9485
2021-09-28 20:00:00,25.50425,36.98525,204.4925,7.946
2021-09-29 00:00:00,25.9995,37.10075,196.85,7.95525
2021-09-29 04:00:00,26.1108,37.1134,193.408,7.9305
2021-09-29 08:00:00,26.4425,37.12775,190.815,7.93575
2021-09-29 12:00:00,26.349,37.056,197.6275,7.938
2021-09-29 16:00:00,25.5286666666667,36.9963333333333,198.116666666667,7.9435
2021-09-29 20:00:00,25.68925,36.99225,199.825,7.938
2021-09-30 00:00:00,26.188,37.1225,201.5225,7.9595
2021-09-30 04:00:00,26.1804,37.1284,192.68,7.93625
2021-09-30 08:00:00,26.265,37.1265,191.0475,7.94075
2021-09-30 12:00:00,26.23625,37.061,195.5075,7.93133333333333
2021-09-30 16:00:00,25.6323333333333,37.0206666666667,200.883333333333,7.9435
2021-09-30 20:00:00,26.02275,37.009,201.32,7.938
2021-10-01 00:00:00,26.447,37.061,200.326666666667,7.95766666666667
2021-10-01 04:00:00,25.9838,37.1264,195.038,7.92575
2021-10-01 08:00:00,26.139,37.119,191.4,7.947
2021-10-01 12:00:00,26.5065,37.074,191.0275,7.93433333333333
2021-10-01 16:00:00,25.7116666666667,37.039,205.05,7.9395
2021-10-01 20:00:00,26.113,37.00575,197.945,7.93833333333333
2021-10-02 00:00:00,26.7293333333333,37.0463333333333,196.053333333333,7.94366666666667
2021-10-02 04:00:00,25.8834,37.1214,191.094,7.94875
2021-10-02 08:00:00,26.1145,37.129,190.1425,7.93375
2021-10-02 12:00:00,26.35525,37.0525,195.5275,7.93433333333333
2021-10-02 16:00:00,26.1156666666667,37.0696666666667,203.05,7.941
2021-10-02 20:00:00,25.95025,36.9865,199.755,7.94133333333333
2021-10-03 00:00:00,26.4743333333333,37.0493333333333,198.15,7.94666666666667
2021-10-03 04:00:00,25.9342,37.1354,194.958,7.9584
2021-10-03 08:00:00,26.1315,37.1325,189.15,7.95175
2021-10-03 12:00:00,26.2545,37.069,194.475,7.92
2021-10-03 16:00:00,26.1986666666667,37.076,198.33,7.928
2021-10-03 20:00:00,25.883,37.00975,195.9175,7.932
2021-10-04 00:00:00,26.542,37.0453333333333,195.903333333333,7.94533333333333
2021-10-04 04:00:00,26.179,37.1225,197.4825,7.9595
2021-10-04 08:00:00,26.3975,37.15475,191.7925,7.94275
2021-10-04 12:00:00,26.166,37.07075,195.305,7.94633333333333
2021-10-04 16:00:00,26.1446666666667,37.0853333333333,196.216666666667,7.945
2021-10-04 20:00:00,25.92575,37.022,193.6475,7.926
2021-10-05 00:00:00,26.7026666666667,37.0476666666667,196.383333333333,7.94233333333333
2021-10-05 04:00:00,26.51,37.0526666666667,203.913333333333,7.94266666666667
2021-10-05 08:00:00,26.094,37.14975,191.2525,7.94375
2021-10-05 12:00:00,26.02575,37.061,195.3075,7.95366666666667
2021-10-05 16:00:00,26.5383333333333,37.0923333333333,193.996666666667,7.949
2021-10-05 20:00:00,25.97475,37.03475,199.1125,7.93766666666667
2021-10-06 00:00:00,26.523,37.0563333333333,193.573333333333,7.94333333333333
2021-10-06 04:00:00,26.5036666666667,37.0593333333333,206.113333333333,7.96
2021-10-06 08:00:00,26.07225,37.152,190.6325,7.95
2021-10-06 12:00:00,26.0775,37.0675,192.56,7.93366666666667
2021-10-06 16:00:00,26.2836666666667,37.0536666666667,197.79,7.9295
2021-10-06 20:00:00,26.32275,37.05275,199.915,7.944
2021-10-07 00:00:00,26.6796666666667,37.023,195.04,7.94033333333333
2021-10-07 04:00:00,26.4713333333333,37.0506666666667,197.613333333333,7.94966666666667
2021-10-07 08:00:00,26.16675,37.1685,192.515,7.9495
2021-10-07 12:00:00,26.2255,37.07225,197.6375,7.93333333333333
2021-10-07 16:00:00,26.1093333333333,37.069,194.513333333333,7.931
2021-10-07 20:00:00,26.3455,37.05675,198.14,7.92966666666667
2021-10-08 00:00:00,26.5823333333333,37.0503333333333,190.77,7.937
2021-10-08 04:00:00,26.5546666666667,37.0456666666667,196.883333333333,7.934
2021-10-08 08:00:00,26.3456666666667,37.15,190.606666666667,7.94266666666667
2021-10-08 12:00:00,26.3305,37.09725,192.9175,7.95166666666667
2021-10-08 16:00:00,25.8433333333333,37.0683333333333,200.446666666667,7.9375
2021-10-08 20:00:00,26.28775,37.0625,193.8475,7.93233333333333
2021-10-09 00:00:00,26.4996666666667,37.0596666666667,189.71,7.93
2021-10-09 04:00:00,26.6573333333333,37.0476666666667,199.17,7.949
2021-10-09 08:00:00,26.5925,37.0895,192.775,7.9535
2021-10-09 12:00:00,25.9985,37.0905,197.9275,7.94066666666667
2021-10-09 16:00:00,25.829,37.06,201.453333333333,7.9625
2021-10-09 20:00:00,26.51175,37.07725,195.255,7.93866666666667
2021-10-10 00:00:00,26.517,37.075,195.65,7.934
2021-10-10 04:00:00,26.498,37.0526666666667,195.116666666667,7.92866666666667
2021-10-10 08:00:00,26.6745,37.091,196.745,7.9445
2021-10-10 12:00:00,25.9245,37.08625,192,7.94133333333333
2021-10-10 16:00:00,25.848,37.067,199.153333333333,7.929
2021-10-10 20:00:00,26.436,37.0555,195.7125,7.94166666666667
2021-10-11 00:00:00,26.5473333333333,37.097,195.123333333333,7.943
2021-10-11 04:00:00,26.71,37.023,195.623333333333,7.952
2021-10-11 08:00:00,26.696,37.0855,191.28,7.9365
2021-10-11 12:00:00,25.9875,37.10025,192.64,7.94775
2021-10-11 16:00:00,26.1053333333333,37.075,201.586666666667,7.963
2021-10-11 20:00:00,26.308,37.0585,196.125,7.933
2021-10-12 00:00:00,26.547,37.104,192.486666666667,7.93866666666667
2021-10-12 04:00:00,26.582,37.0493333333333,189.87,7.939
2021-10-12 08:00:00,26.848,37.084,193.425,7.942
2021-10-12 12:00:00,26.13325,37.12325,195.8975,7.95425
2021-10-12 16:00:00,26.2943333333333,37.1106666666667,196.803333333333,7.9435
2021-10-12 20:00:00,26.15275,37.069,197.26,7.94233333333333
2021-10-13 00:00:00,26.7333333333333,37.1146666666667,187.946666666667,7.94166666666667
2021-10-13 04:00:00,26.501,37.0603333333333,192.193333333333,7.93366666666667
2021-10-13 08:00:00,26.8725,37.1,192.58,7.928
2021-10-13 12:00:00,26.5396666666667,37.052,200.113333333333,7.945
2021-10-13 16:00:00,25.8566666666667,37.1033333333333,203.846666666667,7.9585
2021-10-13 20:00:00,26.065,37.06325,196.3,7.93833333333333
2021-10-14 00:00:00,26.6243333333333,37.11,195.936666666667,7.943
2021-10-14 04:00:00,26.5226666666667,37.0766666666667,195.093333333333,7.951
2021-10-14 08:00:00,26.603,37.0865,188.4,7.935
2021-10-14 12:00:00,26.5663333333333,37.065,203.62,7.94833333333333
2021-10-14 16:00:00,25.6973333333333,37.095,196.886666666667,7.949
2021-10-14 20:00:00,26.0445,37.06875,192.1225,7.92
2021-10-15 00:00:00,26.788,37.0946666666667,191.46,7.935
2021-10-15 04:00:00,26.526,37.093,194.48,7.94266666666667
2021-10-15 08:00:00,26.7175,37.072,192.655,7.9405
2021-10-15 12:00:00,26.506,37.0523333333333,198.826666666667,7.94333333333333
2021-10-15 16:00:00,25.6966666666667,37.1083333333333,197.176666666667,7.954
2021-10-15 20:00:00,26.255,37.0735,201.3675,7.97
2021-10-16 00:00:00,26.6133333333333,37.0783333333333,193.496666666667,7.93766666666667
2021-10-16 04:00:00,26.534,37.1043333333333,192.316666666667,7.94166666666667
2021-10-16 08:00:00,26.777,37.084,187.345,7.9385
2021-10-16 12:00:00,26.6343333333333,37.0486666666667,197.746666666667,7.95
2021-10-16 16:00:00,25.9,37.138,198.023333333333,7.95333333333333
2021-10-16 20:00:00,26.35025,37.098,194.1175,7.93533333333333
2021-10-17 00:00:00,26.486,37.089,193.653333333333,7.937
2021-10-17 04:00:00,26.7643333333333,37.115,189.506666666667,7.93766666666667
2021-10-17 08:00:00,26.674,37.0875,187.595,7.9385
2021-10-17 12:00:00,26.4936666666667,37.0523333333333,198.656666666667,7.944
2021-10-17 16:00:00,26.4205,37.048,212.35,7.9595
2021-10-17 20:00:00,26.0025,37.09175,198.115,7.948
2021-10-18 00:00:00,26.3736666666667,37.0836666666667,193.83,7.948
2021-10-18 04:00:00,26.6413333333333,37.108,199.73,7.95633333333333
2021-10-18 08:00:00,26.7035,37.103,191.715,7.9235
2021-10-18 12:00:00,26.3503333333333,37.04,195.343333333333,7.94266666666667
2021-10-18 16:00:00,26.627,37.04,208.57,7.951
2021-10-18 20:00:00,25.94,37.08825,192.285,7.93466666666667
2021-10-19 00:00:00,26.3623333333333,37.0946666666667,188.406666666667,7.935
2021-10-19 04:00:00,26.7543333333333,37.095,190.566666666667,7.94066666666667
2021-10-19 08:00:00,26.6535,37.1085,193.47,7.939
2021-10-19 12:00:00,26.721,37.0276666666667,200.103333333333,7.95466666666667
2021-10-19 16:00:00,26.5325,37.039,204.43,7.9475
2021-10-19 20:00:00,25.935,37.09775,191.78,7.93975
2021-10-20 00:00:00,26.268,37.0843333333333,197.99,7.962
2021-10-20 04:00:00,26.633,37.08,193.64,7.94366666666667
2021-10-20 08:00:00,26.6095,37.112,187.965,7.9325
2021-10-20 12:00:00,26.6136666666667,37.049,195.29,7.943
2021-10-20 16:00:00,26.7425,37.019,200.01,7.9475
2021-10-20 20:00:00,26.1285,37.12375,191.6175,7.956
2021-10-21 00:00:00,26.5873333333333,37.116,193.133333333333,7.93466666666667
2021-10-21 04:00:00,26.4713333333333,37.0856666666667,193.953333333333,7.94533333333333
2021-10-21 08:00:00,26.5365,37.1215,185.95,7.922
2021-10-21 12:00:00,26.5073333333333,37.0606666666667,192.286666666667,7.94033333333333
2021-10-21 16:00:00,26.2495,37.005,203.245,7.9455
2021-10-21 20:00:00,26.5176666666667,37.0486666666667,204.153333333333,7.94766666666667
2021-10-22 00:00:00,26.198,37.1056666666667,195.436666666667,7.93666666666667
2021-10-22 04:00:00,26.387,37.0843333333333,194.596666666667,7.93566666666667
2021-10-22 08:00:00,26.475,37.115,195.215,7.9525
2021-10-22 12:00:00,26.5346666666667,37.0776666666667,196.256666666667,7.94033333333333
2021-10-22 16:00:00,26.2225,36.994,206.735,7.945
2021-10-22 20:00:00,26.6263333333333,37.055,204.996666666667,7.95033333333333
2021-10-23 00:00:00,26.2323333333333,37.1183333333333,187.896666666667,7.937
2021-10-23 04:00:00,26.338,37.092,189.74,7.924
2021-10-23 08:00:00,26.451,37.127,188.715,7.943
2021-10-23 12:00:00,26.4926666666667,37.096,196.313333333333,7.947
2021-10-23 16:00:00,26.905,36.9725,205.855,7.956
2021-10-23 20:00:00,26.5486666666667,37.0513333333333,197.336666666667,7.94433333333333
2021-10-24 00:00:00,26.1886666666667,37.131,188.91,7.93866666666667
2021-10-24 04:00:00,26.3016666666667,37.0876666666667,198.723333333333,7.95866666666667
2021-10-24 08:00:00,26.596,37.1385,190.695,7.9455
2021-10-24 12:00:00,26.5116666666667,37.099,194.563333333333,7.946
2021-10-24 16:00:00,26.6485,36.9975,204.27,7.9555
2021-10-24 20:00:00,26.8383333333333,37.0526666666667,198.636666666667,7.94
2021-10-25 00:00:00,26.345,37.1543333333333,192.376666666667,7.935
2021-10-25 04:00:00,26.5643333333333,37.1183333333333,192.476666666667,7.94566666666667
2021-10-25 08:00:00,26.3575,37.134,192.785,7.9605
2021-10-25 12:00:00,26.7766666666667,37.11,191.266666666667,7.93433333333333
2021-10-25 16:00:00,26.5155,37.015,202.235,7.9395
2021-10-25 20:00:00,26.423,37.0476666666667,198.356666666667,7.94833333333333
2021-10-26 00:00:00,26.6745,37.0895,199.395,7.952
2021-10-26 04:00:00,26.2496666666667,37.1066666666667,195.036666666667,7.93933333333333
2021-10-26 08:00:00,26.1785,37.142,187.245,7.9395
2021-10-26 12:00:00,26.7456666666667,37.1023333333333,196.553333333333,7.934
2021-10-26 16:00:00,26.567,37.0205,203.505,7.95
2021-10-26 20:00:00,26.366,37.0356666666667,196.163333333333,7.942
2021-10-27 00:00:00,26.7345,37.088,198.95,7.949
2021-10-27 04:00:00,26.236,37.1233333333333,188.663333333333,7.94033333333333
2021-10-27 08:00:00,26.0685,37.1565,181.1,7.9515
2021-10-27 12:00:00,26.758,37.099,193.593333333333,7.93666666666667
2021-10-27 16:00:00,26.518,37.0305,202.665,7.9465
2021-10-27 20:00:00,26.875,37.0283333333333,200.71,7.944
2021-10-28 00:00:00,26.761,37.0905,193.365,7.9435
2021-10-28 04:00:00,26.2013333333333,37.1336666666667,192.466666666667,7.942
2021-10-28 08:00:00,26.2135,37.165,197.44,7.928
2021-10-28 12:00:00,26.6936666666667,37.0933333333333,192.706666666667,7.94
2021-10-28 16:00:00,26.575,37.0315,205.005,7.955
2021-10-28 20:00:00,26.632,37.0476666666667,198.91,7.952
2021-10-29 00:00:00,27.0255,37.0895,200.595,7.9495
2021-10-29 04:00:00,26.3503333333333,37.1563333333333,192.183333333333,7.93766666666667
2021-10-29 08:00:00,26.143,37.1675,190.41,7.9495
2021-10-29 12:00:00,26.43,37.0783333333333,196.243333333333,7.95333333333333
2021-10-29 16:00:00,26.9535,37.042,196.44,7.9375
2021-10-29 20:00:00,26.5163333333333,37.061,194.406666666667,7.93733333333333
2021-10-30 00:00:00,26.746,37.088,196.755,7.9365
2021-10-30 04:00:00,26.701,37.089,200.24,7.9435
2021-10-30 08:00:00,26.3315,37.1605,189.5,7.9495
2021-10-30 12:00:00,26.3963333333333,37.0836666666667,191.73,7.93033333333333
2021-10-30 16:00:00,27.057,37.06,195.505,7.9335
2021-10-30 20:00:00,26.5136666666667,37.0753333333333,196.493333333333,7.94
2021-10-31 00:00:00,26.648,37.0825,192.805,7.9265
2021-10-31 04:00:00,26.734,37.089,198.14,7.938
2021-10-31 08:00:00,26.2265,37.166,182.2,7.9305
2021-10-31 12:00:00,26.442,37.095,189.283333333333,7.93433333333333
2021-10-31 16:00:00,27.116,37.043,199.335,7.922
2021-10-31 20:00:00,26.4513333333333,37.0956666666667,198.31,7.94166666666667
2021-11-01 00:00:00,26.8575,37.075,201.34,7.9525
2021-11-01 04:00:00,26.804,37.093,195.99,7.952
2021-11-01 08:00:00,26.217,37.168,185.16,7.924
2021-11-01 12:00:00,26.3293333333333,37.091,200.686666666667,7.94066666666667
2021-11-01 16:00:00,26.955,37.027,200.58,7.9475
2021-11-01 20:00:00,26.499,37.1,194.523333333333,7.94466666666667
2021-11-02 00:00:00,26.8225,37.0825,193.7,7.936
2021-11-02 04:00:00,27.0205,37.0935,200.335,7.9515
2021-11-02 08:00:00,26.255,37.1745,188.04,7.954
2021-11-02 12:00:00,26.5436666666667,37.1216666666667,191.26,7.92833333333333
2021-11-02 16:00:00,26.823,37.016,197.135,7.938
2021-11-02 20:00:00,26.7843333333333,37.1046666666667,192.683333333333,7.93933333333333
2021-11-03 00:00:00,26.7355,37.09,193.05,7.935
2021-11-03 04:00:00,26.7855,37.0875,198.54,7.9375
2021-11-03 08:00:00,26.893,37.074,197.12,7.943
2021-11-03 12:00:00,26.2523333333333,37.1063333333333,196.75,7.95733333333333
2021-11-03 16:00:00,26.8575,37.0195,198.62,7.9605
2021-11-03 20:00:00,26.8103333333333,37.1083333333333,195.856666666667,7.94333333333333
2021-11-04 00:00:00,26.682,37.101,191.39,7.9255
2021-11-04 04:00:00,26.488,37.0705,194.285,7.939
2021-11-04 08:00:00,26.842,37.082,196.44,7.941
2021-11-04 12:00:00,26.2606666666667,37.1206666666667,189.31,7.93433333333333
2021-11-04 16:00:00,26.929,37.0225,194.455,7.9375
2021-11-04 20:00:00,26.787,37.1003333333333,193.286666666667,7.93433333333333
2021-11-05 00:00:00,26.598,37.1085,196.705,7.9395
2021-11-05 04:00:00,26.8885,37.0785,200.3,7.945
2021-11-05 08:00:00,26.741,37.103,196.93,7.944
2021-11-05 12:00:00,26.233,37.1333333333333,192.873333333333,7.94433333333333
2021-11-05 16:00:00,26.5975,37.001,199.265,7.9445
2021-11-05 20:00:00,26.658,37.0946666666667,193.136666666667,7.931
2021-11-06 00:00:00,26.615,37.111,189.155,7.9365
2021-11-06 04:00:00,26.7675,37.0775,192.835,7.94
2021-11-06 08:00:00,27.024,37.117,201.57,7.934
2021-11-06 12:00:00,26.3496666666667,37.154,192.383333333333,7.94166666666667
2021-11-06 16:00:00,26.959,37.0475,191.525,7.9345
2021-11-06 20:00:00,26.4086666666667,37.0783333333333,194.976666666667,7.94566666666667
2021-11-07 00:00:00,26.588,37.123,191.33,7.9445
2021-11-07 04:00:00,26.7375,37.087,193.42,7.9415
2021-11-07 08:00:00,27.084,37.136,196.8,7.916
2021-11-07 12:00:00,26.817,37.089,200.08,7.9465
2021-11-07 16:00:00,26.4635,37.0265,203.135,7.9445
2021-11-07 20:00:00,26.405,37.0853333333333,195.613333333333,7.95433333333333
2021-11-08 00:00:00,26.506,37.1165,195.49,7.9395
2021-11-08 04:00:00,26.686,37.1025,189.645,7.943
2021-11-08 08:00:00,26.728,37.133,181.18,7.918
2021-11-08 12:00:00,26.7265,37.0895,198.035,7.9305
2021-11-08 16:00:00,26.495,37.0445,193.16,7.937
2021-11-08 20:00:00,26.4553333333333,37.0963333333333,195.49,7.94233333333333
2021-11-09 00:00:00,26.621,37.1315,192.58,7.9405
2021-11-09 04:00:00,26.597,37.109,195.45,7.952
2021-11-09 08:00:00,26.783,37.136,197.79,7.944
2021-11-09 12:00:00,26.8405,37.0975,197.22,7.944
2021-11-09 16:00:00,26.578,37.083,195.625,7.9335
2021-11-09 20:00:00,26.2873333333333,37.091,200.81,7.95233333333333
2021-11-10 00:00:00,26.6215,37.1475,192.73,7.942
2021-11-10 04:00:00,26.6125,37.1115,189.685,7.926
2021-11-10 08:00:00,26.665,37.141,190.76,7.941
2021-11-10 12:00:00,27.09,37.0935,200.39,7.9415
2021-11-10 16:00:00,26.7095,37.0905,194.045,7.9445
2021-11-10 20:00:00,26.5796666666667,37.1206666666667,191.923333333333,7.939
2021-11-11 00:00:00,26.3235,37.1305,193.185,7.931
2021-11-11 04:00:00,26.5915,37.1235,192.52,7.9495
2021-11-11 08:00:00,26.637,37.165,189.58,7.949
2021-11-11 12:00:00,26.8275,37.0915,199.5,7.94
2021-11-11 16:00:00,26.8015,37.092,197.695,7.9505
2021-11-11 20:00:00,26.278,37.1083333333333,196.883333333333,7.94133333333333
2021-11-12 00:00:00,26.2045,37.1465,193.82,7.9415
2021-11-12 04:00:00,26.5315,37.1165,195.005,7.9335
2021-11-12 08:00:00,26.461,37.191,181.36,7.921
2021-11-12 12:00:00,26.4415,37.0645,193.985,7.923
2021-11-12 16:00:00,26.7265,37.0895,197.925,7.9455
2021-11-12 20:00:00,26.2693333333333,37.125,190.78,7.94133333333333
2021-11-13 00:00:00,26.161,37.156,195.405,7.9395
2021-11-13 04:00:00,26.6535,37.1335,196.17,7.943
2021-11-13 08:00:00,26.415,37.232,190.15,7.942
2021-11-13 12:00:00,26.9125,37.0795,201.915,7.9495
2021-11-13 16:00:00,26.8345,37.096,199.185,7.945
2021-11-13 20:00:00,26.3016666666667,37.1416666666667,195.68,7.95733333333333
2021-11-14 00:00:00,26.2435,37.1595,199.435,7.96
2021-11-14 04:00:00,26.67,37.147,194.62,7.9285
2021-11-14 08:00:00,26.5,37.235,179.48,7.918
2021-11-14 12:00:00,26.7435,37.076,194.565,7.9495
2021-11-14 16:00:00,27.094,37.0945,200.075,7.951
2021-11-14 20:00:00,26.701,37.0905,197.285,7.953
2021-11-15 00:00:00,26.2295,37.168,191.475,7.9465
2021-11-15 04:00:00,26.3365,37.1345,192.695,7.943
2021-11-15 08:00:00,26.534,37.23,189.62,7.925
2021-11-15 12:00:00,26.746,37.091,195.84,7.9365
2021-11-15 16:00:00,26.8505,37.0925,198.805,7.9295
2021-11-15 20:00:00,26.7695,37.0895,198.15,7.9445
2021-11-16 00:00:00,26.4025,37.1645,193.55,7.941
2021-11-16 04:00:00,26.219,37.147,194.67,7.943
2021-11-16 08:00:00,26.386,37.195,193.37,7.958
2021-11-16 12:00:00,26.6615,37.104,189.1,7.931
2021-11-16 16:00:00,26.4155,37.0645,197.62,7.938
2021-11-16 20:00:00,26.7115,37.09,197.44,7.943
2021-11-17 00:00:00,26.3275,37.166,187.235,7.956
2021-11-17 04:00:00,26.158,37.156,193.765,7.9355
2021-11-17 08:00:00,26.408,37.236,195.09,7.936
2021-11-17 12:00:00,26.6205,37.1125,195.72,7.9445
2021-11-17 16:00:00,26.892,37.078,201.205,7.948
2021-11-17 20:00:00,26.8215,37.096,198.44,7.9475
2021-11-18 00:00:00,26.3745,37.165,197.54,7.9465
2021-11-18 04:00:00,26.251,37.1605,198.16,7.9535
2021-11-18 08:00:00,26.083,37.208,186.04,7.942
2021-11-18 12:00:00,26.6185,37.1105,189.335,7.929
2021-11-18 16:00:00,26.738,37.0765,193.485,7.938
2021-11-18 20:00:00,27.0785,37.095,200.555,7.9465
2021-11-19 00:00:00,26.865,37.068,192.86,7.941
2021-11-19 04:00:00,26.251,37.166,192.57,7.939
2021-11-19 08:00:00,25.659,37.204,190.96,7.929
2021-11-19 12:00:00,26.575,37.1235,191.825,7.945
2021-11-19 16:00:00,26.752,37.0955,196.345,7.946
2021-11-19 20:00:00,26.857,37.0875,196.59,7.929
2021-11-20 00:00:00,26.648,37.062,195.69,7.935
2021-11-20 04:00:00,26.413,37.1645,193.29,7.96
2021-11-20 08:00:00,25.606,37.224,199.13,7.964
2021-11-20 12:00:00,26.486,37.116,194.98,7.931
2021-11-20 16:00:00,26.653,37.1035,188.47,7.934
2021-11-20 20:00:00,26.4035,37.063,196.64,7.9495
2021-11-21 00:00:00,26.81,37.081,195.15,7.939
2021-11-21 04:00:00,26.3155,37.1665,188.815,7.9315
2021-11-21 08:00:00,25.545,37.239,198.45,7.953
2021-11-21 12:00:00,26.7315,37.147,198.79,7.947
2021-11-21 16:00:00,26.6425,37.112,195.935,7.947
2021-11-21 20:00:00,26.8785,37.0795,200.15,7.947
2021-11-22 00:00:00,26.655,37.089,196.79,7.943
2021-11-22 04:00:00,26.3585,37.163,198.63,7.9475
2021-11-22 08:00:00,25.798,37.267,196.83,7.938
2021-11-22 12:00:00,26.631,37.154,197.58,7.9355
2021-11-22 16:00:00,26.605,37.1115,191.02,7.9395
2021-11-22 20:00:00,26.739,37.08,191.625,7.9305
2021-11-23 00:00:00,27.074,37.123,200.33,7.933
2021-11-23 04:00:00,26.833,37.07,190.52,7.94
2021-11-23 08:00:00,26.072,37.27,199.67,7.948
2021-11-23 12:00:00,26.3265,37.1335,193.05,7.9435
2021-11-23 16:00:00,26.512,37.1165,193.34,7.926
2021-11-23 20:00:00,26.7385,37.096,195.66,7.9475
2021-11-24 00:00:00,26.953,37.131,196.07,7.942
2021-11-24 04:00:00,26.692,37.063,193.7,7.93
2021-11-24 08:00:00,26.062,37.279,194.97,7.951
2021-11-24 12:00:00,26.22,37.1485,195.535,7.9365
2021-11-24 16:00:00,26.434,37.1145,196.76,7.947
2021-11-24 20:00:00,26.6415,37.103,187.905,7.9305
2021-11-25 00:00:00,26.654,37.125,189.05,7.94
2021-11-25 04:00:00,26.737,37.083,193.92,7.939
2021-11-25 08:00:00,25.926,37.274,189.28,7.953
2021-11-25 12:00:00,26.146,37.157,190.835,7.9345
2021-11-25 16:00:00,26.7025,37.1445,201.47,7.954
2021-11-25 20:00:00,26.6505,37.113,195.305,7.9455
2021-11-26 00:00:00,26.743,37.139,195.61,7.936
2021-11-26 04:00:00,26.627,37.097,197.17,7.945
2021-11-26 08:00:00,26.085,37.277,199.93,7.945
2021-11-26 12:00:00,26.255,37.1605,196.745,7.968
2021-11-26 16:00:00,26.5475,37.1525,200.41,7.9585
2021-11-26 20:00:00,26.609,37.1115,190.195,7.928
2021-11-27 00:00:00,26.653,37.146,186.39,7.924
2021-11-27 04:00:00,27.074,37.124,199.93,7.941
2021-11-27 12:00:00,26.3015,37.1685,191.47,7.9535
2021-11-27 16:00:00,26.3005,37.136,193.055,7.9415
2021-11-27 20:00:00,26.5005,37.1175,193.245,7.92
2021-11-28 00:00:00,26.63,37.165,191.24,7.932
2021-11-28 04:00:00,26.859,37.128,196.19,7.945
2021-11-28 12:00:00,26.3605,37.1645,194.775,7.931
2021-11-28 16:00:00,26.213,37.147,194.22,7.9385
2021-11-28 20:00:00,26.4285,37.115,195.765,7.9455
2021-11-29 00:00:00,26.463,37.187,178.01,7.914
2021-11-29 04:00:00,26.65,37.125,189.19,7.939
2021-11-29 12:00:00,26.4645,37.1705,190.735,7.9445
2021-11-29 16:00:00,26.128,37.158,190.615,7.9315
2021-11-29 20:00:00,26.7205,37.15,201.29,7.9375
2021-11-30 00:00:00,26.513,37.233,190.84,7.944
2021-11-30 04:00:00,26.739,37.139,195.3,7.954
2021-11-30 12:00:00,26.4325,37.167,196.7,7.9445
2021-11-30 16:00:00,26.2425,37.1615,196.01,7.977
2021-11-30 20:00:00,26.52,37.152,198.405,7.9465
2021-12-01 00:00:00,26.518,37.232,181.27,7.933
2021-12-01 04:00:00,26.643,37.146,184.97,7.927
2021-12-01 12:00:00,26.759,37.066,187.09,7.949
2021-12-01 16:00:00,26.307,37.167,191.915,7.9315
2021-12-01 20:00:00,26.285,37.1345,193.32,7.9475
2021-12-02 00:00:00,26.442,37.224,191.67,7.95
2021-12-02 04:00:00,26.614,37.164,189.28,7.921
2021-12-02 12:00:00,26.702,37.065,192.76,7.949
2021-12-02 16:00:00,26.359,37.1665,194.575,7.948
2021-12-02 20:00:00,26.1985,37.1475,191.77,7.936
2021-12-03 00:00:00,26.287,37.198,197.61,7.939
2021-12-03 04:00:00,26.461,37.19,178.62,7.923
2021-12-03 12:00:00,26.653,37.08,191.59,7.937
2021-12-03 16:00:00,26.4305,37.169,193.525,7.9435
2021-12-03 20:00:00,26.115,37.1585,188.46,7.925
2021-12-04 00:00:00,26.481,37.247,200.55,7.964
2021-12-04 04:00:00,26.489,37.234,190.67,7.939
2021-12-04 12:00:00,26.652,37.098,196.04,7.937
2021-12-04 16:00:00,26.409,37.1665,193.215,7.94
2021-12-04 20:00:00,26.236,37.1605,194.76,7.9525
2021-12-05 00:00:00,25.858,37.229,198.93,7.962
2021-12-05 04:00:00,26.489,37.229,181.84,7.939
2021-12-05 12:00:00,27.008,37.125,195.92,7.955
2021-12-05 16:00:00,26.752,37.068,186.81,7.926
2021-12-05 20:00:00,26.317,37.168,192.02,7.9435
2021-12-06 00:00:00,25.613,37.204,195.64,7.941
2021-12-06 04:00:00,26.383,37.213,192.19,7.968
2021-12-06 12:00:00,26.738,37.123,199.92,7.949
2021-12-06 16:00:00,26.716,37.07,192.49,7.936
2021-12-06 20:00:00,26.381,37.1685,195.63,7.962
2021-12-07 00:00:00,25.604,37.222,196.52,7.943
2021-12-07 04:00:00,26.264,37.201,195.14,7.934
2021-12-07 12:00:00,26.629,37.126,189.45,7.924
2021-12-07 16:00:00,26.597,37.08,188.76,7.916
2021-12-07 20:00:00,26.3955,37.167,194.395,7.9505
2021-12-08 00:00:00,25.521,37.239,197.07,7.942
2021-12-08 04:00:00,26.451,37.243,199.55,7.941
2021-12-08 12:00:00,26.703,37.139,193.78,7.946
2021-12-08 16:00:00,26.629,37.099,195.83,7.941
2021-12-08 20:00:00,26.3185,37.1655,192.16,7.962
2021-12-09 00:00:00,25.803,37.265,193.67,7.937
2021-12-09 04:00:00,25.828,37.227,197.65,7.947
2021-12-09 12:00:00,26.623,37.148,186.28,7.939
2021-12-09 16:00:00,26.979,37.126,195.02,7.936
2021-12-09 20:00:00,26.708,37.065,186.46,7.945
2021-12-10 00:00:00,26.132,37.274,202.07,7.958
2021-12-10 04:00:00,25.605,37.204,194.63,7.945
2021-12-10 12:00:00,26.59,37.167,187.7,7.938
2021-12-10 16:00:00,26.737,37.124,199.53,7.963
2021-12-10 20:00:00,26.682,37.07,191.49,7.949
2021-12-11 00:00:00,26.079,37.277,198.17,7.957
2021-12-11 04:00:00,25.599,37.23,198.22,7.93
2021-12-11 12:00:00,26.431,37.191,181.4,7.926
2021-12-11 16:00:00,26.617,37.127,188.38,7.933
2021-12-11 20:00:00,26.566,37.076,188.08,7.932
2021-12-12 00:00:00,25.837,37.263,196.65,7.95
2021-12-12 04:00:00,25.513,37.238,193.81,7.961
2021-12-12 12:00:00,26.478,37.233,187.49,7.953
2021-12-12 16:00:00,26.683,37.139,190.29,7.923
2021-12-12 20:00:00,26.613,37.098,192.77,7.93
2021-12-13 00:00:00,25.981,37.264,199.29,7.957
2021-12-13 04:00:00,25.743,37.262,192.83,7.951
2021-12-13 12:00:00,26.453,37.226,180.04,7.933
2021-12-13 16:00:00,26.613,37.148,185.22,7.93
2021-12-13 20:00:00,26.975,37.126,191.43,7.935
2021-12-14 04:00:00,26.09,37.274,200.93,7.962
2021-12-14 12:00:00,26.387,37.218,191.14,7.956
2021-12-14 16:00:00,26.586,37.167,185.45,7.936
2021-12-14 20:00:00,26.743,37.131,194.5,7.961
2021-12-15 04:00:00,26.052,37.277,197.16,7.968
2021-12-15 12:00:00,26.221,37.202,191.34,7.956
2021-12-15 16:00:00,26.384,37.197,186.77,7.922
2021-12-15 20:00:00,26.6,37.126,186.7,7.942
2021-12-16 04:00:00,25.812,37.265,195.13,7.972
2021-12-16 12:00:00,26.356,37.243,196.66,7.935
2021-12-16 16:00:00,26.47,37.232,187.13,7.949
2021-12-16 20:00:00,26.672,37.139,188.55,7.943
2021-12-17 04:00:00,25.975,37.274,199.11,7.971
2021-12-17 12:00:00,25.775,37.23,196.32,7.956
2021-12-17 16:00:00,26.51,37.233,179.12,7.942
2021-12-17 20:00:00,26.562,37.146,177.65,7.908
2021-12-18 12:00:00,25.58,37.206,192.36,7.939
2021-12-18 16:00:00,26.381,37.217,191.27,7.946
2021-12-18 20:00:00,26.58,37.168,184.5,7.922
2021-12-19 12:00:00,25.556,37.23,196.33,7.976
2021-12-19 16:00:00,26.2,37.203,189.38,7.942
2021-12-19 20:00:00,26.358,37.202,184.68,7.924
2021-12-20 12:00:00,25.512,37.239,193.68,7.938
2021-12-20 16:00:00,26.317,37.243,196.55,7.965
2021-12-20 20:00:00,26.462,37.233,186.59,7.934
2021-12-21 12:00:00,25.7,37.262,193.45,7.919
2021-12-21 16:00:00,25.745,37.232,197.54,7.959
2021-12-21 20:00:00,26.441,37.226,180.32,7.937
2021-12-22 12:00:00,26.023,37.271,198.93,7.951
2021-12-22 16:00:00,25.563,37.203,190.59,7.953
2021-12-22 20:00:00,26.365,37.218,188.95,7.935
2021-12-23 12:00:00,25.99,37.274,192.98,7.945
2021-12-23 16:00:00,25.477,37.227,197.51,7.915
2021-12-23 20:00:00,26.177,37.204,190.16,7.997
2021-12-24 12:00:00,25.759,37.263,193.52,7.957
2021-12-24 16:00:00,25.506,37.237,192.74,7.95
2021-12-24 20:00:00,26.281,37.241,192.91,7.96
2021-12-25 12:00:00,25.929,37.277,198.54,7.971
2021-12-25 16:00:00,25.707,37.263,194.24,7.993
2021-12-25 20:00:00,25.717,37.233,196.3,7.962
2021-12-26 16:00:00,25.981,37.268,199.41,7.972
2021-12-26 20:00:00,25.547,37.205,190.06,7.955
2021-12-27 16:00:00,25.963,37.271,190.87,7.991
2021-12-27 20:00:00,25.459,37.229,197.08,7.953
2021-12-28 16:00:00,25.727,37.264,192.28,7.943
2021-12-28 20:00:00,25.501,37.237,191.18,7.942
2021-12-29 16:00:00,25.895,37.278,197.21,7.952
2021-12-29 20:00:00,25.684,37.264,193.89,7.962
2021-12-30 20:00:00,25.946,37.265,195.83,7.947
2021-12-31 20:00:00,25.926,37.273,190.2,7.928
2022-01-01 20:00:00,25.713,37.264,192.23,7.959
2022-01-02 20:00:00,25.863,37.276,195.87,7.997
